E2_site,site,domain,entropy,neff,ndet,wildtype,chk11_posdiffsel,chk152_posdiffsel,chk265_posdiffsel,mutant,preference,epitope,mutdiffsel_11,mutdiffsel_152,mutdiffsel_265,MERGE_AA_p62,ndet_site,wtvsmarco
7,71,E2: N Link,2.826109698,16.87966592,11,N,1.697010962,0.759569343,2.042981484,A,5.37E-05,1,3.48E-05,-0.000228827,0.000125895,71 A,0,-0.300442447
7,71,E2: N Link,2.826109698,16.87966592,11,N,1.697010962,0.759569343,2.042981484,C,0.034879779,1,0.141080594,-1.1494774,0.153408239,71 C,1,1.250373029
7,71,E2: N Link,2.826109698,16.87966592,11,N,1.697010962,0.759569343,2.042981484,D,0.056565033,1,-1.669634283,-0.58949343,-0.243377335,71 D,1,2.580562191
7,71,E2: N Link,2.826109698,16.87966592,11,N,1.697010962,0.759569343,2.042981484,E,0.032940932,1,-2.071820414,-4.673337576,-0.224559994,71 E,1,0.149627118
7,71,E2: N Link,2.826109698,16.87966592,11,N,1.697010962,0.759569343,2.042981484,F,0.048510092,1,3.48E-05,-0.000228827,0.000125895,71 F,0,0.599803518
7,71,E2: N Link,2.826109698,16.87966592,11,N,1.697010962,0.759569343,2.042981484,G,0.107831796,1,0.259201918,-2.501836918,0.653259332,71 G,1,0.807706389
7,71,E2: N Link,2.826109698,16.87966592,11,N,1.697010962,0.759569343,2.042981484,H,0.045279242,1,3.48E-05,-0.000228827,0.000125895,71 H,0,1.873626703
7,71,E2: N Link,2.826109698,16.87966592,11,N,1.697010962,0.759569343,2.042981484,I,0.04449673,1,3.48E-05,-0.000228827,0.000125895,71 I,0,0.28187149
7,71,E2: N Link,2.826109698,16.87966592,11,N,1.697010962,0.759569343,2.042981484,K,0.04948108,1,3.48E-05,-0.000228827,0.000125895,71 K,0,1.626434385
7,71,E2: N Link,2.826109698,16.87966592,11,N,1.697010962,0.759569343,2.042981484,L,0.02335969,1,1.063953264,0.429520321,0.857720995,71 L,1,0.560549111
7,71,E2: N Link,2.826109698,16.87966592,11,N,1.697010962,0.759569343,2.042981484,M,0.049226859,1,3.48E-05,-0.000228827,0.000125895,71 M,0,0.581779775
7,71,E2: N Link,2.826109698,16.87966592,11,N,1.697010962,0.759569343,2.042981484,N,0.081218105,1,NA,NA,NA,71 N,1,0
7,71,E2: N Link,2.826109698,16.87966592,11,N,1.697010962,0.759569343,2.042981484,P,0.048786273,1,3.48E-05,-0.000228827,0.000125895,71 P,1,0.909372047
7,71,E2: N Link,2.826109698,16.87966592,11,N,1.697010962,0.759569343,2.042981484,Q,0.091962904,1,0.148371089,0.330049022,0.361322054,71 Q,1,-0.135061572
7,71,E2: N Link,2.826109698,16.87966592,11,N,1.697010962,0.759569343,2.042981484,R,0.045325685,1,-0.764918754,-1.338847949,-0.702124854,71 R,1,-0.117259319
7,71,E2: N Link,2.826109698,16.87966592,11,N,1.697010962,0.759569343,2.042981484,S,0.080065974,1,0.084056207,-0.383783467,0.016011909,71 S,1,0.424341459
7,71,E2: N Link,2.826109698,16.87966592,11,N,1.697010962,0.759569343,2.042981484,T,0.051183618,1,3.48E-05,-0.000228827,0.000125895,71 T,0,1.866409682
7,71,E2: N Link,2.826109698,16.87966592,11,N,1.697010962,0.759569343,2.042981484,V,0.054195189,1,-0.516287975,-0.221093009,-0.808155604,71 V,1,0.223346196
7,71,E2: N Link,2.826109698,16.87966592,11,N,1.697010962,0.759569343,2.042981484,W,0.000186754,1,3.48E-05,-0.000228827,0.000125895,71 W,0,0.104954258
7,71,E2: N Link,2.826109698,16.87966592,11,N,1.697010962,0.759569343,2.042981484,Y,0.05445055,1,3.48E-05,-0.000228827,0.000125895,71 Y,0,0.103122723
8,72,E2: N Link,1.311813083,3.71289941,15,V,2.52812873,0.91644639,1.705922041,A,0.023036597,1,-0.030995737,0.172369237,0.11297175,72 A,1,0.151102557
8,72,E2: N Link,1.311813083,3.71289941,15,V,2.52812873,0.91644639,1.705922041,C,0.013583323,1,0.553305955,-0.691167844,0.446807597,72 C,1,0.413333568
8,72,E2: N Link,1.311813083,3.71289941,15,V,2.52812873,0.91644639,1.705922041,D,2.54E-05,1,-0.001185311,-0.002192205,-0.00109266,72 D,0,-0.618202141
8,72,E2: N Link,1.311813083,3.71289941,15,V,2.52812873,0.91644639,1.705922041,E,0.022556386,1,-0.014663282,-2.599359649,-0.191292017,72 E,1,0.55955112
8,72,E2: N Link,1.311813083,3.71289941,15,V,2.52812873,0.91644639,1.705922041,F,1.66E-05,1,-0.001185311,-0.002192205,-0.00109266,72 F,0,0.766669809
8,72,E2: N Link,1.311813083,3.71289941,15,V,2.52812873,0.91644639,1.705922041,G,0.018347683,1,0.519009602,-0.053006727,0.289753713,72 G,1,0.143782336
8,72,E2: N Link,1.311813083,3.71289941,15,V,2.52812873,0.91644639,1.705922041,H,2.13E-05,1,-0.001185311,-0.002192205,-0.00109266,72 H,0,-1.737831515
8,72,E2: N Link,1.311813083,3.71289941,15,V,2.52812873,0.91644639,1.705922041,I,0.062604312,1,-0.174198282,-0.572486706,-0.219879491,72 I,1,0.249667591
8,72,E2: N Link,1.311813083,3.71289941,15,V,2.52812873,0.91644639,1.705922041,K,1.69E-05,1,-0.001185311,-0.002192205,-0.00109266,72 K,0,-0.66026161
8,72,E2: N Link,1.311813083,3.71289941,15,V,2.52812873,0.91644639,1.705922041,L,1.94E-05,1,-0.001185311,-0.002192205,-0.00109266,72 L,0,-0.179065667
8,72,E2: N Link,1.311813083,3.71289941,15,V,2.52812873,0.91644639,1.705922041,M,0.709028341,1,-0.836882029,-1.055201303,-0.699369241,72 M,1,0.19385428
8,72,E2: N Link,1.311813083,3.71289941,15,V,2.52812873,0.91644639,1.705922041,N,0.021237899,1,0.727896071,-3.033677784,0.280331226,72 N,1,-1.641729648
8,72,E2: N Link,1.311813083,3.71289941,15,V,2.52812873,0.91644639,1.705922041,P,0.004645256,1,0.490649581,-3.425737685,-0.193876264,72 P,1,1.927378297
8,72,E2: N Link,1.311813083,3.71289941,15,V,2.52812873,0.91644639,1.705922041,Q,0.004261239,1,-0.001185311,-0.002192205,-0.00109266,72 Q,1,1.310579362
8,72,E2: N Link,1.311813083,3.71289941,15,V,2.52812873,0.91644639,1.705922041,R,0.032824373,1,-0.171867268,-0.656427126,-0.076025582,72 R,1,-0.292268274
8,72,E2: N Link,1.311813083,3.71289941,15,V,2.52812873,0.91644639,1.705922041,S,0.004989891,1,0.237267521,0.040264317,0.359859301,72 S,1,1.371766938
8,72,E2: N Link,1.311813083,3.71289941,15,V,2.52812873,0.91644639,1.705922041,T,0.020008328,1,-0.370960405,-0.117677133,-0.250593912,72 T,1,-0.317342478
8,72,E2: N Link,1.311813083,3.71289941,15,V,2.52812873,0.91644639,1.705922041,V,0.023451922,1,NA,NA,NA,72 V,1,0
8,72,E2: N Link,1.311813083,3.71289941,15,V,2.52812873,0.91644639,1.705922041,W,0.020955053,1,-0.173806678,0.523918458,-0.207698425,72 W,1,-2.380836533
8,72,E2: N Link,1.311813083,3.71289941,15,V,2.52812873,0.91644639,1.705922041,Y,0.018369793,1,-0.19010397,0.179894378,0.216198453,72 Y,1,1.913944054
9,73,E2: N Link,2.247883194,9.467673385,8,Y,0.702924947,4.208173659,0.333471812,A,0.043845134,1,-0.188337336,0.437943344,-0.364124637,73 A,1,1.384132409
9,73,E2: N Link,2.247883194,9.467673385,8,Y,0.702924947,4.208173659,0.333471812,C,0.119001228,1,-0.477655921,-2.531146947,-2.097536097,73 C,1,-0.630376835
9,73,E2: N Link,2.247883194,9.467673385,8,Y,0.702924947,4.208173659,0.333471812,D,0.050881608,1,-9.75E-05,0.000524758,-0.000175462,73 D,0,1.616968837
9,73,E2: N Link,2.247883194,9.467673385,8,Y,0.702924947,4.208173659,0.333471812,E,0.03283379,1,-9.75E-05,0.000524758,-0.000175462,73 E,1,1.964358388
9,73,E2: N Link,2.247883194,9.467673385,8,Y,0.702924947,4.208173659,0.333471812,F,0.050051115,1,-9.75E-05,0.000524758,-0.000175462,73 F,0,-0.949473346
9,73,E2: N Link,2.247883194,9.467673385,8,Y,0.702924947,4.208173659,0.333471812,G,0.051414519,1,-0.043644693,0.250826139,0.222450271,73 G,1,1.144541043
9,73,E2: N Link,2.247883194,9.467673385,8,Y,0.702924947,4.208173659,0.333471812,H,0.231009094,1,-0.365192419,1.127549489,-0.331719361,73 H,1,0.406301457
9,73,E2: N Link,2.247883194,9.467673385,8,Y,0.702924947,4.208173659,0.333471812,I,0.000292915,1,-9.75E-05,0.000524758,-0.000175462,73 I,0,-1.210088442
9,73,E2: N Link,2.247883194,9.467673385,8,Y,0.702924947,4.208173659,0.333471812,K,0.000148046,1,-9.75E-05,0.000524758,-0.000175462,73 K,0,-0.679068473
9,73,E2: N Link,2.247883194,9.467673385,8,Y,0.702924947,4.208173659,0.333471812,L,0.019269798,1,0.702924947,-2.024319341,0.111021541,73 L,1,-0.265783483
9,73,E2: N Link,2.247883194,9.467673385,8,Y,0.702924947,4.208173659,0.333471812,M,0.000175509,1,-9.75E-05,0.000524758,-0.000175462,73 M,0,-0.007007601
9,73,E2: N Link,2.247883194,9.467673385,8,Y,0.702924947,4.208173659,0.333471812,N,0.049156265,1,-9.75E-05,0.000524758,-0.000175462,73 N,0,-0.191385108
9,73,E2: N Link,2.247883194,9.467673385,8,Y,0.702924947,4.208173659,0.333471812,P,0.052782439,1,-9.75E-05,0.000524758,-0.000175462,73 P,0,0.380851966
9,73,E2: N Link,2.247883194,9.467673385,8,Y,0.702924947,4.208173659,0.333471812,Q,0.000237145,1,-9.75E-05,0.000524758,-0.000175462,73 Q,0,3.874987461
9,73,E2: N Link,2.247883194,9.467673385,8,Y,0.702924947,4.208173659,0.333471812,R,0.000177248,1,-9.75E-05,0.000524758,-0.000175462,73 R,0,0.607738521
9,73,E2: N Link,2.247883194,9.467673385,8,Y,0.702924947,4.208173659,0.333471812,S,0.000274044,1,-9.75E-05,0.000524758,-0.000175462,73 S,0,-0.048847005
9,73,E2: N Link,2.247883194,9.467673385,8,Y,0.702924947,4.208173659,0.333471812,T,0.000173053,1,-9.75E-05,0.000524758,-0.000175462,73 T,0,-0.398429226
9,73,E2: N Link,2.247883194,9.467673385,8,Y,0.702924947,4.208173659,0.333471812,V,9.67E-05,1,-9.75E-05,2.262305736,-0.000175462,73 V,0,0.929280895
9,73,E2: N Link,2.247883194,9.467673385,8,Y,0.702924947,4.208173659,0.333471812,W,0.115721841,1,-0.01629097,0.123251855,-0.359523244,73 W,1,1.922607244
9,73,E2: N Link,2.247883194,9.467673385,8,Y,0.702924947,4.208173659,0.333471812,Y,0.182458551,1,NA,NA,NA,73 Y,1,0
10,74,E2: N Link,2.234607515,9.342814217,5,K,6.092647973,3.245728675,0.571534039,A,0.000189006,1,0.000197297,-6.05E-05,2.51E-05,74 A,0,-0.402734364
10,74,E2: N Link,2.234607515,9.342814217,5,K,6.092647973,3.245728675,0.571534039,C,0.000337907,1,-2.526932691,0.609721138,-4.877124814,74 C,0,-0.112084636
10,74,E2: N Link,2.234607515,9.342814217,5,K,6.092647973,3.245728675,0.571534039,D,0.000430233,1,0.000197297,-6.05E-05,2.51E-05,74 D,0,-0.183174347
10,74,E2: N Link,2.234607515,9.342814217,5,K,6.092647973,3.245728675,0.571534039,E,0.063899131,1,-0.080636746,-1.607317441,0.251928664,74 E,1,0.414067182
10,74,E2: N Link,2.234607515,9.342814217,5,K,6.092647973,3.245728675,0.571534039,F,0.051688763,1,0.000197297,-6.05E-05,2.51E-05,74 F,0,-0.052189033
10,74,E2: N Link,2.234607515,9.342814217,5,K,6.092647973,3.245728675,0.571534039,G,0.000205131,1,0.000197297,-6.05E-05,2.51E-05,74 G,0,-0.084202921
10,74,E2: N Link,2.234607515,9.342814217,5,K,6.092647973,3.245728675,0.571534039,H,0.059990815,1,0.000197297,-6.05E-05,2.51E-05,74 H,0,-0.093280408
10,74,E2: N Link,2.234607515,9.342814217,5,K,6.092647973,3.245728675,0.571534039,I,0.048281086,1,0.000197297,-6.05E-05,2.51E-05,74 I,0,-0.126744836
10,74,E2: N Link,2.234607515,9.342814217,5,K,6.092647973,3.245728675,0.571534039,K,0.265842975,1,NA,NA,NA,74 K,1,0
10,74,E2: N Link,2.234607515,9.342814217,5,K,6.092647973,3.245728675,0.571534039,L,0.000281477,1,0.000197297,-6.05E-05,2.51E-05,74 L,0,0.283330443
10,74,E2: N Link,2.234607515,9.342814217,5,K,6.092647973,3.245728675,0.571534039,M,0.000471908,1,0.000197297,-6.05E-05,2.51E-05,74 M,0,0.054659517
10,74,E2: N Link,2.234607515,9.342814217,5,K,6.092647973,3.245728675,0.571534039,N,0.054238601,1,0.000197297,-6.05E-05,2.51E-05,74 N,0,0.021081416
10,74,E2: N Link,2.234607515,9.342814217,5,K,6.092647973,3.245728675,0.571534039,P,0.001548811,1,0.000197297,-6.05E-05,2.51E-05,74 P,0,-0.526334622
10,74,E2: N Link,2.234607515,9.342814217,5,K,6.092647973,3.245728675,0.571534039,Q,0.049978552,1,0.000197297,-6.05E-05,2.51E-05,74 Q,0,-0.324332795
10,74,E2: N Link,2.234607515,9.342814217,5,K,6.092647973,3.245728675,0.571534039,R,0.21478815,1,0.357760404,-0.354335594,0.170799108,74 R,1,-0.446827698
10,74,E2: N Link,2.234607515,9.342814217,5,K,6.092647973,3.245728675,0.571534039,S,0.028369561,1,2.59500556,2.38411113,0.148454711,74 S,1,0.659059202
10,74,E2: N Link,2.234607515,9.342814217,5,K,6.092647973,3.245728675,0.571534039,T,0.041833447,1,3.137119846,0.251896407,-0.023215693,74 T,1,-1.00510607
10,74,E2: N Link,2.234607515,9.342814217,5,K,6.092647973,3.245728675,0.571534039,V,0.001734735,1,0.000197297,-6.05E-05,2.51E-05,74 V,0,0.310032201
10,74,E2: N Link,2.234607515,9.342814217,5,K,6.092647973,3.245728675,0.571534039,W,0.059856345,1,0.000197297,-6.05E-05,2.51E-05,74 W,0,0.0282951
10,74,E2: N Link,2.234607515,9.342814217,5,K,6.092647973,3.245728675,0.571534039,Y,0.056033364,1,0.000197297,-6.05E-05,2.51E-05,74 Y,0,-0.082441153
11,75,E2: N Link,1.710277095,5.530493737,5,A,2.651467977,4.098425186,3.912177746,A,0.107796665,1,NA,NA,NA,75 A,1,0
11,75,E2: N Link,1.710277095,5.530493737,5,A,2.651467977,4.098425186,3.912177746,C,0.000159941,1,4.17E-05,0.000583459,0.000118981,75 C,0,-0.109772275
11,75,E2: N Link,1.710277095,5.530493737,5,A,2.651467977,4.098425186,3.912177746,D,0.000165305,1,4.17E-05,0.000583459,0.000118981,75 D,0,-0.220954774
11,75,E2: N Link,1.710277095,5.530493737,5,A,2.651467977,4.098425186,3.912177746,E,6.86E-05,1,4.17E-05,0.000583459,0.000118981,75 E,0,0.304239935
11,75,E2: N Link,1.710277095,5.530493737,5,A,2.651467977,4.098425186,3.912177746,F,0.000450814,1,4.17E-05,0.000583459,0.000118981,75 F,0,-0.301881999
11,75,E2: N Link,1.710277095,5.530493737,5,A,2.651467977,4.098425186,3.912177746,G,0.000192113,1,4.17E-05,2.250632737,0.000118981,75 G,0,0.173023966
11,75,E2: N Link,1.710277095,5.530493737,5,A,2.651467977,4.098425186,3.912177746,H,0.060389016,1,4.17E-05,0.000583459,0.000118981,75 H,0,0.293318836
11,75,E2: N Link,1.710277095,5.530493737,5,A,2.651467977,4.098425186,3.912177746,I,0.382343158,1,-0.141797864,0.602930758,-0.396801856,75 I,1,-0.236135488
11,75,E2: N Link,1.710277095,5.530493737,5,A,2.651467977,4.098425186,3.912177746,K,0.000147596,1,4.17E-05,0.000583459,0.000118981,75 K,0,-0.061732813
11,75,E2: N Link,1.710277095,5.530493737,5,A,2.651467977,4.098425186,3.912177746,L,0.198030875,1,0.30311068,1.23669327,0.504675383,75 L,1,-0.189438615
11,75,E2: N Link,1.710277095,5.530493737,5,A,2.651467977,4.098425186,3.912177746,M,0.043635157,1,4.17E-05,0.000583459,0.000118981,75 M,0,0.249908119
11,75,E2: N Link,1.710277095,5.530493737,5,A,2.651467977,4.098425186,3.912177746,N,0.041917163,1,4.17E-05,0.000583459,0.000118981,75 N,0,-0.396496619
11,75,E2: N Link,1.710277095,5.530493737,5,A,2.651467977,4.098425186,3.912177746,P,0.000178807,1,4.17E-05,0.000583459,0.000118981,75 P,0,0.819672765
11,75,E2: N Link,1.710277095,5.530493737,5,A,2.651467977,4.098425186,3.912177746,Q,0.000197503,1,4.17E-05,0.000583459,0.000118981,75 Q,0,0.784007362
11,75,E2: N Link,1.710277095,5.530493737,5,A,2.651467977,4.098425186,3.912177746,R,5.68E-05,1,4.17E-05,0.000583459,0.000118981,75 R,0,-0.288397698
11,75,E2: N Link,1.710277095,5.530493737,5,A,2.651467977,4.098425186,3.912177746,S,0.000698683,1,4.17E-05,0.000583459,2.550457158,75 S,0,-0.173833339
11,75,E2: N Link,1.710277095,5.530493737,5,A,2.651467977,4.098425186,3.912177746,T,0.15753151,1,0.024742304,-0.025104793,0.221814878,75 T,1,-0.692574371
11,75,E2: N Link,1.710277095,5.530493737,5,A,2.651467977,4.098425186,3.912177746,V,0.000273488,1,-1.496645193,-0.793661174,0.633564597,75 V,0,-0.584594981
11,75,E2: N Link,1.710277095,5.530493737,5,A,2.651467977,4.098425186,3.912177746,W,0.000197715,1,4.17E-05,0.000583459,0.000118981,75 W,0,-0.029557315
11,75,E2: N Link,1.710277095,5.530493737,5,A,2.651467977,4.098425186,3.912177746,Y,0.005569072,1,2.323030983,0.000583459,0.000118981,75 Y,1,-0.24374495
12,76,E2: N Link,1.735248715,5.670337928,7,T,0.61102655,7.472203391,0.331555612,A,0.028433885,1,-0.181841672,0.196649499,-0.09839241,76 A,1,0.222357086
12,76,E2: N Link,1.735248715,5.670337928,7,T,0.61102655,7.472203391,0.331555612,C,0.072127461,1,-0.050043886,0.877132366,0.268458327,76 C,1,1.449642637
12,76,E2: N Link,1.735248715,5.670337928,7,T,0.61102655,7.472203391,0.331555612,D,2.13E-05,1,-0.000296732,0.001387094,-0.000251182,76 D,0,-0.332748316
12,76,E2: N Link,1.735248715,5.670337928,7,T,0.61102655,7.472203391,0.331555612,E,1.44E-05,1,-0.000296732,0.001387094,-0.000251182,76 E,0,0.137470959
12,76,E2: N Link,1.735248715,5.670337928,7,T,0.61102655,7.472203391,0.331555612,F,0.029170513,1,0.155216171,1.741353264,0.063097286,76 F,1,0.425610217
12,76,E2: N Link,1.735248715,5.670337928,7,T,0.61102655,7.472203391,0.331555612,G,2.53E-05,1,-0.000296732,0.001387094,-0.000251182,76 G,0,0.143523487
12,76,E2: N Link,1.735248715,5.670337928,7,T,0.61102655,7.472203391,0.331555612,H,4.48E-05,1,-0.000296732,0.001387094,-0.000251182,76 H,0,-0.161548566
12,76,E2: N Link,1.735248715,5.670337928,7,T,0.61102655,7.472203391,0.331555612,I,0.050694999,1,-0.000296732,0.001387094,-0.000251182,76 I,0,-1.181840594
12,76,E2: N Link,1.735248715,5.670337928,7,T,0.61102655,7.472203391,0.331555612,K,0.052813579,1,-0.000296732,0.001387094,-0.000251182,76 K,0,-2.857075064
12,76,E2: N Link,1.735248715,5.670337928,7,T,0.61102655,7.472203391,0.331555612,L,0.050852909,1,-0.000296732,0.001387094,-0.000251182,76 L,0,0.243732809
12,76,E2: N Link,1.735248715,5.670337928,7,T,0.61102655,7.472203391,0.331555612,M,0.04962599,1,-0.000296732,0.001387094,-0.000251182,76 M,0,0.596758783
12,76,E2: N Link,1.735248715,5.670337928,7,T,0.61102655,7.472203391,0.331555612,N,0.047326898,1,-0.000296732,0.001387094,-0.000251182,76 N,0,-0.598782809
12,76,E2: N Link,1.735248715,5.670337928,7,T,0.61102655,7.472203391,0.331555612,P,1.42E-05,1,-0.000296732,0.001387094,-0.000251182,76 P,0,2.304197389
12,76,E2: N Link,1.735248715,5.670337928,7,T,0.61102655,7.472203391,0.331555612,Q,0.000116328,1,-0.000296732,0.001387094,-0.000251182,76 Q,0,0.416264911
12,76,E2: N Link,1.735248715,5.670337928,7,T,0.61102655,7.472203391,0.331555612,R,1.18E-05,1,-0.000296732,0.001387094,-0.000251182,76 R,0,-0.45976758
12,76,E2: N Link,1.735248715,5.670337928,7,T,0.61102655,7.472203391,0.331555612,S,0.012095913,1,0.150239157,-0.308244483,-0.302876447,76 S,1,0.017052189
12,76,E2: N Link,1.735248715,5.670337928,7,T,0.61102655,7.472203391,0.331555612,T,0.014419419,1,NA,NA,NA,76 T,1,0
12,76,E2: N Link,1.735248715,5.670337928,7,T,0.61102655,7.472203391,0.331555612,V,0.045874503,1,-0.748331042,0.946953287,-0.575160606,76 V,1,0.797186303
12,76,E2: N Link,1.735248715,5.670337928,7,T,0.61102655,7.472203391,0.331555612,W,0.000132553,1,-0.000296732,0.001387094,-0.000251182,76 W,0,-0.024468312
12,76,E2: N Link,1.735248715,5.670337928,7,T,0.61102655,7.472203391,0.331555612,Y,0.546183236,1,0.305571222,3.69208275,-0.04309777,76 Y,1,-0.671168328
13,77,E2: N Link,2.472188582,11.84834958,11,R,0.174027278,4.104020531,0.931995552,A,0.029887101,1,0.075592668,1.646895027,0.657113248,77 A,1,0.619659808
13,77,E2: N Link,2.472188582,11.84834958,11,R,0.174027278,4.104020531,0.931995552,C,0.047465749,1,-0.000394244,0.000572919,-0.000355067,77 C,0,-0.404726619
13,77,E2: N Link,2.472188582,11.84834958,11,R,0.174027278,4.104020531,0.931995552,D,0.045625327,1,-0.000394244,0.000572919,-0.000355067,77 D,0,-0.41635762
13,77,E2: N Link,2.472188582,11.84834958,11,R,0.174027278,4.104020531,0.931995552,E,0.000116329,1,-0.000394244,0.000572919,-0.000355067,77 E,0,0.284905408
13,77,E2: N Link,2.472188582,11.84834958,11,R,0.174027278,4.104020531,0.931995552,F,0.090113394,1,-0.529551852,0.64830288,-0.626922834,77 F,1,-0.97861913
13,77,E2: N Link,2.472188582,11.84834958,11,R,0.174027278,4.104020531,0.931995552,G,0.042241088,1,0.057186974,-0.098843045,-1.012234724,77 G,1,-0.849546259
13,77,E2: N Link,2.472188582,11.84834958,11,R,0.174027278,4.104020531,0.931995552,H,0.000114078,1,-0.000394244,0.000572919,-0.000355067,77 H,0,0.776299275
13,77,E2: N Link,2.472188582,11.84834958,11,R,0.174027278,4.104020531,0.931995552,I,0.048361688,1,-0.000394244,0.000572919,-0.000355067,77 I,0,0.384689682
13,77,E2: N Link,2.472188582,11.84834958,11,R,0.174027278,4.104020531,0.931995552,K,0.020096971,1,-0.643709665,-3.2666903,-0.480338734,77 K,1,0.753762161
13,77,E2: N Link,2.472188582,11.84834958,11,R,0.174027278,4.104020531,0.931995552,L,0.166484513,1,-0.515704621,0.660325191,-0.165102861,77 L,1,0.520386235
13,77,E2: N Link,2.472188582,11.84834958,11,R,0.174027278,4.104020531,0.931995552,M,0.000139507,1,-0.000394244,0.000572919,-0.000355067,77 M,0,0.523036192
13,77,E2: N Link,2.472188582,11.84834958,11,R,0.174027278,4.104020531,0.931995552,N,0.000160263,1,-0.000394244,0.000572919,-0.000355067,77 N,0,0.678540489
13,77,E2: N Link,2.472188582,11.84834958,11,R,0.174027278,4.104020531,0.931995552,P,6.38E-05,1,-0.000394244,0.000572919,-0.000355067,77 P,0,0.482073468
13,77,E2: N Link,2.472188582,11.84834958,11,R,0.174027278,4.104020531,0.931995552,Q,0.110057667,1,-0.022861067,0.247352248,-0.249987686,77 Q,1,-0.307566407
13,77,E2: N Link,2.472188582,11.84834958,11,R,0.174027278,4.104020531,0.931995552,R,0.060891404,1,NA,NA,NA,77 R,1,0
13,77,E2: N Link,2.472188582,11.84834958,11,R,0.174027278,4.104020531,0.931995552,S,0.16226939,1,0.041247636,0.005676232,0.132373408,77 S,1,0.226181534
13,77,E2: N Link,2.472188582,11.84834958,11,R,0.174027278,4.104020531,0.931995552,T,0.039126943,1,-0.524509405,0.431165333,-0.44974776,77 T,1,-0.086354863
13,77,E2: N Link,2.472188582,11.84834958,11,R,0.174027278,4.104020531,0.931995552,V,0.073083055,1,-0.049087018,-0.389448472,-0.161116929,77 V,1,-0.841437944
13,77,E2: N Link,2.472188582,11.84834958,11,R,0.174027278,4.104020531,0.931995552,W,7.65E-05,1,-0.000394244,0.000572919,-0.000355067,77 W,0,-0.654815844
13,77,E2: N Link,2.472188582,11.84834958,11,R,0.174027278,4.104020531,0.931995552,Y,0.063625209,1,-0.436955977,0.459147345,0.142508896,77 Y,1,0.993160009
14,78,E2: N Link,1.469089987,4.34527908,4,P,0,1.019144118,0.231501113,A,0.054654983,1,-0.120140995,0.376294039,0.231501113,78 A,1,0.408275927
14,78,E2: N Link,1.469089987,4.34527908,4,P,0,1.019144118,0.231501113,C,0.000379952,1,-8.14E-05,0.000215596,-6.25E-06,78 C,0,0.112860739
14,78,E2: N Link,1.469089987,4.34527908,4,P,0,1.019144118,0.231501113,D,0.000432726,1,-8.14E-05,0.000215596,-6.25E-06,78 D,0,0.117624776
14,78,E2: N Link,1.469089987,4.34527908,4,P,0,1.019144118,0.231501113,E,0.00040773,1,-8.14E-05,0.000215596,-6.25E-06,78 E,0,-0.791065874
14,78,E2: N Link,1.469089987,4.34527908,4,P,0,1.019144118,0.231501113,F,0.000480853,1,-8.14E-05,0.000215596,-6.25E-06,78 F,0,0.449358633
14,78,E2: N Link,1.469089987,4.34527908,4,P,0,1.019144118,0.231501113,G,0.000549397,1,-8.14E-05,0.000215596,-6.25E-06,78 G,0,-0.17381084
14,78,E2: N Link,1.469089987,4.34527908,4,P,0,1.019144118,0.231501113,H,0.000232921,1,-8.14E-05,0.000215596,-6.25E-06,78 H,0,0.327356199
14,78,E2: N Link,1.469089987,4.34527908,4,P,0,1.019144118,0.231501113,I,0.000967179,1,-8.14E-05,0.000215596,-6.25E-06,78 I,0,-0.473822247
14,78,E2: N Link,1.469089987,4.34527908,4,P,0,1.019144118,0.231501113,K,0.051354591,1,-8.14E-05,0.000215596,-6.25E-06,78 K,0,-0.035903152
14,78,E2: N Link,1.469089987,4.34527908,4,P,0,1.019144118,0.231501113,L,0.000198773,1,-8.14E-05,0.000215596,-6.25E-06,78 L,0,0.084206263
14,78,E2: N Link,1.469089987,4.34527908,4,P,0,1.019144118,0.231501113,M,0.000581976,1,-8.14E-05,0.000215596,-6.25E-06,78 M,0,0.015266353
14,78,E2: N Link,1.469089987,4.34527908,4,P,0,1.019144118,0.231501113,N,0.000603202,1,-8.14E-05,0.000215596,-6.25E-06,78 N,0,0.061320635
14,78,E2: N Link,1.469089987,4.34527908,4,P,0,1.019144118,0.231501113,P,0.392523548,1,NA,NA,NA,78 P,1,0
14,78,E2: N Link,1.469089987,4.34527908,4,P,0,1.019144118,0.231501113,Q,1.13E-05,1,-8.14E-05,0.000215596,-6.25E-06,78 Q,0,-5.06226E-05
14,78,E2: N Link,1.469089987,4.34527908,4,P,0,1.019144118,0.231501113,R,0.044598466,1,-8.14E-05,0.000215596,-6.25E-06,78 R,0,-1.175147123
14,78,E2: N Link,1.469089987,4.34527908,4,P,0,1.019144118,0.231501113,S,0.026401852,1,-8.14E-05,0.000215596,-6.25E-06,78 S,1,0.059693169
14,78,E2: N Link,1.469089987,4.34527908,4,P,0,1.019144118,0.231501113,T,0.043814763,1,-8.14E-05,0.000215596,-6.25E-06,78 T,0,0.680884452
14,78,E2: N Link,1.469089987,4.34527908,4,P,0,1.019144118,0.231501113,V,0.379544137,1,-0.416851318,0.63918495,-0.336412517,78 V,1,-0.556473532
14,78,E2: N Link,1.469089987,4.34527908,4,P,0,1.019144118,0.231501113,W,0.000303016,1,-8.14E-05,0.000215596,-6.25E-06,78 W,0,-0.580047388
14,78,E2: N Link,1.469089987,4.34527908,4,P,0,1.019144118,0.231501113,Y,0.001958594,1,-8.14E-05,0.000215596,-6.25E-06,78 Y,0,0.494832175
15,79,E2: N Link,1.204087655,3.33371619,4,Y,0.175874093,0.653693278,1.15016425,A,0.000267459,1,-2.64E-05,0.000132195,3.08E-05,79 A,0,0.107067005
15,79,E2: N Link,1.204087655,3.33371619,4,Y,0.175874093,0.653693278,1.15016425,C,0.045797959,1,-1.490559401,-3.06152632,0.994533015,79 C,1,0.537280703
15,79,E2: N Link,1.204087655,3.33371619,4,Y,0.175874093,0.653693278,1.15016425,D,0.000227284,1,-2.64E-05,0.000132195,3.08E-05,79 D,0,0.688439572
15,79,E2: N Link,1.204087655,3.33371619,4,Y,0.175874093,0.653693278,1.15016425,E,0.000460593,1,-2.64E-05,0.000132195,3.08E-05,79 E,0,-0.277124471
15,79,E2: N Link,1.204087655,3.33371619,4,Y,0.175874093,0.653693278,1.15016425,F,0.164652192,1,0.175874093,0.651578161,0.155138869,79 F,1,0.504488931
15,79,E2: N Link,1.204087655,3.33371619,4,Y,0.175874093,0.653693278,1.15016425,G,0.000190018,1,-2.64E-05,0.000132195,3.08E-05,79 G,0,0.421928482
15,79,E2: N Link,1.204087655,3.33371619,4,Y,0.175874093,0.653693278,1.15016425,H,0.441350485,1,-0.844756714,-0.11280121,-0.237924228,79 H,1,0.145497219
15,79,E2: N Link,1.204087655,3.33371619,4,Y,0.175874093,0.653693278,1.15016425,I,0.000252308,1,-2.64E-05,0.000132195,3.08E-05,79 I,0,0.077993597
15,79,E2: N Link,1.204087655,3.33371619,4,Y,0.175874093,0.653693278,1.15016425,K,0.000487995,1,-2.64E-05,0.000132195,3.08E-05,79 K,0,0.075055914
15,79,E2: N Link,1.204087655,3.33371619,4,Y,0.175874093,0.653693278,1.15016425,L,0.000114229,1,-2.64E-05,0.000132195,3.08E-05,79 L,0,0.338726061
15,79,E2: N Link,1.204087655,3.33371619,4,Y,0.175874093,0.653693278,1.15016425,M,0.000493631,1,-2.64E-05,0.000132195,3.08E-05,79 M,0,0.096107311
15,79,E2: N Link,1.204087655,3.33371619,4,Y,0.175874093,0.653693278,1.15016425,N,0.000140303,1,-2.64E-05,0.000132195,3.08E-05,79 N,0,0.020548239
15,79,E2: N Link,1.204087655,3.33371619,4,Y,0.175874093,0.653693278,1.15016425,P,0.00040529,1,-2.64E-05,0.000132195,3.08E-05,79 P,0,0.18266388
15,79,E2: N Link,1.204087655,3.33371619,4,Y,0.175874093,0.653693278,1.15016425,Q,0.000204294,1,-2.64E-05,0.000132195,3.08E-05,79 Q,0,-0.033983399
15,79,E2: N Link,1.204087655,3.33371619,4,Y,0.175874093,0.653693278,1.15016425,R,0.000327813,1,-2.64E-05,0.000132195,3.08E-05,79 R,0,0.262169917
15,79,E2: N Link,1.204087655,3.33371619,4,Y,0.175874093,0.653693278,1.15016425,S,0.000151997,1,-2.64E-05,0.000132195,3.08E-05,79 S,0,0.363292838
15,79,E2: N Link,1.204087655,3.33371619,4,Y,0.175874093,0.653693278,1.15016425,T,0.000193492,1,-2.64E-05,0.000132195,3.08E-05,79 T,0,0.205084379
15,79,E2: N Link,1.204087655,3.33371619,4,Y,0.175874093,0.653693278,1.15016425,V,0.00021359,1,-2.64E-05,0.000132195,3.08E-05,79 V,0,-0.152317218
15,79,E2: N Link,1.204087655,3.33371619,4,Y,0.175874093,0.653693278,1.15016425,W,0.000585411,1,-2.64E-05,0.000132195,3.08E-05,79 W,0,0.71466388
15,79,E2: N Link,1.204087655,3.33371619,4,Y,0.175874093,0.653693278,1.15016425,Y,0.343483656,1,NA,NA,NA,79 Y,1,0
16,80,E2: A domain,2.619180149,13.72446695,15,L,1.945679195,4.816362587,1.754227335,A,0.027128741,1,-0.544656896,0.139185003,-0.416420011,80 A,1,-1.166646798
16,80,E2: A domain,2.619180149,13.72446695,15,L,1.945679195,4.816362587,1.754227335,C,0.000137381,1,0.000271299,0.002156366,0.00013931,80 C,0,0.216037029
16,80,E2: A domain,2.619180149,13.72446695,15,L,1.945679195,4.816362587,1.754227335,D,0.09362059,1,0.248773225,0.481857319,-0.095925845,80 D,1,0.359120516
16,80,E2: A domain,2.619180149,13.72446695,15,L,1.945679195,4.816362587,1.754227335,E,0.037583595,1,0.102245193,0.470672249,-0.08621617,80 E,1,-0.267192465
16,80,E2: A domain,2.619180149,13.72446695,15,L,1.945679195,4.816362587,1.754227335,F,0.028866317,1,-0.473353156,-0.283009125,-0.098958328,80 F,1,-3.102822847
16,80,E2: A domain,2.619180149,13.72446695,15,L,1.945679195,4.816362587,1.754227335,G,0.105269449,1,-0.099740574,0.764505875,0.237859173,80 G,1,0.807469067
16,80,E2: A domain,2.619180149,13.72446695,15,L,1.945679195,4.816362587,1.754227335,H,0.022521862,1,0.007470326,-0.223260652,-0.026587744,80 H,1,0.07592645
16,80,E2: A domain,2.619180149,13.72446695,15,L,1.945679195,4.816362587,1.754227335,I,0.045363766,1,0.000271299,0.002156366,0.00013931,80 I,0,-0.993839037
16,80,E2: A domain,2.619180149,13.72446695,15,L,1.945679195,4.816362587,1.754227335,K,0.040888174,1,-0.393723066,-0.401666288,-0.669859681,80 K,1,0.272802681
16,80,E2: A domain,2.619180149,13.72446695,15,L,1.945679195,4.816362587,1.754227335,L,0.046723819,1,NA,NA,NA,80 L,1,0
16,80,E2: A domain,2.619180149,13.72446695,15,L,1.945679195,4.816362587,1.754227335,M,0.043774328,1,0.000271299,0.002156366,0.00013931,80 M,0,0.13018136
16,80,E2: A domain,2.619180149,13.72446695,15,L,1.945679195,4.816362587,1.754227335,N,0.072597911,1,-0.34856653,-0.341929537,-0.199848913,80 N,1,-1.149919737
16,80,E2: A domain,2.619180149,13.72446695,15,L,1.945679195,4.816362587,1.754227335,P,0.040220601,1,-0.018038768,1.05376652,0.056313883,80 P,1,0.077353787
16,80,E2: A domain,2.619180149,13.72446695,15,L,1.945679195,4.816362587,1.754227335,Q,0.040937883,1,0.332118855,0.643504523,0.337807423,80 Q,1,0.849782001
16,80,E2: A domain,2.619180149,13.72446695,15,L,1.945679195,4.816362587,1.754227335,R,1.69E-05,1,0.000271299,0.002156366,0.00013931,80 R,0,1.245563445
16,80,E2: A domain,2.619180149,13.72446695,15,L,1.945679195,4.816362587,1.754227335,S,0.00729725,1,0.596828701,0.591813973,0.664219931,80 S,1,1.002186561
16,80,E2: A domain,2.619180149,13.72446695,15,L,1.945679195,4.816362587,1.754227335,T,0.076244155,1,0.157426616,0.300138464,0.243501509,80 T,1,0.132802867
16,80,E2: A domain,2.619180149,13.72446695,15,L,1.945679195,4.816362587,1.754227335,V,0.193249914,1,0.499459785,0.305344919,0.213828864,80 V,1,-0.180482215
16,80,E2: A domain,2.619180149,13.72446695,15,L,1.945679195,4.816362587,1.754227335,W,0.077508964,1,-0.382868072,0.054791909,-0.459808333,80 W,1,-0.543275739
16,80,E2: A domain,2.619180149,13.72446695,15,L,1.945679195,4.816362587,1.754227335,Y,4.84E-05,1,0.000271299,0.002156366,0.00013931,80 Y,0,-0.012843058
17,81,E2: A domain,1.077692343,2.937892076,6,A,7.103612274,10.07146931,4.89974209,A,0.084373079,1,NA,NA,NA,81 A,1,0
17,81,E2: A domain,1.077692343,2.937892076,6,A,7.103612274,10.07146931,4.89974209,C,0.079365811,1,-0.33068351,-0.753984232,0.006821312,81 C,1,0.40207446
17,81,E2: A domain,1.077692343,2.937892076,6,A,7.103612274,10.07146931,4.89974209,D,0.043080954,1,0.000437935,0.000940803,0.000569394,81 D,0,0.501857144
17,81,E2: A domain,1.077692343,2.937892076,6,A,7.103612274,10.07146931,4.89974209,E,0.000171841,1,0.000437935,0.000940803,0.000569394,81 E,0,0.387568497
17,81,E2: A domain,1.077692343,2.937892076,6,A,7.103612274,10.07146931,4.89974209,F,0.000228207,1,0.000437935,0.000940803,0.000569394,81 F,0,-0.421245556
17,81,E2: A domain,1.077692343,2.937892076,6,A,7.103612274,10.07146931,4.89974209,G,0.7148149,1,0.072130953,0.208606657,0.133737545,81 G,1,0.200852063
17,81,E2: A domain,1.077692343,2.937892076,6,A,7.103612274,10.07146931,4.89974209,H,3.95E-05,1,0.000437935,0.000940803,0.000569394,81 H,0,-0.69560898
17,81,E2: A domain,1.077692343,2.937892076,6,A,7.103612274,10.07146931,4.89974209,I,3.32E-05,1,0.000437935,0.000940803,0.000569394,81 I,0,0.776525035
17,81,E2: A domain,1.077692343,2.937892076,6,A,7.103612274,10.07146931,4.89974209,K,2.47E-05,1,0.000437935,0.000940803,0.000569394,81 K,0,0.45315099
17,81,E2: A domain,1.077692343,2.937892076,6,A,7.103612274,10.07146931,4.89974209,L,1.57E-05,1,2.210659302,-2.499050629,0.032260477,81 L,0,-0.623376585
17,81,E2: A domain,1.077692343,2.937892076,6,A,7.103612274,10.07146931,4.89974209,M,5.87E-05,1,0.000437935,0.000940803,0.000569394,81 M,0,-0.797292836
17,81,E2: A domain,1.077692343,2.937892076,6,A,7.103612274,10.07146931,4.89974209,N,2.57E-05,1,0.000437935,0.000940803,0.000569394,81 N,0,0.1370404
17,81,E2: A domain,1.077692343,2.937892076,6,A,7.103612274,10.07146931,4.89974209,P,0.000113719,1,0.000437935,0.000940803,0.000569394,81 P,0,-0.902662787
17,81,E2: A domain,1.077692343,2.937892076,6,A,7.103612274,10.07146931,4.89974209,Q,0.000101547,1,0.000437935,0.000940803,0.000569394,81 Q,0,-0.726941594
17,81,E2: A domain,1.077692343,2.937892076,6,A,7.103612274,10.07146931,4.89974209,R,3.07E-05,1,0.000437935,0.000940803,0.000569394,81 R,0,0.243813401
17,81,E2: A domain,1.077692343,2.937892076,6,A,7.103612274,10.07146931,4.89974209,S,0.030117707,1,0.475023057,0.61391495,0.189182744,81 S,1,0.0725498
17,81,E2: A domain,1.077692343,2.937892076,6,A,7.103612274,10.07146931,4.89974209,T,0.020140625,1,0.00310169,0.376480237,-0.13943041,81 T,1,1.680250697
17,81,E2: A domain,1.077692343,2.937892076,6,A,7.103612274,10.07146931,4.89974209,V,0.026800018,1,4.337004121,8.860237025,4.530337887,81 V,1,0.27951923
17,81,E2: A domain,1.077692343,2.937892076,6,A,7.103612274,10.07146931,4.89974209,W,0.000429393,1,0.000437935,0.000940803,0.000569394,81 W,0,-0.534087017
17,81,E2: A domain,1.077692343,2.937892076,6,A,7.103612274,10.07146931,4.89974209,Y,3.39E-05,1,0.000437935,0.000940803,0.000569394,81 Y,0,-0.241532901
18,82,E2: A domain,0.26435518,1.302590769,20,H,1.842439921,1.577843886,1.444583377,A,0.006539324,1,0.022019811,-0.892766356,0.051649371,82 A,1,0.453573472
18,82,E2: A domain,0.26435518,1.302590769,20,H,1.842439921,1.577843886,1.444583377,C,0.002928859,1,0.345050166,-1.135228402,0.148968021,82 C,1,0.271520314
18,82,E2: A domain,0.26435518,1.302590769,20,H,1.842439921,1.577843886,1.444583377,D,0.001714862,1,0.002539965,-1.13469872,-0.075382348,82 D,1,-0.360001147
18,82,E2: A domain,0.26435518,1.302590769,20,H,1.842439921,1.577843886,1.444583377,E,8.90E-07,1,-2.915275907,-5.479927293,-2.992620031,82 E,0,0.521386447
18,82,E2: A domain,0.26435518,1.302590769,20,H,1.842439921,1.577843886,1.444583377,F,0.001785243,1,0.091577191,0.252000725,-0.120120489,82 F,1,-0.226004362
18,82,E2: A domain,0.26435518,1.302590769,20,H,1.842439921,1.577843886,1.444583377,G,0.001637764,1,0.009542521,-0.132394432,0.301645935,82 G,1,-0.191479493
18,82,E2: A domain,0.26435518,1.302590769,20,H,1.842439921,1.577843886,1.444583377,H,0.001637321,1,NA,NA,NA,82 H,1,0
18,82,E2: A domain,0.26435518,1.302590769,20,H,1.842439921,1.577843886,1.444583377,I,0.003389117,1,0.090068734,-1.29273551,0.007372633,82 I,1,-0.87579277
18,82,E2: A domain,0.26435518,1.302590769,20,H,1.842439921,1.577843886,1.444583377,K,0.000870698,1,0.564147228,0.039250503,0.291666973,82 K,1,0.538660668
18,82,E2: A domain,0.26435518,1.302590769,20,H,1.842439921,1.577843886,1.444583377,L,0.000907943,1,-0.451944442,-0.127720975,-0.839347578,82 L,1,-0.11748631
18,82,E2: A domain,0.26435518,1.302590769,20,H,1.842439921,1.577843886,1.444583377,M,0.002246328,1,0.220930991,-0.685519958,0.003364895,82 M,1,-1.2762886
18,82,E2: A domain,0.26435518,1.302590769,20,H,1.842439921,1.577843886,1.444583377,N,0.000553908,1,-0.084605781,0.046239007,0.07484692,82 N,1,3.076347106
18,82,E2: A domain,0.26435518,1.302590769,20,H,1.842439921,1.577843886,1.444583377,P,0.001335128,1,-0.089987876,-0.071999443,-0.100451079,82 P,1,-0.039434611
18,82,E2: A domain,0.26435518,1.302590769,20,H,1.842439921,1.577843886,1.444583377,Q,0.962149456,1,0.047956803,-10.82995765,-0.004282733,82 Q,1,-0.245842915
18,82,E2: A domain,0.26435518,1.302590769,20,H,1.842439921,1.577843886,1.444583377,R,0.001884384,1,0.189466626,0.853923751,-0.04327019,82 R,1,-0.163277847
18,82,E2: A domain,0.26435518,1.302590769,20,H,1.842439921,1.577843886,1.444583377,S,0.001856127,1,-0.01646576,-0.676462369,0.072855724,82 S,1,0.725679331
18,82,E2: A domain,0.26435518,1.302590769,20,H,1.842439921,1.577843886,1.444583377,T,0.00256635,1,0.100304754,-0.563266566,0.236096493,82 T,1,0.172741148
18,82,E2: A domain,0.26435518,1.302590769,20,H,1.842439921,1.577843886,1.444583377,V,0.000913653,1,-0.078469335,-1.080689471,-0.059924932,82 V,1,1.001360467
18,82,E2: A domain,0.26435518,1.302590769,20,H,1.842439921,1.577843886,1.444583377,W,0.002721013,1,-0.079247656,-0.279299931,-0.137777344,82 W,1,-0.341848611
18,82,E2: A domain,0.26435518,1.302590769,20,H,1.842439921,1.577843886,1.444583377,Y,0.002361631,1,0.158835132,0.3864299,0.256116412,82 Y,1,-0.006141716
19,83,E2: A domain,0.96425599,2.622835516,3,C,4.361419649,0,0,A,0.000690522,1,3.62E-05,-1.23E-32,-1.23E-32,83 A,0,0.595848193
19,83,E2: A domain,0.96425599,2.622835516,3,C,4.361419649,0,0,C,0.74749347,1,NA,NA,NA,83 C,1,0
19,83,E2: A domain,0.96425599,2.622835516,3,C,4.361419649,0,0,D,0.000203311,1,3.62E-05,-1.23E-32,-1.23E-32,83 D,0,0.026579926
19,83,E2: A domain,0.96425599,2.622835516,3,C,4.361419649,0,0,E,0.000910113,1,3.62E-05,-1.23E-32,-1.23E-32,83 E,0,0.064093306
19,83,E2: A domain,0.96425599,2.622835516,3,C,4.361419649,0,0,F,0.053212241,1,3.62E-05,-1.23E-32,-1.23E-32,83 F,0,1.5057E-05
19,83,E2: A domain,0.96425599,2.622835516,3,C,4.361419649,0,0,G,0.049180379,1,3.62E-05,-1.23E-32,-1.23E-32,83 G,0,0.524203617
19,83,E2: A domain,0.96425599,2.622835516,3,C,4.361419649,0,0,H,0.000211786,1,3.62E-05,-1.23E-32,-1.23E-32,83 H,0,-0.10916578
19,83,E2: A domain,0.96425599,2.622835516,3,C,4.361419649,0,0,I,0.000372055,1,3.62E-05,-1.23E-32,-1.23E-32,83 I,0,0.056121252
19,83,E2: A domain,0.96425599,2.622835516,3,C,4.361419649,0,0,K,0.000594925,1,3.62E-05,-1.23E-32,-1.23E-32,83 K,0,-0.358708774
19,83,E2: A domain,0.96425599,2.622835516,3,C,4.361419649,0,0,L,0.000171557,1,3.62E-05,-1.23E-32,-1.23E-32,83 L,0,0.016115864
19,83,E2: A domain,0.96425599,2.622835516,3,C,4.361419649,0,0,M,0.00021535,1,3.62E-05,-1.23E-32,-1.23E-32,83 M,0,0.172464775
19,83,E2: A domain,0.96425599,2.622835516,3,C,4.361419649,0,0,N,0.000230171,1,3.62E-05,-1.23E-32,-1.23E-32,83 N,0,-1.134781788
19,83,E2: A domain,0.96425599,2.622835516,3,C,4.361419649,0,0,P,0.000204795,1,3.62E-05,-1.23E-32,-1.23E-32,83 P,0,0.199320633
19,83,E2: A domain,0.96425599,2.622835516,3,C,4.361419649,0,0,Q,0.000555684,1,3.62E-05,-1.23E-32,-1.23E-32,83 Q,0,-0.305665685
19,83,E2: A domain,0.96425599,2.622835516,3,C,4.361419649,0,0,R,0.083896116,1,4.360768655,-1.23E-32,-1.23E-32,83 R,1,-0.467517856
19,83,E2: A domain,0.96425599,2.622835516,3,C,4.361419649,0,0,S,0.000377005,1,3.62E-05,-1.23E-32,-1.23E-32,83 S,0,-0.485394238
19,83,E2: A domain,0.96425599,2.622835516,3,C,4.361419649,0,0,T,0.000177486,1,3.62E-05,-1.23E-32,-1.23E-32,83 T,0,-0.831506483
19,83,E2: A domain,0.96425599,2.622835516,3,C,4.361419649,0,0,V,0.00066014,1,3.62E-05,-1.23E-32,-1.23E-32,83 V,0,0.809753771
19,83,E2: A domain,0.96425599,2.622835516,3,C,4.361419649,0,0,W,0.05356848,1,3.62E-05,-1.23E-32,-1.23E-32,83 W,0,1.93955668
19,83,E2: A domain,0.96425599,2.622835516,3,C,4.361419649,0,0,Y,0.007074413,1,3.62E-05,-1.23E-32,-1.23E-32,83 Y,1,0.726307538
20,84,E2: A domain,2.163704091,8.703315902,10,P,3.468941429,0.191933456,2.473157333,A,0.109525607,1,-0.100782346,-0.07973707,0.373233495,84 A,1,-0.703017649
20,84,E2: A domain,2.163704091,8.703315902,10,P,3.468941429,0.191933456,2.473157333,C,0.000632137,1,-0.00192077,-0.001902622,-0.002105445,84 C,0,-0.017019077
20,84,E2: A domain,2.163704091,8.703315902,10,P,3.468941429,0.191933456,2.473157333,D,0.011376858,1,-0.412164572,-2.700514672,-0.152721364,84 D,1,0.176970278
20,84,E2: A domain,2.163704091,8.703315902,10,P,3.468941429,0.191933456,2.473157333,E,0.000691557,1,-0.00192077,-0.001902622,-0.002105445,84 E,0,-0.561648165
20,84,E2: A domain,2.163704091,8.703315902,10,P,3.468941429,0.191933456,2.473157333,F,0.029411644,1,-0.138108386,-2.462163529,2.099923838,84 F,1,2.822442777
20,84,E2: A domain,2.163704091,8.703315902,10,P,3.468941429,0.191933456,2.473157333,G,0.000140088,1,-0.00192077,-0.001902622,-0.002105445,84 G,0,0.490558035
20,84,E2: A domain,2.163704091,8.703315902,10,P,3.468941429,0.191933456,2.473157333,H,1.23E-05,1,-0.00192077,-0.001902622,-0.002105445,84 H,0,0.606525696
20,84,E2: A domain,2.163704091,8.703315902,10,P,3.468941429,0.191933456,2.473157333,I,0.000203978,1,-0.00192077,-0.001902622,-0.002105445,84 I,0,-0.420474913
20,84,E2: A domain,2.163704091,8.703315902,10,P,3.468941429,0.191933456,2.473157333,K,8.59E-05,1,-0.00192077,-0.001902622,-0.002105445,84 K,0,-0.356671509
20,84,E2: A domain,2.163704091,8.703315902,10,P,3.468941429,0.191933456,2.473157333,L,0.194079675,1,-0.830550443,-1.429520667,-1.170155501,84 L,1,-0.04941006
20,84,E2: A domain,2.163704091,8.703315902,10,P,3.468941429,0.191933456,2.473157333,M,0.000588277,1,-0.00192077,-0.001902622,-0.002105445,84 M,0,-0.52016391
20,84,E2: A domain,2.163704091,8.703315902,10,P,3.468941429,0.191933456,2.473157333,N,4.85E-05,1,-0.00192077,-0.001902622,-0.002105445,84 N,0,0.479861114
20,84,E2: A domain,2.163704091,8.703315902,10,P,3.468941429,0.191933456,2.473157333,P,0.128451608,1,NA,NA,NA,84 P,1,0
20,84,E2: A domain,2.163704091,8.703315902,10,P,3.468941429,0.191933456,2.473157333,Q,0.139637154,1,-0.086457196,0.025797987,-0.413566657,84 Q,1,-0.536761853
20,84,E2: A domain,2.163704091,8.703315902,10,P,3.468941429,0.191933456,2.473157333,R,0.053495837,1,3.455888452,-0.001902622,-0.002105445,84 R,1,-0.816729795
20,84,E2: A domain,2.163704091,8.703315902,10,P,3.468941429,0.191933456,2.473157333,S,0.181615675,1,0.013052977,0.166135469,-0.218130146,84 S,1,-0.047949026
20,84,E2: A domain,2.163704091,8.703315902,10,P,3.468941429,0.191933456,2.473157333,T,0.021552429,1,-1.453093118,-1.308034995,-1.389634373,84 T,1,-0.022151847
20,84,E2: A domain,2.163704091,8.703315902,10,P,3.468941429,0.191933456,2.473157333,V,0.000173126,1,-0.00192077,-0.001902622,-0.002105445,84 V,0,0.272628384
20,84,E2: A domain,2.163704091,8.703315902,10,P,3.468941429,0.191933456,2.473157333,W,0.037583823,1,-0.00192077,-0.001902622,-0.002105445,84 W,0,-0.254704792
20,84,E2: A domain,2.163704091,8.703315902,10,P,3.468941429,0.191933456,2.473157333,Y,0.090693795,1,-0.735178455,-1.26476315,-0.835961709,84 Y,1,1.488479538
21,85,E2: A domain,1.483917532,4.410188939,9,D,3.994551384,4.194216442,6.613408346,A,0.001780815,1,-2.691700862,-0.240761758,-0.519065925,85 A,1,0.531773228
21,85,E2: A domain,1.483917532,4.410188939,9,D,3.994551384,4.194216442,6.613408346,C,0.043136386,1,-9.71E-05,-3.35E-05,0.000123865,85 C,0,-0.127647121
21,85,E2: A domain,1.483917532,4.410188939,9,D,3.994551384,4.194216442,6.613408346,D,0.010471134,1,NA,NA,NA,85 D,1,0
21,85,E2: A domain,1.483917532,4.410188939,9,D,3.994551384,4.194216442,6.613408346,E,0.050336873,1,-9.71E-05,-3.35E-05,0.000123865,85 E,0,0.603552384
21,85,E2: A domain,1.483917532,4.410188939,9,D,3.994551384,4.194216442,6.613408346,F,0.636810284,1,3.655031036,3.208883976,3.839676968,85 F,1,2.90365644
21,85,E2: A domain,1.483917532,4.410188939,9,D,3.994551384,4.194216442,6.613408346,G,0.002430422,1,-3.496244852,-3.417834365,-0.028179792,85 G,1,0.592381696
21,85,E2: A domain,1.483917532,4.410188939,9,D,3.994551384,4.194216442,6.613408346,H,0.050074064,1,-0.322946853,0.980904555,-0.48857898,85 H,1,-0.257858721
21,85,E2: A domain,1.483917532,4.410188939,9,D,3.994551384,4.194216442,6.613408346,I,4.37E-05,1,-9.71E-05,-3.35E-05,0.000123865,85 I,0,-0.341638579
21,85,E2: A domain,1.483917532,4.410188939,9,D,3.994551384,4.194216442,6.613408346,K,0.013712828,1,-0.672853205,-0.80231895,-0.623439718,85 K,1,1.253868804
21,85,E2: A domain,1.483917532,4.410188939,9,D,3.994551384,4.194216442,6.613408346,L,0.044385647,1,-9.71E-05,-3.35E-05,0.000123865,85 L,0,0.775618902
21,85,E2: A domain,1.483917532,4.410188939,9,D,3.994551384,4.194216442,6.613408346,M,0.043803277,1,-9.71E-05,-3.35E-05,0.000123865,85 M,0,-0.090181449
21,85,E2: A domain,1.483917532,4.410188939,9,D,3.994551384,4.194216442,6.613408346,N,0.00374996,1,-0.34147384,0.004427911,0.292269042,85 N,1,-0.760257775
21,85,E2: A domain,1.483917532,4.410188939,9,D,3.994551384,4.194216442,6.613408346,P,0.00010203,1,-9.71E-05,-3.35E-05,0.000123865,85 P,0,-0.242495102
21,85,E2: A domain,1.483917532,4.410188939,9,D,3.994551384,4.194216442,6.613408346,Q,3.10E-05,1,-9.71E-05,-3.35E-05,0.000123865,85 Q,0,-0.140318628
21,85,E2: A domain,1.483917532,4.410188939,9,D,3.994551384,4.194216442,6.613408346,R,0.022171964,1,0.314692489,-1.155865077,-0.513962384,85 R,1,0.396250417
21,85,E2: A domain,1.483917532,4.410188939,9,D,3.994551384,4.194216442,6.613408346,S,0.023165379,1,0.024827859,-0.12030746,-0.006201395,85 S,1,0.221706255
21,85,E2: A domain,1.483917532,4.410188939,9,D,3.994551384,4.194216442,6.613408346,T,7.93E-05,1,-9.71E-05,-3.35E-05,2.480223687,85 T,0,0.430869814
21,85,E2: A domain,1.483917532,4.410188939,9,D,3.994551384,4.194216442,6.613408346,V,0.053622607,1,-9.71E-05,-3.35E-05,0.000123865,85 V,0,-1.459384898
21,85,E2: A domain,1.483917532,4.410188939,9,D,3.994551384,4.194216442,6.613408346,W,9.22E-05,1,-9.71E-05,-3.35E-05,0.000123865,85 W,0,-0.182900922
21,85,E2: A domain,1.483917532,4.410188939,9,D,3.994551384,4.194216442,6.613408346,Y,1.54E-07,1,-9.71E-05,-3.35E-05,0.000123865,85 Y,0,0.247805036
22,86,E2: A domain,2.423555427,11.28591431,3,C,4.276649955,0.056663232,0.127307475,A,0.000384653,1,0.000285225,3.76E-06,1.80E-05,86 A,0,0.122720584
22,86,E2: A domain,2.423555427,11.28591431,3,C,4.276649955,0.056663232,0.127307475,C,0.324692456,1,NA,NA,NA,86 C,1,0
22,86,E2: A domain,2.423555427,11.28591431,3,C,4.276649955,0.056663232,0.127307475,D,0.000928308,1,0.000285225,3.76E-06,1.80E-05,86 D,0,-0.426157442
22,86,E2: A domain,2.423555427,11.28591431,3,C,4.276649955,0.056663232,0.127307475,E,0.045482774,1,0.000285225,3.76E-06,1.80E-05,86 E,0,-0.645068542
22,86,E2: A domain,2.423555427,11.28591431,3,C,4.276649955,0.056663232,0.127307475,F,0.04949443,1,0.000285225,3.76E-06,1.80E-05,86 F,0,-0.202062847
22,86,E2: A domain,2.423555427,11.28591431,3,C,4.276649955,0.056663232,0.127307475,G,0.047781206,1,0.000285225,3.76E-06,1.80E-05,86 G,0,1.204866108
22,86,E2: A domain,2.423555427,11.28591431,3,C,4.276649955,0.056663232,0.127307475,H,0.052911335,1,0.000285225,3.76E-06,1.80E-05,86 H,0,0.315737853
22,86,E2: A domain,2.423555427,11.28591431,3,C,4.276649955,0.056663232,0.127307475,I,0.047658988,1,0.000285225,3.76E-06,1.80E-05,86 I,0,-0.173124411
22,86,E2: A domain,2.423555427,11.28591431,3,C,4.276649955,0.056663232,0.127307475,K,0.054452876,1,0.000285225,3.76E-06,1.80E-05,86 K,0,0.177660411
22,86,E2: A domain,2.423555427,11.28591431,3,C,4.276649955,0.056663232,0.127307475,L,0.051625128,1,0.000285225,3.76E-06,1.80E-05,86 L,0,-0.451102761
22,86,E2: A domain,2.423555427,11.28591431,3,C,4.276649955,0.056663232,0.127307475,M,0.048677883,1,0.000285225,3.76E-06,1.80E-05,86 M,0,0.563055411
22,86,E2: A domain,2.423555427,11.28591431,3,C,4.276649955,0.056663232,0.127307475,N,0.000391489,1,0.000285225,3.76E-06,1.80E-05,86 N,0,-0.100870767
22,86,E2: A domain,2.423555427,11.28591431,3,C,4.276649955,0.056663232,0.127307475,P,0.044681392,1,0.000285225,3.76E-06,1.80E-05,86 P,0,-0.146413199
22,86,E2: A domain,2.423555427,11.28591431,3,C,4.276649955,0.056663232,0.127307475,Q,0.051180053,1,0.000285225,3.76E-06,1.80E-05,86 Q,0,0.37561696
22,86,E2: A domain,2.423555427,11.28591431,3,C,4.276649955,0.056663232,0.127307475,R,0.045779522,1,-0.207346263,0.056595588,0.126982729,86 R,1,-0.490984345
22,86,E2: A domain,2.423555427,11.28591431,3,C,4.276649955,0.056663232,0.127307475,S,0.04785621,1,0.000285225,3.76E-06,1.80E-05,86 S,0,-0.108595164
22,86,E2: A domain,2.423555427,11.28591431,3,C,4.276649955,0.056663232,0.127307475,T,0.000810609,1,0.000285225,3.76E-06,1.80E-05,86 T,0,0.157166835
22,86,E2: A domain,2.423555427,11.28591431,3,C,4.276649955,0.056663232,0.127307475,V,0.001058662,1,0.000285225,3.76E-06,1.80E-05,86 V,0,1.151132072
22,86,E2: A domain,2.423555427,11.28591431,3,C,4.276649955,0.056663232,0.127307475,W,0.056960182,1,0.000285225,3.76E-06,1.80E-05,86 W,0,4.643854769
22,86,E2: A domain,2.423555427,11.28591431,3,C,4.276649955,0.056663232,0.127307475,Y,0.027191844,1,4.271801135,3.76E-06,1.80E-05,86 Y,1,0.235668231
23,87,E2: A domain,2.48083212,11.95120512,9,G,3.578361577,0.686667596,0.870230042,A,0.183055983,1,0.026145203,0.172889632,0.102749806,87 A,1,-0.800284873
23,87,E2: A domain,2.48083212,11.95120512,9,G,3.578361577,0.686667596,0.870230042,C,0.04801948,1,-0.000244659,-0.000250736,7.84E-05,87 C,0,0.116049362
23,87,E2: A domain,2.48083212,11.95120512,9,G,3.578361577,0.686667596,0.870230042,D,0.077478467,1,-0.384813106,-0.523258471,-0.035218781,87 D,1,-0.790487662
23,87,E2: A domain,2.48083212,11.95120512,9,G,3.578361577,0.686667596,0.870230042,E,0.037756123,1,3.370084479,-0.000250736,7.84E-05,87 E,1,-1.653033992
23,87,E2: A domain,2.48083212,11.95120512,9,G,3.578361577,0.686667596,0.870230042,F,0.052331857,1,-0.000244659,-0.000250736,7.84E-05,87 F,0,-0.279950951
23,87,E2: A domain,2.48083212,11.95120512,9,G,3.578361577,0.686667596,0.870230042,G,0.051013729,1,NA,NA,NA,87 G,1,0
23,87,E2: A domain,2.48083212,11.95120512,9,G,3.578361577,0.686667596,0.870230042,H,0.044168689,1,-2.495382305,-2.496201484,-2.524899289,87 H,0,-0.016132286
23,87,E2: A domain,2.48083212,11.95120512,9,G,3.578361577,0.686667596,0.870230042,I,0.045368558,1,-0.000244659,-0.000250736,7.84E-05,87 I,0,0.113764091
23,87,E2: A domain,2.48083212,11.95120512,9,G,3.578361577,0.686667596,0.870230042,K,0.029299456,1,-4.759615698,-0.184877785,-4.812671669,87 K,1,-2.25411576
23,87,E2: A domain,2.48083212,11.95120512,9,G,3.578361577,0.686667596,0.870230042,L,0.059220484,1,0.182131894,0.088777484,0.349411465,87 L,1,0.502849363
23,87,E2: A domain,2.48083212,11.95120512,9,G,3.578361577,0.686667596,0.870230042,M,0.00020119,1,-0.000244659,-0.000250736,7.84E-05,87 M,0,-0.095087629
23,87,E2: A domain,2.48083212,11.95120512,9,G,3.578361577,0.686667596,0.870230042,N,5.74E-05,1,-0.000244659,-0.000250736,7.84E-05,87 N,0,-0.385111372
23,87,E2: A domain,2.48083212,11.95120512,9,G,3.578361577,0.686667596,0.870230042,P,0.000475384,1,-0.000244659,-0.000250736,7.84E-05,87 P,0,0.419034269
23,87,E2: A domain,2.48083212,11.95120512,9,G,3.578361577,0.686667596,0.870230042,Q,0.045653561,1,-0.000244659,-0.000250736,7.84E-05,87 Q,0,0.520152637
23,87,E2: A domain,2.48083212,11.95120512,9,G,3.578361577,0.686667596,0.870230042,R,0.157383111,1,-1.110897378,-0.736060182,-0.107438044,87 R,1,-0.147420229
23,87,E2: A domain,2.48083212,11.95120512,9,G,3.578361577,0.686667596,0.870230042,S,9.83E-05,1,-0.000244659,-0.000250736,7.84E-05,87 S,0,0.322971398
23,87,E2: A domain,2.48083212,11.95120512,9,G,3.578361577,0.686667596,0.870230042,T,0.111711806,1,-0.373456783,0.255052154,0.148906396,87 T,1,-0.18970284
23,87,E2: A domain,2.48083212,11.95120512,9,G,3.578361577,0.686667596,0.870230042,V,6.77E-05,1,-0.000244659,-0.000250736,7.84E-05,87 V,0,-1.224661347
23,87,E2: A domain,2.48083212,11.95120512,9,G,3.578361577,0.686667596,0.870230042,W,4.22E-05,1,-0.000244659,-0.000250736,7.84E-05,87 W,0,0.128338537
23,87,E2: A domain,2.48083212,11.95120512,9,G,3.578361577,0.686667596,0.870230042,Y,0.056596502,1,-0.007041219,0.169948325,0.268300177,87 Y,1,-0.004933446
24,88,E2: A domain,2.101863122,8.181398666,13,E,0.605375509,0.316596835,0.299033554,A,0.058647216,1,-0.08428366,0.097515722,-0.138180849,88 A,1,0.041464476
24,88,E2: A domain,2.101863122,8.181398666,13,E,0.605375509,0.316596835,0.299033554,C,0.080150785,1,-0.357565799,-1.47434129,-0.422120974,88 C,1,-0.330458836
24,88,E2: A domain,2.101863122,8.181398666,13,E,0.605375509,0.316596835,0.299033554,D,0.051857453,1,-0.000511888,-0.000813171,-0.000595451,88 D,0,-0.118444581
24,88,E2: A domain,2.101863122,8.181398666,13,E,0.605375509,0.316596835,0.299033554,E,0.013358771,1,NA,NA,NA,88 E,1,0
24,88,E2: A domain,2.101863122,8.181398666,13,E,0.605375509,0.316596835,0.299033554,F,0.409127737,1,0.314313385,-1.75095764,-0.006693125,88 F,1,0.710203099
24,88,E2: A domain,2.101863122,8.181398666,13,E,0.605375509,0.316596835,0.299033554,G,0.011387744,1,0.108952948,-0.222711374,0.186540274,88 G,1,-0.616782055
24,88,E2: A domain,2.101863122,8.181398666,13,E,0.605375509,0.316596835,0.299033554,H,0.051100552,1,-0.000511888,-0.000813171,-0.000595451,88 H,0,-0.186043167
24,88,E2: A domain,2.101863122,8.181398666,13,E,0.605375509,0.316596835,0.299033554,I,0.037280849,1,-0.463241619,-0.367817765,-0.035671011,88 I,1,2.769607307
24,88,E2: A domain,2.101863122,8.181398666,13,E,0.605375509,0.316596835,0.299033554,K,0.117239312,1,-0.763756413,-0.170402186,-0.294376172,88 K,1,1.860647688
24,88,E2: A domain,2.101863122,8.181398666,13,E,0.605375509,0.316596835,0.299033554,L,0.000370644,1,-0.51665024,-0.685630991,-0.669984688,88 L,1,-0.510185542
24,88,E2: A domain,2.101863122,8.181398666,13,E,0.605375509,0.316596835,0.299033554,M,1.73E-05,1,-0.000511888,-0.000813171,-0.000595451,88 M,0,-0.702830838
24,88,E2: A domain,2.101863122,8.181398666,13,E,0.605375509,0.316596835,0.299033554,N,6.42E-05,1,-0.000511888,-0.000813171,-0.000595451,88 N,0,0.19708357
24,88,E2: A domain,2.101863122,8.181398666,13,E,0.605375509,0.316596835,0.299033554,P,0.015820471,1,0.182109176,-0.14778588,-0.281435793,88 P,1,-3.807143214
24,88,E2: A domain,2.101863122,8.181398666,13,E,0.605375509,0.316596835,0.299033554,Q,0.010850982,1,-0.056816057,0.219081113,-2.725269754,88 Q,1,3.021451591
24,88,E2: A domain,2.101863122,8.181398666,13,E,0.605375509,0.316596835,0.299033554,R,0.005429173,1,-5.000935124,-5.000662122,-5.053765306,88 R,1,0.827390974
24,88,E2: A domain,2.101863122,8.181398666,13,E,0.605375509,0.316596835,0.299033554,S,0.003940375,1,-0.083506276,-0.797871574,0.112493279,88 S,1,-1.988531204
24,88,E2: A domain,2.101863122,8.181398666,13,E,0.605375509,0.316596835,0.299033554,T,0.028774182,1,-0.10065608,-0.083422815,-0.041301104,88 T,1,-0.060051866
24,88,E2: A domain,2.101863122,8.181398666,13,E,0.605375509,0.316596835,0.299033554,V,4.42E-05,1,-3.115332632,-3.115341257,-3.145100099,88 V,0,0.523692518
24,88,E2: A domain,2.101863122,8.181398666,13,E,0.605375509,0.316596835,0.299033554,W,0.051442406,1,-0.000511888,-0.000813171,-0.000595451,88 W,0,0.116728759
24,88,E2: A domain,2.101863122,8.181398666,13,E,0.605375509,0.316596835,0.299033554,Y,0.053095706,1,-0.000511888,-0.000813171,-0.000595451,88 Y,0,-2.242665347
25,89,E2: A domain,2.310132537,10.07575998,6,G,5.892593656,0.421094435,6.384952267,A,0.049207721,1,0.002430609,-0.000451353,0.002344569,89 A,0,-0.859248081
25,89,E2: A domain,2.310132537,10.07575998,6,G,5.892593656,0.421094435,6.384952267,C,0.046309416,1,0.002430609,-0.000451353,0.002344569,89 C,0,1.267475153
25,89,E2: A domain,2.310132537,10.07575998,6,G,5.892593656,0.421094435,6.384952267,D,0.000747208,1,0.002430609,-0.000451353,0.002344569,89 D,0,0.295232269
25,89,E2: A domain,2.310132537,10.07575998,6,G,5.892593656,0.421094435,6.384952267,E,0.185715411,1,0.002430609,-0.000451353,0.002344569,89 E,1,1.456735516
25,89,E2: A domain,2.310132537,10.07575998,6,G,5.892593656,0.421094435,6.384952267,F,0.047290692,1,0.002430609,-0.000451353,0.002344569,89 F,0,0.007727436
25,89,E2: A domain,2.310132537,10.07575998,6,G,5.892593656,0.421094435,6.384952267,G,0.15203879,1,NA,NA,NA,89 G,1,0
25,89,E2: A domain,2.310132537,10.07575998,6,G,5.892593656,0.421094435,6.384952267,H,0.030049205,1,-0.853871494,0.421094435,0.418338895,89 H,1,-1.551268991
25,89,E2: A domain,2.310132537,10.07575998,6,G,5.892593656,0.421094435,6.384952267,I,0.000330383,1,0.002430609,-0.000451353,0.002344569,89 I,0,-1.167340818
25,89,E2: A domain,2.310132537,10.07575998,6,G,5.892593656,0.421094435,6.384952267,K,0.000270697,1,0.002430609,-0.000451353,0.002344569,89 K,0,0.412410695
25,89,E2: A domain,2.310132537,10.07575998,6,G,5.892593656,0.421094435,6.384952267,L,0.187428948,1,-0.4752477,-0.357080015,-0.19564918,89 L,1,-2.789658622
25,89,E2: A domain,2.310132537,10.07575998,6,G,5.892593656,0.421094435,6.384952267,M,0.000891594,1,0.002430609,-0.000451353,0.002344569,89 M,0,-0.147163863
25,89,E2: A domain,2.310132537,10.07575998,6,G,5.892593656,0.421094435,6.384952267,N,0.050367971,1,0.002430609,-0.000451353,0.002344569,89 N,0,-0.091562695
25,89,E2: A domain,2.310132537,10.07575998,6,G,5.892593656,0.421094435,6.384952267,P,0.000729473,1,0.002430609,-0.000451353,0.002344569,89 P,0,0.223497084
25,89,E2: A domain,2.310132537,10.07575998,6,G,5.892593656,0.421094435,6.384952267,Q,0.000216119,1,0.002430609,-0.000451353,0.002344569,89 Q,0,0.10359626
25,89,E2: A domain,2.310132537,10.07575998,6,G,5.892593656,0.421094435,6.384952267,R,0.092313827,1,-0.064296189,-0.784936669,-0.495877904,89 R,1,0.123700719
25,89,E2: A domain,2.310132537,10.07575998,6,G,5.892593656,0.421094435,6.384952267,S,0.047670896,1,0.002430609,-0.000451353,0.002344569,89 S,0,0.46479145
25,89,E2: A domain,2.310132537,10.07575998,6,G,5.892593656,0.421094435,6.384952267,T,0.000335924,1,0.002430609,-0.000451353,0.002344569,89 T,0,0.122253531
25,89,E2: A domain,2.310132537,10.07575998,6,G,5.892593656,0.421094435,6.384952267,V,0.050372675,1,0.002430609,-0.000451353,0.002344569,89 V,0,2.323195864
25,89,E2: A domain,2.310132537,10.07575998,6,G,5.892593656,0.421094435,6.384952267,W,2.02E-05,1,5.858565132,-0.000451353,5.933789402,89 W,0,2.279021937
25,89,E2: A domain,2.310132537,10.07575998,6,G,5.892593656,0.421094435,6.384952267,Y,0.057692834,1,-0.548238851,-0.25785375,-0.326221708,89 Y,1,-1.522650352
26,90,E2: A domain,1.933827325,6.915929162,8,H,2.837922988,3.215668864,6.352989049,A,0.000160882,1,-7.91E-05,-0.000199776,1.28E-05,90 A,0,0.238886922
26,90,E2: A domain,1.933827325,6.915929162,8,H,2.837922988,3.215668864,6.352989049,C,0.000117051,1,-7.91E-05,-0.000199776,1.28E-05,90 C,0,0.654250608
26,90,E2: A domain,1.933827325,6.915929162,8,H,2.837922988,3.215668864,6.352989049,D,0.00011632,1,-7.91E-05,-0.000199776,1.28E-05,90 D,0,0.293749824
26,90,E2: A domain,1.933827325,6.915929162,8,H,2.837922988,3.215668864,6.352989049,E,0.109831785,1,0.195033639,-0.339163808,0.09685227,90 E,1,0.524563104
26,90,E2: A domain,1.933827325,6.915929162,8,H,2.837922988,3.215668864,6.352989049,F,0.000114288,1,-7.91E-05,-0.000199776,1.28E-05,90 F,0,0.414437554
26,90,E2: A domain,1.933827325,6.915929162,8,H,2.837922988,3.215668864,6.352989049,G,0.105609725,1,-0.084397647,-0.547698556,0.407291611,90 G,1,0.126240916
26,90,E2: A domain,1.933827325,6.915929162,8,H,2.837922988,3.215668864,6.352989049,H,0.04206405,1,NA,NA,NA,90 H,1,0
26,90,E2: A domain,1.933827325,6.915929162,8,H,2.837922988,3.215668864,6.352989049,I,0.000305295,1,-2.327130289,-2.326114921,-2.350207045,90 I,0,-2.045103174
26,90,E2: A domain,1.933827325,6.915929162,8,H,2.837922988,3.215668864,6.352989049,K,0.049001347,1,-7.91E-05,-0.000199776,1.28E-05,90 K,0,0.868219477
26,90,E2: A domain,1.933827325,6.915929162,8,H,2.837922988,3.215668864,6.352989049,L,0.000163045,1,-7.91E-05,-0.000199776,1.28E-05,90 L,0,0.032113481
26,90,E2: A domain,1.933827325,6.915929162,8,H,2.837922988,3.215668864,6.352989049,M,0.047718579,1,-7.91E-05,-0.000199776,1.28E-05,90 M,0,0.219236042
26,90,E2: A domain,1.933827325,6.915929162,8,H,2.837922988,3.215668864,6.352989049,N,5.50E-05,1,-7.91E-05,-0.000199776,1.28E-05,90 N,0,0.330095385
26,90,E2: A domain,1.933827325,6.915929162,8,H,2.837922988,3.215668864,6.352989049,P,0.00559522,1,-0.055860545,-0.028513199,2.667546072,90 P,1,0.173896056
26,90,E2: A domain,1.933827325,6.915929162,8,H,2.837922988,3.215668864,6.352989049,Q,0.04982098,1,-7.91E-05,-0.000199776,1.28E-05,90 Q,0,1.110339963
26,90,E2: A domain,1.933827325,6.915929162,8,H,2.837922988,3.215668864,6.352989049,R,0.051163639,1,-0.212259395,0.26837106,0.03808621,90 R,1,-0.233201873
26,90,E2: A domain,1.933827325,6.915929162,8,H,2.837922988,3.215668864,6.352989049,S,0.005112233,1,2.465184538,2.927399967,2.940408137,90 S,1,-1.974666398
26,90,E2: A domain,1.933827325,6.915929162,8,H,2.837922988,3.215668864,6.352989049,T,4.07E-05,1,-2.543206089,-0.332409214,-2.571941203,90 T,0,-1.002752026
26,90,E2: A domain,1.933827325,6.915929162,8,H,2.837922988,3.215668864,6.352989049,V,0.375698866,1,-0.169075929,0.019897837,-0.371795812,90 V,1,0.133437145
26,90,E2: A domain,1.933827325,6.915929162,8,H,2.837922988,3.215668864,6.352989049,W,0.000257719,1,-7.91E-05,-0.000199776,1.28E-05,90 W,0,0.003329146
26,90,E2: A domain,1.933827325,6.915929162,8,H,2.837922988,3.215668864,6.352989049,Y,0.157053256,1,0.177704811,-0.242668989,0.202676605,90 Y,1,1.354519607
27,91,E2: A domain,2.657973505,14.26734708,8,S,2.449236644,0.335842219,0,A,0.049729729,1,-0.000170073,-0.00013859,-0.000243712,91 A,0,-0.870717597
27,91,E2: A domain,2.657973505,14.26734708,8,S,2.449236644,0.335842219,0,C,0.050094035,1,-0.000170073,-0.00013859,-0.000243712,91 C,0,-0.212204196
27,91,E2: A domain,2.657973505,14.26734708,8,S,2.449236644,0.335842219,0,D,0.000460553,1,-0.000170073,-0.00013859,-0.000243712,91 D,0,-0.315929086
27,91,E2: A domain,2.657973505,14.26734708,8,S,2.449236644,0.335842219,0,E,0.001219003,1,-0.000170073,-0.00013859,-0.000243712,91 E,1,-1.43963553
27,91,E2: A domain,2.657973505,14.26734708,8,S,2.449236644,0.335842219,0,F,0.051417551,1,-0.000170073,-0.00013859,-0.000243712,91 F,0,-0.196954897
27,91,E2: A domain,2.657973505,14.26734708,8,S,2.449236644,0.335842219,0,G,0.070272485,1,-0.332982607,-1.008621462,-0.144867785,91 G,1,-0.471992567
27,91,E2: A domain,2.657973505,14.26734708,8,S,2.449236644,0.335842219,0,H,0.000530367,1,2.264789858,-0.00013859,-0.000243712,91 H,0,0.135847733
27,91,E2: A domain,2.657973505,14.26734708,8,S,2.449236644,0.335842219,0,I,0.053651062,1,-0.000170073,-0.00013859,-0.000243712,91 I,0,0.244319613
27,91,E2: A domain,2.657973505,14.26734708,8,S,2.449236644,0.335842219,0,K,0.051467141,1,-0.000170073,-0.00013859,-0.000243712,91 K,0,-0.35491448
27,91,E2: A domain,2.657973505,14.26734708,8,S,2.449236644,0.335842219,0,L,0.138237652,1,-0.000170073,-0.00013859,-0.000243712,91 L,1,1.057289915
27,91,E2: A domain,2.657973505,14.26734708,8,S,2.449236644,0.335842219,0,M,0.000689681,1,-0.000170073,-0.00013859,-0.000243712,91 M,0,-0.009564919
27,91,E2: A domain,2.657973505,14.26734708,8,S,2.449236644,0.335842219,0,N,0.000555871,1,-0.000170073,-0.00013859,-0.000243712,91 N,0,0.398805175
27,91,E2: A domain,2.657973505,14.26734708,8,S,2.449236644,0.335842219,0,P,0.027698274,1,0.184446787,0.335842219,-0.002021947,91 P,1,0.297232367
27,91,E2: A domain,2.657973505,14.26734708,8,S,2.449236644,0.335842219,0,Q,0.063722782,1,-0.5893368,-0.218450449,-3.851718121,91 Q,1,1.599865141
27,91,E2: A domain,2.657973505,14.26734708,8,S,2.449236644,0.335842219,0,R,0.093922505,1,-0.392706494,-0.257689142,-0.462369587,91 R,1,-0.146566425
27,91,E2: A domain,2.657973505,14.26734708,8,S,2.449236644,0.335842219,0,S,0.10410067,1,NA,NA,NA,91 S,1,0
27,91,E2: A domain,2.657973505,14.26734708,8,S,2.449236644,0.335842219,0,T,0.059093653,1,-0.000170073,-0.00013859,-0.000243712,91 T,0,-2.374217648
27,91,E2: A domain,2.657973505,14.26734708,8,S,2.449236644,0.335842219,0,V,0.063571286,1,-0.307171818,-0.202834421,-0.34159518,91 V,1,0.448684137
27,91,E2: A domain,2.657973505,14.26734708,8,S,2.449236644,0.335842219,0,W,0.057031344,1,-0.000170073,-0.00013859,-0.000243712,91 W,0,0.821677433
27,91,E2: A domain,2.657973505,14.26734708,8,S,2.449236644,0.335842219,0,Y,0.062534357,1,-0.000170073,-0.00013859,-0.000243712,91 Y,0,-0.26995173
28,92,E2: A domain,2.180612966,8.851730408,3,C,1.355841662,0.072053096,0.098890959,A,0.000522444,1,-0.000118754,-3.82E-05,-3.46E-05,92 A,0,0.442773493
28,92,E2: A domain,2.180612966,8.851730408,3,C,1.355841662,0.072053096,0.098890959,C,0.273853722,1,NA,NA,NA,92 C,1,0
28,92,E2: A domain,2.180612966,8.851730408,3,C,1.355841662,0.072053096,0.098890959,D,0.055252761,1,-0.000118754,-3.82E-05,-3.46E-05,92 D,0,0.514907823
28,92,E2: A domain,2.180612966,8.851730408,3,C,1.355841662,0.072053096,0.098890959,E,0.04226836,1,-0.000118754,-3.82E-05,-3.46E-05,92 E,0,-0.119494109
28,92,E2: A domain,2.180612966,8.851730408,3,C,1.355841662,0.072053096,0.098890959,F,0.049288517,1,1.355841662,-3.82E-05,-3.46E-05,92 F,0,-0.422188127
28,92,E2: A domain,2.180612966,8.851730408,3,C,1.355841662,0.072053096,0.098890959,G,0.000276605,1,-0.000118754,-3.82E-05,-3.46E-05,92 G,0,2.000708053
28,92,E2: A domain,2.180612966,8.851730408,3,C,1.355841662,0.072053096,0.098890959,H,0.054094719,1,-0.000118754,-3.82E-05,-3.46E-05,92 H,0,0.064972748
28,92,E2: A domain,2.180612966,8.851730408,3,C,1.355841662,0.072053096,0.098890959,I,0.049565559,1,-0.000118754,-3.82E-05,-3.46E-05,92 I,0,0.555676829
28,92,E2: A domain,2.180612966,8.851730408,3,C,1.355841662,0.072053096,0.098890959,K,0.000486508,1,-0.000118754,-3.82E-05,-3.46E-05,92 K,0,-0.094392272
28,92,E2: A domain,2.180612966,8.851730408,3,C,1.355841662,0.072053096,0.098890959,L,0.000215324,1,-0.000118754,-3.82E-05,-3.46E-05,92 L,0,-0.575569454
28,92,E2: A domain,2.180612966,8.851730408,3,C,1.355841662,0.072053096,0.098890959,M,0.05030898,1,-0.000118754,-3.82E-05,-3.46E-05,92 M,0,-0.35755227
28,92,E2: A domain,2.180612966,8.851730408,3,C,1.355841662,0.072053096,0.098890959,N,0.000356491,1,-0.000118754,-3.82E-05,-3.46E-05,92 N,0,0.192119772
28,92,E2: A domain,2.180612966,8.851730408,3,C,1.355841662,0.072053096,0.098890959,P,0.052411166,1,-0.000118754,-3.82E-05,-3.46E-05,92 P,0,0.240365728
28,92,E2: A domain,2.180612966,8.851730408,3,C,1.355841662,0.072053096,0.098890959,Q,0.001014592,1,-0.000118754,-3.82E-05,-3.46E-05,92 Q,0,-0.161033418
28,92,E2: A domain,2.180612966,8.851730408,3,C,1.355841662,0.072053096,0.098890959,R,0.18389828,1,-0.877242732,-0.482603563,-0.487192301,92 R,1,-0.355890074
28,92,E2: A domain,2.180612966,8.851730408,3,C,1.355841662,0.072053096,0.098890959,S,0.000530689,1,-0.000118754,-3.82E-05,-3.46E-05,92 S,0,-0.776076781
28,92,E2: A domain,2.180612966,8.851730408,3,C,1.355841662,0.072053096,0.098890959,T,0.000706063,1,-0.000118754,-3.82E-05,-3.46E-05,92 T,0,-0.392259311
28,92,E2: A domain,2.180612966,8.851730408,3,C,1.355841662,0.072053096,0.098890959,V,0.001160171,1,-0.000118754,-3.82E-05,-3.46E-05,92 V,0,0.239482976
28,92,E2: A domain,2.180612966,8.851730408,3,C,1.355841662,0.072053096,0.098890959,W,0.053565099,1,-0.000118754,-3.82E-05,-3.46E-05,92 W,0,-0.648730283
28,92,E2: A domain,2.180612966,8.851730408,3,C,1.355841662,0.072053096,0.098890959,Y,0.130223951,1,-2.641320182,0.072053096,0.098890959,92 Y,1,0.443375757
29,93,E2: A domain,2.56858346,13.04732928,6,H,0.53697318,5.563425629,0.068391266,A,0.052940757,1,-0.000116072,2.51E-05,-0.000171251,93 A,0,-0.032570524
29,93,E2: A domain,2.56858346,13.04732928,6,H,0.53697318,5.563425629,0.068391266,C,0.000393936,1,-0.000116072,2.51E-05,-0.000171251,93 C,0,0.477905586
29,93,E2: A domain,2.56858346,13.04732928,6,H,0.53697318,5.563425629,0.068391266,D,0.050410065,1,-0.000116072,2.51E-05,-0.000171251,93 D,0,-0.462663079
29,93,E2: A domain,2.56858346,13.04732928,6,H,0.53697318,5.563425629,0.068391266,E,0.04547054,1,-0.000116072,2.51E-05,-0.000171251,93 E,0,0.357993229
29,93,E2: A domain,2.56858346,13.04732928,6,H,0.53697318,5.563425629,0.068391266,F,0.076861412,1,-0.143154351,-3.733644894,-0.117492596,93 F,1,-1.8458505
29,93,E2: A domain,2.56858346,13.04732928,6,H,0.53697318,5.563425629,0.068391266,G,0.143288249,1,-1.169592868,0.372793496,-1.012373977,93 G,1,-1.462186661
29,93,E2: A domain,2.56858346,13.04732928,6,H,0.53697318,5.563425629,0.068391266,H,0.112354481,1,NA,NA,NA,93 H,1,0
29,93,E2: A domain,2.56858346,13.04732928,6,H,0.53697318,5.563425629,0.068391266,I,0.050754987,1,-0.000116072,2.51E-05,-0.000171251,93 I,0,0.081016422
29,93,E2: A domain,2.56858346,13.04732928,6,H,0.53697318,5.563425629,0.068391266,K,0.051705917,1,-0.000116072,2.51E-05,-0.000171251,93 K,0,-0.097169351
29,93,E2: A domain,2.56858346,13.04732928,6,H,0.53697318,5.563425629,0.068391266,L,0.054996532,1,-0.000116072,2.32195323,-0.000171251,93 L,0,0.29456237
29,93,E2: A domain,2.56858346,13.04732928,6,H,0.53697318,5.563425629,0.068391266,M,0.030480077,1,0.209242451,2.279957705,-0.158238273,93 M,1,0.6992078
29,93,E2: A domain,2.56858346,13.04732928,6,H,0.53697318,5.563425629,0.068391266,N,0.047522902,1,-0.000116072,2.51E-05,-0.000171251,93 N,0,-0.717766382
29,93,E2: A domain,2.56858346,13.04732928,6,H,0.53697318,5.563425629,0.068391266,P,0.000183927,1,-0.000116072,2.51E-05,-0.000171251,93 P,0,0.224770092
29,93,E2: A domain,2.56858346,13.04732928,6,H,0.53697318,5.563425629,0.068391266,Q,0.044248007,1,-0.000116072,2.51E-05,-0.000171251,93 Q,0,4.314824223
29,93,E2: A domain,2.56858346,13.04732928,6,H,0.53697318,5.563425629,0.068391266,R,0.026997842,1,-0.343484134,-0.981463603,0.068391266,93 R,1,-1.054299773
29,93,E2: A domain,2.56858346,13.04732928,6,H,0.53697318,5.563425629,0.068391266,S,0.165275018,1,0.327730728,0.58839444,-0.364919709,93 S,1,0.393722495
29,93,E2: A domain,2.56858346,13.04732928,6,H,0.53697318,5.563425629,0.068391266,T,0.000144439,1,-0.000116072,2.51E-05,-0.000171251,93 T,0,-0.858418101
29,93,E2: A domain,2.56858346,13.04732928,6,H,0.53697318,5.563425629,0.068391266,V,0.045022978,1,-0.000116072,2.51E-05,-0.000171251,93 V,0,0.26975068
29,93,E2: A domain,2.56858346,13.04732928,6,H,0.53697318,5.563425629,0.068391266,W,0.000822911,1,-0.000116072,2.51E-05,-0.000171251,93 W,0,0.802278526
29,93,E2: A domain,2.56858346,13.04732928,6,H,0.53697318,5.563425629,0.068391266,Y,0.000125024,1,-0.000116072,2.51E-05,-0.000171251,93 Y,0,0.581697799
30,94,E2: A domain,2.231887433,9.317435528,3,S,0.03503382,0.762958322,0.600183339,A,0.000221188,1,4.88E-06,0.000141645,1.36E-05,94 A,0,-0.242959111
30,94,E2: A domain,2.231887433,9.317435528,3,S,0.03503382,0.762958322,0.600183339,C,0.053212592,1,4.88E-06,0.000141645,1.36E-05,94 C,0,-0.217538581
30,94,E2: A domain,2.231887433,9.317435528,3,S,0.03503382,0.762958322,0.600183339,D,0.000203726,1,4.88E-06,0.000141645,1.36E-05,94 D,0,0.167649304
30,94,E2: A domain,2.231887433,9.317435528,3,S,0.03503382,0.762958322,0.600183339,E,0.051538109,1,4.88E-06,0.000141645,1.36E-05,94 E,0,-0.43589161
30,94,E2: A domain,2.231887433,9.317435528,3,S,0.03503382,0.762958322,0.600183339,F,0.047086927,1,4.88E-06,0.000141645,1.36E-05,94 F,0,0.138275086
30,94,E2: A domain,2.231887433,9.317435528,3,S,0.03503382,0.762958322,0.600183339,G,0.010142374,1,4.88E-06,0.000141645,0.501354631,94 G,1,1.039822743
30,94,E2: A domain,2.231887433,9.317435528,3,S,0.03503382,0.762958322,0.600183339,H,0.000221788,1,4.88E-06,0.000141645,1.36E-05,94 H,0,-0.384058251
30,94,E2: A domain,2.231887433,9.317435528,3,S,0.03503382,0.762958322,0.600183339,I,0.047497668,1,4.88E-06,0.000141645,1.36E-05,94 I,0,0.290283338
30,94,E2: A domain,2.231887433,9.317435528,3,S,0.03503382,0.762958322,0.600183339,K,0.049297289,1,4.88E-06,0.000141645,1.36E-05,94 K,0,0.055871491
30,94,E2: A domain,2.231887433,9.317435528,3,S,0.03503382,0.762958322,0.600183339,L,7.07E-05,1,4.88E-06,0.000141645,1.36E-05,94 L,0,-0.168646245
30,94,E2: A domain,2.231887433,9.317435528,3,S,0.03503382,0.762958322,0.600183339,M,8.11E-05,1,4.88E-06,0.000141645,1.36E-05,94 M,0,-0.562256619
30,94,E2: A domain,2.231887433,9.317435528,3,S,0.03503382,0.762958322,0.600183339,N,0.054138315,1,4.88E-06,0.000141645,1.36E-05,94 N,0,-0.490028581
30,94,E2: A domain,2.231887433,9.317435528,3,S,0.03503382,0.762958322,0.600183339,P,0.054953069,1,4.88E-06,0.000141645,1.36E-05,94 P,0,0.479845579
30,94,E2: A domain,2.231887433,9.317435528,3,S,0.03503382,0.762958322,0.600183339,Q,0.055847769,1,4.88E-06,0.000141645,1.36E-05,94 Q,0,-0.129825736
30,94,E2: A domain,2.231887433,9.317435528,3,S,0.03503382,0.762958322,0.600183339,R,0.049992204,1,4.88E-06,0.000141645,1.36E-05,94 R,0,-0.234125384
30,94,E2: A domain,2.231887433,9.317435528,3,S,0.03503382,0.762958322,0.600183339,S,0.169435379,1,NA,NA,NA,94 S,1,0
30,94,E2: A domain,2.231887433,9.317435528,3,S,0.03503382,0.762958322,0.600183339,T,0.312137344,1,0.034946,0.76040872,0.098598012,94 T,1,1.071453134
30,94,E2: A domain,2.231887433,9.317435528,3,S,0.03503382,0.762958322,0.600183339,V,0.000185694,1,4.88E-06,0.000141645,1.36E-05,94 V,0,-0.274017243
30,94,E2: A domain,2.231887433,9.317435528,3,S,0.03503382,0.762958322,0.600183339,W,0.043476123,1,4.88E-06,0.000141645,1.36E-05,94 W,0,0.206617438
30,94,E2: A domain,2.231887433,9.317435528,3,S,0.03503382,0.762958322,0.600183339,Y,0.000260726,1,4.88E-06,0.000141645,1.36E-05,94 Y,0,-0.262171483
31,95,E2: A domain,1.955268764,7.065817808,5,P,0.07894994,0,0,A,0.000373812,1,-8.41E-05,-0.000135201,-0.000109701,95 A,0,-0.833036778
31,95,E2: A domain,1.955268764,7.065817808,5,P,0.07894994,0,0,C,0.048040955,1,-8.41E-05,-0.000135201,-0.000109701,95 C,0,-0.040902943
31,95,E2: A domain,1.955268764,7.065817808,5,P,0.07894994,0,0,D,0.000644213,1,-8.41E-05,-0.000135201,-0.000109701,95 D,0,0.124849878
31,95,E2: A domain,1.955268764,7.065817808,5,P,0.07894994,0,0,E,0.00025524,1,-8.41E-05,-0.000135201,-0.000109701,95 E,0,0.145964267
31,95,E2: A domain,1.955268764,7.065817808,5,P,0.07894994,0,0,F,0.000589621,1,-2.333149033,-0.015394246,-2.355857154,95 F,0,0.36404643
31,95,E2: A domain,1.955268764,7.065817808,5,P,0.07894994,0,0,G,0.000734701,1,-8.41E-05,-0.000135201,-0.000109701,95 G,0,0.282729475
31,95,E2: A domain,1.955268764,7.065817808,5,P,0.07894994,0,0,H,8.72E-06,1,-8.41E-05,-0.000135201,-0.000109701,95 H,0,-0.431698378
31,95,E2: A domain,1.955268764,7.065817808,5,P,0.07894994,0,0,I,0.00126598,1,-8.41E-05,-0.000135201,-0.000109701,95 I,0,0.60043548
31,95,E2: A domain,1.955268764,7.065817808,5,P,0.07894994,0,0,K,0.000474476,1,-8.41E-05,-0.000135201,-0.000109701,95 K,0,-0.465005675
31,95,E2: A domain,1.955268764,7.065817808,5,P,0.07894994,0,0,L,0.083966432,1,0.078949944,-2.498522835,-2.839598891,95 L,1,-0.261334186
31,95,E2: A domain,1.955268764,7.065817808,5,P,0.07894994,0,0,M,0.001962554,1,-8.41E-05,-0.000135201,-0.000109701,95 M,0,0.250136275
31,95,E2: A domain,1.955268764,7.065817808,5,P,0.07894994,0,0,N,0.021986993,1,-2.213812815,-2.217954928,-2.236353586,95 N,1,2.01921659
31,95,E2: A domain,1.955268764,7.065817808,5,P,0.07894994,0,0,P,0.311630463,1,NA,NA,NA,95 P,1,0
31,95,E2: A domain,1.955268764,7.065817808,5,P,0.07894994,0,0,Q,0.052951576,1,-8.41E-05,-0.000135201,-0.000109701,95 Q,0,0.03932251
31,95,E2: A domain,1.955268764,7.065817808,5,P,0.07894994,0,0,R,0.141596078,1,-0.315596081,-0.287199647,-0.125927943,95 R,1,1.52763418
31,95,E2: A domain,1.955268764,7.065817808,5,P,0.07894994,0,0,S,0.207103579,1,-0.419541963,-0.790153522,-0.282833348,95 S,1,-1.893127245
31,95,E2: A domain,1.955268764,7.065817808,5,P,0.07894994,0,0,T,1.94E-05,1,-8.41E-05,-0.000135201,-0.000109701,95 T,0,0.812515786
31,95,E2: A domain,1.955268764,7.065817808,5,P,0.07894994,0,0,V,0.060515462,1,-8.41E-05,-0.000135201,-0.000109701,95 V,0,0.006926236
31,95,E2: A domain,1.955268764,7.065817808,5,P,0.07894994,0,0,W,0.00044001,1,-8.41E-05,-0.000135201,-0.000109701,95 W,0,0.394196988
31,95,E2: A domain,1.955268764,7.065817808,5,P,0.07894994,0,0,Y,0.065439707,1,-8.41E-05,-0.000135201,-0.000109701,95 Y,0,-0.219223093
32,96,E2: A domain,2.068143078,7.910120996,6,V,0.721056777,0.050197095,1.504436936,A,0.160825809,1,0.208394851,0.050197095,-0.67954484,96 A,1,-0.918492494
32,96,E2: A domain,2.068143078,7.910120996,6,V,0.721056777,0.050197095,1.504436936,C,0.000588146,1,8.38E-05,-0.000145952,0.000223999,96 C,0,0.089249139
32,96,E2: A domain,2.068143078,7.910120996,6,V,0.721056777,0.050197095,1.504436936,D,0.000327384,1,-2.315769477,-2.31982237,-2.338811954,96 D,0,-0.53659609
32,96,E2: A domain,2.068143078,7.910120996,6,V,0.721056777,0.050197095,1.504436936,E,0.053430414,1,8.38E-05,-0.000145952,0.000223999,96 E,0,-0.114175641
32,96,E2: A domain,2.068143078,7.910120996,6,V,0.721056777,0.050197095,1.504436936,F,0.050470407,1,8.38E-05,-0.000145952,0.000223999,96 F,0,-0.181248317
32,96,E2: A domain,2.068143078,7.910120996,6,V,0.721056777,0.050197095,1.504436936,G,6.62E-05,1,8.38E-05,-0.000145952,0.000223999,96 G,0,4.028612133
32,96,E2: A domain,2.068143078,7.910120996,6,V,0.721056777,0.050197095,1.504436936,H,7.41E-05,1,8.38E-05,-0.000145952,0.000223999,96 H,0,-0.278382893
32,96,E2: A domain,2.068143078,7.910120996,6,V,0.721056777,0.050197095,1.504436936,I,0.312495149,1,0.059036395,-0.04937316,0.595578261,96 I,1,-0.686266808
32,96,E2: A domain,2.068143078,7.910120996,6,V,0.721056777,0.050197095,1.504436936,K,0.000122422,1,8.38E-05,-0.000145952,0.000223999,96 K,0,0.153472886
32,96,E2: A domain,2.068143078,7.910120996,6,V,0.721056777,0.050197095,1.504436936,L,0.112693827,1,-0.666188193,-0.910502474,-0.184808612,96 L,1,-1.551923225
32,96,E2: A domain,2.068143078,7.910120996,6,V,0.721056777,0.050197095,1.504436936,M,0.04895261,1,8.38E-05,-0.000145952,0.000223999,96 M,0,-0.708265749
32,96,E2: A domain,2.068143078,7.910120996,6,V,0.721056777,0.050197095,1.504436936,N,0.000637568,1,8.38E-05,-0.000145952,0.000223999,96 N,0,-0.168862475
32,96,E2: A domain,2.068143078,7.910120996,6,V,0.721056777,0.050197095,1.504436936,P,0.000261921,1,8.38E-05,-0.000145952,0.000223999,96 P,0,0.505650907
32,96,E2: A domain,2.068143078,7.910120996,6,V,0.721056777,0.050197095,1.504436936,Q,0.052158753,1,8.38E-05,-0.000145952,0.000223999,96 Q,0,0.965590754
32,96,E2: A domain,2.068143078,7.910120996,6,V,0.721056777,0.050197095,1.504436936,R,0.000264597,1,8.38E-05,-0.000145952,0.000223999,96 R,0,-0.31304973
32,96,E2: A domain,2.068143078,7.910120996,6,V,0.721056777,0.050197095,1.504436936,S,0.037420621,1,0.452536188,-0.335250761,0.550587143,96 S,1,0.696457441
32,96,E2: A domain,2.068143078,7.910120996,6,V,0.721056777,0.050197095,1.504436936,T,0.056334623,1,-3.181373023,-0.82570732,0.355359549,96 T,1,-1.459452109
32,96,E2: A domain,2.068143078,7.910120996,6,V,0.721056777,0.050197095,1.504436936,V,0.111939708,1,NA,NA,NA,96 V,1,0
32,96,E2: A domain,2.068143078,7.910120996,6,V,0.721056777,0.050197095,1.504436936,W,0.000444351,1,8.38E-05,-0.000145952,0.000223999,96 W,0,-0.34122834
32,96,E2: A domain,2.068143078,7.910120996,6,V,0.721056777,0.050197095,1.504436936,Y,0.000491446,1,8.38E-05,-0.000145952,0.000223999,96 Y,0,-0.334695539
33,97,E2: A domain,2.278839565,9.765341791,2,A,5.575085536,2.43E-06,0,A,0.326289319,1,NA,NA,NA,97 A,1,0
33,97,E2: A domain,2.278839565,9.765341791,2,A,5.575085536,2.43E-06,0,C,0.000509681,1,1.189379819,-0.011873767,-1.515170808,97 C,0,-0.825732343
33,97,E2: A domain,2.278839565,9.765341791,2,A,5.575085536,2.43E-06,0,D,0.050157832,1,0.000366339,1.35E-07,-5.12E-06,97 D,0,-0.045960605
33,97,E2: A domain,2.278839565,9.765341791,2,A,5.575085536,2.43E-06,0,E,0.044818773,1,0.000366339,1.35E-07,-5.12E-06,97 E,0,0.09997895
33,97,E2: A domain,2.278839565,9.765341791,2,A,5.575085536,2.43E-06,0,F,0.046925741,1,0.000366339,1.35E-07,-5.12E-06,97 F,0,0.221752526
33,97,E2: A domain,2.278839565,9.765341791,2,A,5.575085536,2.43E-06,0,G,0.043815304,1,0.000366339,1.35E-07,-5.12E-06,97 G,0,0.772793873
33,97,E2: A domain,2.278839565,9.765341791,2,A,5.575085536,2.43E-06,0,H,0.047705098,1,0.000366339,1.35E-07,-5.12E-06,97 H,0,0.320293523
33,97,E2: A domain,2.278839565,9.765341791,2,A,5.575085536,2.43E-06,0,I,0.000226582,1,0.000366339,1.35E-07,-5.12E-06,97 I,0,0.320170479
33,97,E2: A domain,2.278839565,9.765341791,2,A,5.575085536,2.43E-06,0,K,0.051755516,1,0.000366339,1.35E-07,-5.12E-06,97 K,0,-0.303729104
33,97,E2: A domain,2.278839565,9.765341791,2,A,5.575085536,2.43E-06,0,L,0.000109081,1,0.000366339,1.35E-07,-5.12E-06,97 L,0,0.153524494
33,97,E2: A domain,2.278839565,9.765341791,2,A,5.575085536,2.43E-06,0,M,0.051581609,1,0.000366339,1.35E-07,-5.12E-06,97 M,0,-3.77166E-05
33,97,E2: A domain,2.278839565,9.765341791,2,A,5.575085536,2.43E-06,0,N,0.049601353,1,0.000366339,1.35E-07,-5.12E-06,97 N,0,0.494239628
33,97,E2: A domain,2.278839565,9.765341791,2,A,5.575085536,2.43E-06,0,P,0.000560489,1,0.000366339,1.35E-07,-5.12E-06,97 P,0,0.21475082
33,97,E2: A domain,2.278839565,9.765341791,2,A,5.575085536,2.43E-06,0,Q,0.000317692,1,0.000366339,1.35E-07,-5.12E-06,97 Q,0,0.487397407
33,97,E2: A domain,2.278839565,9.765341791,2,A,5.575085536,2.43E-06,0,R,0.000108576,1,0.000366339,1.35E-07,-5.12E-06,97 R,0,-0.399889939
33,97,E2: A domain,2.278839565,9.765341791,2,A,5.575085536,2.43E-06,0,S,0.052205579,1,0.000366339,1.35E-07,-5.12E-06,97 S,0,-1.871811397
33,97,E2: A domain,2.278839565,9.765341791,2,A,5.575085536,2.43E-06,0,T,0.000596946,1,0.000366339,1.35E-07,-5.12E-06,97 T,0,1.154856276
33,97,E2: A domain,2.278839565,9.765341791,2,A,5.575085536,2.43E-06,0,V,0.129765679,1,4.379477947,1.35E-07,-5.12E-06,97 V,1,-0.185307745
33,97,E2: A domain,2.278839565,9.765341791,2,A,5.575085536,2.43E-06,0,W,0.055156668,1,0.000366339,1.35E-07,-5.12E-06,97 W,0,-0.05872311
33,97,E2: A domain,2.278839565,9.765341791,2,A,5.575085536,2.43E-06,0,Y,0.047792484,1,0.000366339,1.35E-07,-5.12E-06,97 Y,0,0.33861957
34,98,E2: A domain,1.767737202,5.857583827,3,L,0.218740939,0,4.670643739,A,0.00160471,1,8.90E-05,-5.06E-05,0.000459676,98 A,0,0.068432439
34,98,E2: A domain,1.767737202,5.857583827,3,L,0.218740939,0,4.670643739,C,0.00188495,1,8.90E-05,-5.06E-05,0.000459676,98 C,0,0.265267443
34,98,E2: A domain,1.767737202,5.857583827,3,L,0.218740939,0,4.670643739,D,0.053708132,1,8.90E-05,-5.06E-05,0.000459676,98 D,0,0.17003274
34,98,E2: A domain,1.767737202,5.857583827,3,L,0.218740939,0,4.670643739,E,0.003496812,1,8.90E-05,-5.06E-05,0.000459676,98 E,0,-0.120323435
34,98,E2: A domain,1.767737202,5.857583827,3,L,0.218740939,0,4.670643739,F,0.000437634,1,8.90E-05,-5.06E-05,0.000459676,98 F,0,-0.136575258
34,98,E2: A domain,1.767737202,5.857583827,3,L,0.218740939,0,4.670643739,G,0.046967691,1,8.90E-05,-5.06E-05,0.000459676,98 G,0,-0.306611244
34,98,E2: A domain,1.767737202,5.857583827,3,L,0.218740939,0,4.670643739,H,0.001935758,1,8.90E-05,-5.06E-05,0.000459676,98 H,0,-0.096828249
34,98,E2: A domain,1.767737202,5.857583827,3,L,0.218740939,0,4.670643739,I,0.050578212,1,0.137510553,-0.084371528,4.662829244,98 I,1,0.10771847
34,98,E2: A domain,1.767737202,5.857583827,3,L,0.218740939,0,4.670643739,K,0.056476992,1,8.90E-05,-5.06E-05,0.000459676,98 K,0,-0.240581908
34,98,E2: A domain,1.767737202,5.857583827,3,L,0.218740939,0,4.670643739,L,0.414747393,1,NA,NA,NA,98 L,1,0
34,98,E2: A domain,1.767737202,5.857583827,3,L,0.218740939,0,4.670643739,M,0.000324721,1,8.90E-05,-5.06E-05,0.000459676,98 M,0,-0.152849788
34,98,E2: A domain,1.767737202,5.857583827,3,L,0.218740939,0,4.670643739,N,0.002002632,1,8.90E-05,-5.06E-05,0.000459676,98 N,0,-0.199427046
34,98,E2: A domain,1.767737202,5.857583827,3,L,0.218740939,0,4.670643739,P,0.254889092,1,0.079716767,-0.626120307,-0.290994,98 P,1,0.403675597
34,98,E2: A domain,1.767737202,5.857583827,3,L,0.218740939,0,4.670643739,Q,0.00220952,1,8.90E-05,-5.06E-05,0.000459676,98 Q,0,-2.013678188
34,98,E2: A domain,1.767737202,5.857583827,3,L,0.218740939,0,4.670643739,R,0.00159553,1,8.90E-05,-5.06E-05,0.000459676,98 R,0,5.254110923
34,98,E2: A domain,1.767737202,5.857583827,3,L,0.218740939,0,4.670643739,S,0.0035775,1,8.90E-05,-5.06E-05,0.000459676,98 S,0,0.233757795
34,98,E2: A domain,1.767737202,5.857583827,3,L,0.218740939,0,4.670643739,T,0.002999049,1,8.90E-05,-5.06E-05,0.000459676,98 T,0,-0.093382379
34,98,E2: A domain,1.767737202,5.857583827,3,L,0.218740939,0,4.670643739,V,0.049050031,1,8.90E-05,-5.06E-05,0.000459676,98 V,0,-0.661375102
34,98,E2: A domain,1.767737202,5.857583827,3,L,0.218740939,0,4.670643739,W,0.001249176,1,8.90E-05,-5.06E-05,0.000459676,98 W,0,-0.228399233
34,98,E2: A domain,1.767737202,5.857583827,3,L,0.218740939,0,4.670643739,Y,0.050264465,1,8.90E-05,-5.06E-05,0.000459676,98 Y,0,-0.243078739
35,99,E2: A domain,2.099050789,8.158422172,2,E,0.420668535,0,0.651465886,A,0.000676989,1,7.93E-06,-3.93E-06,1.59E-05,99 A,0,0.411039254
35,99,E2: A domain,2.099050789,8.158422172,2,E,0.420668535,0,0.651465886,C,0.062704968,1,7.93E-06,-3.93E-06,1.59E-05,99 C,0,0.06469664
35,99,E2: A domain,2.099050789,8.158422172,2,E,0.420668535,0,0.651465886,D,0.054956671,1,7.93E-06,-3.93E-06,1.59E-05,99 D,0,3.160765479
35,99,E2: A domain,2.099050789,8.158422172,2,E,0.420668535,0,0.651465886,E,0.424643178,1,NA,NA,NA,99 E,1,0
35,99,E2: A domain,2.099050789,8.158422172,2,E,0.420668535,0,0.651465886,F,0.051253686,1,7.93E-06,-3.93E-06,1.59E-05,99 F,0,0.029726271
35,99,E2: A domain,2.099050789,8.158422172,2,E,0.420668535,0,0.651465886,G,0.069279701,1,0.42052578,-0.368502218,0.651179389,99 G,1,-0.087446304
35,99,E2: A domain,2.099050789,8.158422172,2,E,0.420668535,0,0.651465886,H,0.00046609,1,7.93E-06,-3.93E-06,1.59E-05,99 H,0,-0.168112746
35,99,E2: A domain,2.099050789,8.158422172,2,E,0.420668535,0,0.651465886,I,0.001529812,1,7.93E-06,-3.93E-06,1.59E-05,99 I,0,0.437962471
35,99,E2: A domain,2.099050789,8.158422172,2,E,0.420668535,0,0.651465886,K,0.000426617,1,7.93E-06,-3.93E-06,1.59E-05,99 K,0,-1.62072171
35,99,E2: A domain,2.099050789,8.158422172,2,E,0.420668535,0,0.651465886,L,0.003287146,1,7.93E-06,-3.93E-06,1.59E-05,99 L,0,0.01488411
35,99,E2: A domain,2.099050789,8.158422172,2,E,0.420668535,0,0.651465886,M,0.042439487,1,7.93E-06,-3.93E-06,1.59E-05,99 M,0,-0.309935485
35,99,E2: A domain,2.099050789,8.158422172,2,E,0.420668535,0,0.651465886,N,0.041105616,1,7.93E-06,-3.93E-06,1.59E-05,99 N,0,-0.713911238
35,99,E2: A domain,2.099050789,8.158422172,2,E,0.420668535,0,0.651465886,P,0.000925644,1,7.93E-06,-3.93E-06,1.59E-05,99 P,0,1.234827482
35,99,E2: A domain,2.099050789,8.158422172,2,E,0.420668535,0,0.651465886,Q,0.047787562,1,7.93E-06,-3.93E-06,1.59E-05,99 Q,0,-1.875741924
35,99,E2: A domain,2.099050789,8.158422172,2,E,0.420668535,0,0.651465886,R,0.001021812,1,7.93E-06,-3.93E-06,1.59E-05,99 R,0,-0.642329286
35,99,E2: A domain,2.099050789,8.158422172,2,E,0.420668535,0,0.651465886,S,0.051587123,1,7.93E-06,-3.93E-06,1.59E-05,99 S,0,0.212708505
35,99,E2: A domain,2.099050789,8.158422172,2,E,0.420668535,0,0.651465886,T,0.05466951,1,7.93E-06,-3.93E-06,1.59E-05,99 T,0,0.366840678
35,99,E2: A domain,2.099050789,8.158422172,2,E,0.420668535,0,0.651465886,V,0.04848871,1,7.93E-06,-3.93E-06,1.59E-05,99 V,0,-0.723191727
35,99,E2: A domain,2.099050789,8.158422172,2,E,0.420668535,0,0.651465886,W,0.001667363,1,7.93E-06,-3.93E-06,1.59E-05,99 W,0,0.016991395
35,99,E2: A domain,2.099050789,8.158422172,2,E,0.420668535,0,0.651465886,Y,0.041082315,1,7.93E-06,-3.93E-06,1.59E-05,99 Y,0,-0.550945766
36,100,E2: A domain,2.64511142,14.08501435,10,R,3.841414548,4.970399716,7.159760637,A,0.000263047,1,5.63E-05,-0.000409317,0.000168191,100 A,0,0.02017745
36,100,E2: A domain,2.64511142,14.08501435,10,R,3.841414548,4.970399716,7.159760637,C,0.041065014,1,2.354616965,2.754050215,5.712714183,100 C,1,-0.986827091
36,100,E2: A domain,2.64511142,14.08501435,10,R,3.841414548,4.970399716,7.159760637,D,0.047744215,1,5.63E-05,-0.000409317,0.000168191,100 D,0,-0.503481524
36,100,E2: A domain,2.64511142,14.08501435,10,R,3.841414548,4.970399716,7.159760637,E,0.050206288,1,5.63E-05,-0.000409317,0.000168191,100 E,0,0.723685158
36,100,E2: A domain,2.64511142,14.08501435,10,R,3.841414548,4.970399716,7.159760637,F,0.00032896,1,5.63E-05,-0.000409317,0.000168191,100 F,0,-0.234168309
36,100,E2: A domain,2.64511142,14.08501435,10,R,3.841414548,4.970399716,7.159760637,G,0.000209118,1,5.63E-05,-0.000409317,0.000168191,100 G,0,0.181919054
36,100,E2: A domain,2.64511142,14.08501435,10,R,3.841414548,4.970399716,7.159760637,H,0.112823182,1,-0.393184938,-0.291329047,-0.075011184,100 H,1,2.538683872
36,100,E2: A domain,2.64511142,14.08501435,10,R,3.841414548,4.970399716,7.159760637,I,0.052942597,1,5.63E-05,-0.000409317,0.000168191,100 I,0,0.138278275
36,100,E2: A domain,2.64511142,14.08501435,10,R,3.841414548,4.970399716,7.159760637,K,0.052378691,1,5.63E-05,-0.000409317,0.000168191,100 K,0,0.031742162
36,100,E2: A domain,2.64511142,14.08501435,10,R,3.841414548,4.970399716,7.159760637,L,0.031589262,1,-0.423214292,-3.739189959,0.054273566,100 L,1,-2.572525952
36,100,E2: A domain,2.64511142,14.08501435,10,R,3.841414548,4.970399716,7.159760637,M,0.050992417,1,5.63E-05,-0.000409317,0.000168191,100 M,0,-0.226799006
36,100,E2: A domain,2.64511142,14.08501435,10,R,3.841414548,4.970399716,7.159760637,N,0.159741186,1,-0.224797913,-4.161265855,-0.326346288,100 N,1,0.218974885
36,100,E2: A domain,2.64511142,14.08501435,10,R,3.841414548,4.970399716,7.159760637,P,0.031828995,1,0.701521508,-0.252058714,0.585022918,100 P,1,0.222231761
36,100,E2: A domain,2.64511142,14.08501435,10,R,3.841414548,4.970399716,7.159760637,Q,0.033667662,1,-0.076700646,-0.332353176,-0.058768854,100 Q,1,-2.987831094
36,100,E2: A domain,2.64511142,14.08501435,10,R,3.841414548,4.970399716,7.159760637,R,0.10372076,1,NA,NA,NA,100 R,1,0
36,100,E2: A domain,2.64511142,14.08501435,10,R,3.841414548,4.970399716,7.159760637,S,0.041470326,1,0.148352392,-0.539934137,-0.302914857,100 S,1,-0.584587816
36,100,E2: A domain,2.64511142,14.08501435,10,R,3.841414548,4.970399716,7.159760637,T,0.095570825,1,0.636360426,-0.98152536,0.581680725,100 T,1,-0.014763184
36,100,E2: A domain,2.64511142,14.08501435,10,R,3.841414548,4.970399716,7.159760637,V,0.000118343,1,5.63E-05,2.216349501,0.000168191,100 V,0,1.602805536
36,100,E2: A domain,2.64511142,14.08501435,10,R,3.841414548,4.970399716,7.159760637,W,0.041554787,1,-2.366386538,-2.368792049,0.224387332,100 W,1,-0.730142124
36,100,E2: A domain,2.64511142,14.08501435,10,R,3.841414548,4.970399716,7.159760637,Y,0.051784327,1,5.63E-05,-0.000409317,0.000168191,100 Y,0,-0.128770409
37,101,E2: A domain,1.858533639,6.414324158,3,I,0.924480382,3.41E-05,0.319166664,A,0.050994534,1,-9.26E-05,2.00E-06,0.000105951,101 A,0,0.768529322
37,101,E2: A domain,1.858533639,6.414324158,3,I,0.924480382,3.41E-05,0.319166664,C,0.052675071,1,-9.26E-05,2.00E-06,0.000105951,101 C,0,0.451447753
37,101,E2: A domain,1.858533639,6.414324158,3,I,0.924480382,3.41E-05,0.319166664,D,0.001515895,1,-9.26E-05,2.00E-06,0.000105951,101 D,0,-0.5665992
37,101,E2: A domain,1.858533639,6.414324158,3,I,0.924480382,3.41E-05,0.319166664,E,0.000468601,1,-9.26E-05,2.00E-06,0.000105951,101 E,0,-0.271613433
37,101,E2: A domain,1.858533639,6.414324158,3,I,0.924480382,3.41E-05,0.319166664,F,0.049825617,1,-9.26E-05,2.00E-06,0.000105951,101 F,0,-0.732147561
37,101,E2: A domain,1.858533639,6.414324158,3,I,0.924480382,3.41E-05,0.319166664,G,0.000616324,1,-9.26E-05,2.00E-06,0.000105951,101 G,0,0.8759253
37,101,E2: A domain,1.858533639,6.414324158,3,I,0.924480382,3.41E-05,0.319166664,H,0.000736365,1,-9.26E-05,2.00E-06,0.000105951,101 H,0,0.664678528
37,101,E2: A domain,1.858533639,6.414324158,3,I,0.924480382,3.41E-05,0.319166664,I,0.246275714,1,NA,NA,NA,101 I,1,0
37,101,E2: A domain,1.858533639,6.414324158,3,I,0.924480382,3.41E-05,0.319166664,K,0.046072321,1,-9.26E-05,2.00E-06,0.000105951,101 K,0,0.847333753
37,101,E2: A domain,1.858533639,6.414324158,3,I,0.924480382,3.41E-05,0.319166664,L,9.24E-05,1,-9.26E-05,2.00E-06,0.000105951,101 L,0,0.475315284
37,101,E2: A domain,1.858533639,6.414324158,3,I,0.924480382,3.41E-05,0.319166664,M,0.042202495,1,-9.26E-05,2.00E-06,0.000105951,101 M,0,0.971073225
37,101,E2: A domain,1.858533639,6.414324158,3,I,0.924480382,3.41E-05,0.319166664,N,0.000217829,1,-9.26E-05,2.00E-06,0.000105951,101 N,0,-0.608183612
37,101,E2: A domain,1.858533639,6.414324158,3,I,0.924480382,3.41E-05,0.319166664,P,0.046617939,1,-9.26E-05,2.00E-06,0.000105951,101 P,0,-0.659671102
37,101,E2: A domain,1.858533639,6.414324158,3,I,0.924480382,3.41E-05,0.319166664,Q,0.000614559,1,-9.26E-05,2.00E-06,0.000105951,101 Q,0,0.692792065
37,101,E2: A domain,1.858533639,6.414324158,3,I,0.924480382,3.41E-05,0.319166664,R,0.000224908,1,-9.26E-05,2.00E-06,0.000105951,101 R,0,0.505522647
37,101,E2: A domain,1.858533639,6.414324158,3,I,0.924480382,3.41E-05,0.319166664,S,0.000214129,1,-9.26E-05,2.00E-06,0.000105951,101 S,0,1.746094415
37,101,E2: A domain,1.858533639,6.414324158,3,I,0.924480382,3.41E-05,0.319166664,T,0.358275784,1,-0.822525766,-0.048134417,0.31736549,101 T,1,0.016055187
37,101,E2: A domain,1.858533639,6.414324158,3,I,0.924480382,3.41E-05,0.319166664,V,0.101842386,1,0.924480382,-1.246606049,-0.01909998,101 V,1,0.221863829
37,101,E2: A domain,1.858533639,6.414324158,3,I,0.924480382,3.41E-05,0.319166664,W,0.000338186,1,-9.26E-05,2.00E-06,0.000105951,101 W,0,0.115058449
37,101,E2: A domain,1.858533639,6.414324158,3,I,0.924480382,3.41E-05,0.319166664,Y,0.00017893,1,-9.26E-05,2.00E-06,0.000105951,101 Y,0,-0.019065626
38,102,E2: A domain,2.466356476,11.77944986,7,R,1.59490949,2.990600777,4.566226001,A,0.043846664,1,-5.15E-05,-0.000119276,0.000309472,102 A,0,0.243794702
38,102,E2: A domain,2.466356476,11.77944986,7,R,1.59490949,2.990600777,4.566226001,C,0.045301845,1,-5.15E-05,-0.000119276,0.000309472,102 C,0,-0.268803591
38,102,E2: A domain,2.466356476,11.77944986,7,R,1.59490949,2.990600777,4.566226001,D,0.049306226,1,-5.15E-05,-0.000119276,0.000309472,102 D,0,-0.136747316
38,102,E2: A domain,2.466356476,11.77944986,7,R,1.59490949,2.990600777,4.566226001,E,0.047283159,1,-5.15E-05,-0.000119276,2.53641261,102 E,0,-0.379558342
38,102,E2: A domain,2.466356476,11.77944986,7,R,1.59490949,2.990600777,4.566226001,F,0.053428127,1,-5.15E-05,-0.000119276,0.000309472,102 F,0,0.274122311
38,102,E2: A domain,2.466356476,11.77944986,7,R,1.59490949,2.990600777,4.566226001,G,0.006382375,1,0.305865139,2.757809047,0.904052053,102 G,1,-0.890927025
38,102,E2: A domain,2.466356476,11.77944986,7,R,1.59490949,2.990600777,4.566226001,H,0.041782675,1,0.508256965,-0.282668616,0.331761191,102 H,1,-0.759997193
38,102,E2: A domain,2.466356476,11.77944986,7,R,1.59490949,2.990600777,4.566226001,I,0.050889953,1,-5.15E-05,-0.000119276,0.000309472,102 I,0,-0.603985516
38,102,E2: A domain,2.466356476,11.77944986,7,R,1.59490949,2.990600777,4.566226001,K,0.302763997,1,-0.316821167,0.23279173,0.104302079,102 K,1,0.134218996
38,102,E2: A domain,2.466356476,11.77944986,7,R,1.59490949,2.990600777,4.566226001,L,0.066606583,1,0.534255875,-0.986437426,0.487429195,102 L,1,0.854835953
38,102,E2: A domain,2.466356476,11.77944986,7,R,1.59490949,2.990600777,4.566226001,M,0.03006698,1,-0.256563407,-1.469513934,-0.19738767,102 M,1,-0.92995386
38,102,E2: A domain,2.466356476,11.77944986,7,R,1.59490949,2.990600777,4.566226001,N,9.85E-05,1,-5.15E-05,-0.000119276,0.000309472,102 N,0,-0.935630191
38,102,E2: A domain,2.466356476,11.77944986,7,R,1.59490949,2.990600777,4.566226001,P,5.96E-05,1,-5.15E-05,-0.000119276,0.000309472,102 P,0,0.221432876
38,102,E2: A domain,2.466356476,11.77944986,7,R,1.59490949,2.990600777,4.566226001,Q,0.050313909,1,-5.15E-05,-0.000119276,0.000309472,102 Q,0,-0.379744266
38,102,E2: A domain,2.466356476,11.77944986,7,R,1.59490949,2.990600777,4.566226001,R,0.054691251,1,NA,NA,NA,102 R,1,0
38,102,E2: A domain,2.466356476,11.77944986,7,R,1.59490949,2.990600777,4.566226001,S,0.053698332,1,-5.15E-05,-0.000119276,0.000309472,102 S,0,-0.06778254
38,102,E2: A domain,2.466356476,11.77944986,7,R,1.59490949,2.990600777,4.566226001,T,0.000215847,1,-5.15E-05,-0.000119276,0.000309472,102 T,0,0.267291122
38,102,E2: A domain,2.466356476,11.77944986,7,R,1.59490949,2.990600777,4.566226001,V,0.045988125,1,-5.15E-05,-0.000119276,0.000309472,102 V,0,-0.260706924
38,102,E2: A domain,2.466356476,11.77944986,7,R,1.59490949,2.990600777,4.566226001,W,9.91E-05,1,-5.15E-05,-0.000119276,0.000309472,102 W,0,0.264991358
38,102,E2: A domain,2.466356476,11.77944986,7,R,1.59490949,2.990600777,4.566226001,Y,0.057176773,1,0.246531511,-0.262593602,0.19855521,102 Y,1,2.076248558
39,103,E2: A domain,2.303577554,10.00992954,6,N,2.865161694,0.523310548,0.309798297,A,0.000189151,1,2.223095412,-4.66E-05,4.85E-06,103 A,0,1.431805887
39,103,E2: A domain,2.303577554,10.00992954,6,N,2.865161694,0.523310548,0.309798297,C,0.123501186,1,0.121048095,0.523310548,0.054232957,103 C,1,-0.534515784
39,103,E2: A domain,2.303577554,10.00992954,6,N,2.865161694,0.523310548,0.309798297,D,0.05069472,1,-0.73823194,-0.727588549,-0.180255787,103 D,1,-0.014302776
39,103,E2: A domain,2.303577554,10.00992954,6,N,2.865161694,0.523310548,0.309798297,E,0.044940333,1,-3.27E-05,-4.66E-05,4.85E-06,103 E,0,0.192996253
39,103,E2: A domain,2.303577554,10.00992954,6,N,2.865161694,0.523310548,0.309798297,F,0.041769748,1,-3.27E-05,-4.66E-05,4.85E-06,103 F,0,0.079667497
39,103,E2: A domain,2.303577554,10.00992954,6,N,2.865161694,0.523310548,0.309798297,G,0.000238102,1,-3.27E-05,-4.66E-05,4.85E-06,103 G,0,0.616180993
39,103,E2: A domain,2.303577554,10.00992954,6,N,2.865161694,0.523310548,0.309798297,H,0.050645752,1,-3.27E-05,-4.66E-05,4.85E-06,103 H,0,-0.609889922
39,103,E2: A domain,2.303577554,10.00992954,6,N,2.865161694,0.523310548,0.309798297,I,0.000113987,1,-3.27E-05,-4.66E-05,4.85E-06,103 I,0,-0.152709817
39,103,E2: A domain,2.303577554,10.00992954,6,N,2.865161694,0.523310548,0.309798297,K,0.052486274,1,-3.27E-05,-4.66E-05,4.85E-06,103 K,0,1.101272041
39,103,E2: A domain,2.303577554,10.00992954,6,N,2.865161694,0.523310548,0.309798297,L,4.60E-05,1,-3.27E-05,-4.66E-05,4.85E-06,103 L,0,-0.211339511
39,103,E2: A domain,2.303577554,10.00992954,6,N,2.865161694,0.523310548,0.309798297,M,0.0526871,1,-3.27E-05,-4.66E-05,4.85E-06,103 M,0,-0.363271934
39,103,E2: A domain,2.303577554,10.00992954,6,N,2.865161694,0.523310548,0.309798297,N,0.107068503,1,NA,NA,NA,103 N,1,0
39,103,E2: A domain,2.303577554,10.00992954,6,N,2.865161694,0.523310548,0.309798297,P,8.29E-05,1,-3.27E-05,-4.66E-05,4.85E-06,103 P,0,-1.856095616
39,103,E2: A domain,2.303577554,10.00992954,6,N,2.865161694,0.523310548,0.309798297,Q,0.05745618,1,-3.27E-05,-4.66E-05,4.85E-06,103 Q,0,-0.165968373
39,103,E2: A domain,2.303577554,10.00992954,6,N,2.865161694,0.523310548,0.309798297,R,0.000263408,1,-3.27E-05,-4.66E-05,4.85E-06,103 R,0,-0.242769612
39,103,E2: A domain,2.303577554,10.00992954,6,N,2.865161694,0.523310548,0.309798297,S,0.286216344,1,0.521018187,-0.002937921,0.209178927,103 S,1,1.413852235
39,103,E2: A domain,2.303577554,10.00992954,6,N,2.865161694,0.523310548,0.309798297,T,0.067951088,1,-3.27E-05,-4.66E-05,4.85E-06,103 T,0,-0.03866964
39,103,E2: A domain,2.303577554,10.00992954,6,N,2.865161694,0.523310548,0.309798297,V,0.012934058,1,-4.910615194,-4.915141264,-0.532115834,103 V,1,-0.366961416
39,103,E2: A domain,2.303577554,10.00992954,6,N,2.865161694,0.523310548,0.309798297,W,0.000248453,1,-3.27E-05,-4.66E-05,4.85E-06,103 W,0,-6.32945E-05
39,103,E2: A domain,2.303577554,10.00992954,6,N,2.865161694,0.523310548,0.309798297,Y,0.050466779,1,-2.867650738,-3.295526237,0.046318453,103 Y,1,-0.206364294
40,104,E2: A domain,2.09850945,8.154006897,4,E,0.05006462,0,0.288838749,A,0.254417771,1,-3.012878093,-2.501659667,0.250113862,104 A,1,-0.553190496
40,104,E2: A domain,2.09850945,8.154006897,4,E,0.05006462,0,0.288838749,C,0.000926482,1,-5.34E-05,-5.51E-05,2.56E-05,104 C,0,0.188405845
40,104,E2: A domain,2.09850945,8.154006897,4,E,0.05006462,0,0.288838749,D,0.046374436,1,-5.34E-05,-5.51E-05,2.56E-05,104 D,0,2.01697939
40,104,E2: A domain,2.09850945,8.154006897,4,E,0.05006462,0,0.288838749,E,0.279354624,1,NA,NA,NA,104 E,1,0
40,104,E2: A domain,2.09850945,8.154006897,4,E,0.05006462,0,0.288838749,F,0.000447829,1,-5.34E-05,-5.51E-05,2.56E-05,104 F,0,-1.183146703
40,104,E2: A domain,2.09850945,8.154006897,4,E,0.05006462,0,0.288838749,G,0.058582189,1,0.05006462,-0.297670656,0.038315268,104 G,1,-0.324802282
40,104,E2: A domain,2.09850945,8.154006897,4,E,0.05006462,0,0.288838749,H,0.001246045,1,-5.34E-05,-5.51E-05,2.56E-05,104 H,0,-0.950736271
40,104,E2: A domain,2.09850945,8.154006897,4,E,0.05006462,0,0.288838749,I,0.044846743,1,-5.34E-05,-5.51E-05,2.56E-05,104 I,0,0.503901595
40,104,E2: A domain,2.09850945,8.154006897,4,E,0.05006462,0,0.288838749,K,0.00013356,1,-5.34E-05,-5.51E-05,2.56E-05,104 K,0,1.857449001
40,104,E2: A domain,2.09850945,8.154006897,4,E,0.05006462,0,0.288838749,L,0.000501946,1,-5.34E-05,-5.51E-05,2.56E-05,104 L,0,0.30926609
40,104,E2: A domain,2.09850945,8.154006897,4,E,0.05006462,0,0.288838749,M,0.045824524,1,-5.34E-05,-5.51E-05,2.56E-05,104 M,0,-9.86341E-05
40,104,E2: A domain,2.09850945,8.154006897,4,E,0.05006462,0,0.288838749,N,0.000710842,1,-5.34E-05,-5.51E-05,2.56E-05,104 N,0,-1.452848565
40,104,E2: A domain,2.09850945,8.154006897,4,E,0.05006462,0,0.288838749,P,0.001178204,1,-5.34E-05,-5.51E-05,2.56E-05,104 P,0,0.638135415
40,104,E2: A domain,2.09850945,8.154006897,4,E,0.05006462,0,0.288838749,Q,0.093359852,1,-2.25986331,-4.959200763,-0.143071106,104 Q,1,-4.577420449
40,104,E2: A domain,2.09850945,8.154006897,4,E,0.05006462,0,0.288838749,R,0.042168309,1,-5.34E-05,-5.51E-05,2.56E-05,104 R,0,-0.205889439
40,104,E2: A domain,2.09850945,8.154006897,4,E,0.05006462,0,0.288838749,S,0.000128869,1,-5.34E-05,-5.51E-05,2.56E-05,104 S,0,0.392854779
40,104,E2: A domain,2.09850945,8.154006897,4,E,0.05006462,0,0.288838749,T,0.001027431,1,-5.34E-05,-5.51E-05,2.56E-05,104 T,0,-0.030332218
40,104,E2: A domain,2.09850945,8.154006897,4,E,0.05006462,0,0.288838749,V,0.042249787,1,-5.34E-05,-5.51E-05,2.56E-05,104 V,0,1.587851126
40,104,E2: A domain,2.09850945,8.154006897,4,E,0.05006462,0,0.288838749,W,0.04325414,1,-5.34E-05,-5.51E-05,2.56E-05,104 W,0,-0.042128502
40,104,E2: A domain,2.09850945,8.154006897,4,E,0.05006462,0,0.288838749,Y,0.043266417,1,-5.34E-05,-5.51E-05,2.56E-05,104 Y,0,-0.707943807
41,105,E2: A domain,1.866055128,6.462751319,3,A,0.00012282,0.012062498,1.540450163,A,0.397920043,1,NA,NA,NA,105 A,1,0
41,105,E2: A domain,1.866055128,6.462751319,3,A,0.00012282,0.012062498,1.540450163,C,0.230983747,1,-2.216321738,-4.680597099,0.071537186,105 C,1,-0.753070576
41,105,E2: A domain,1.866055128,6.462751319,3,A,0.00012282,0.012062498,1.540450163,D,0.000232392,1,7.22E-06,-3.28E-05,9.49E-05,105 D,0,0.084384738
41,105,E2: A domain,1.866055128,6.462751319,3,A,0.00012282,0.012062498,1.540450163,E,0.049511655,1,7.22E-06,-3.28E-05,9.49E-05,105 E,0,0.420504028
41,105,E2: A domain,1.866055128,6.462751319,3,A,0.00012282,0.012062498,1.540450163,F,0.046764498,1,7.22E-06,-3.28E-05,9.49E-05,105 F,0,0.096454947
41,105,E2: A domain,1.866055128,6.462751319,3,A,0.00012282,0.012062498,1.540450163,G,0.052396946,1,7.22E-06,-3.28E-05,9.49E-05,105 G,0,-0.862059206
41,105,E2: A domain,1.866055128,6.462751319,3,A,0.00012282,0.012062498,1.540450163,H,0.046293523,1,7.22E-06,-3.28E-05,9.49E-05,105 H,0,-0.485401234
41,105,E2: A domain,1.866055128,6.462751319,3,A,0.00012282,0.012062498,1.540450163,I,0.046187609,1,7.22E-06,-3.28E-05,9.49E-05,105 I,0,0.022332443
41,105,E2: A domain,1.866055128,6.462751319,3,A,0.00012282,0.012062498,1.540450163,K,0.04770957,1,7.22E-06,-3.28E-05,9.49E-05,105 K,0,0.382343869
41,105,E2: A domain,1.866055128,6.462751319,3,A,0.00012282,0.012062498,1.540450163,L,0.000532872,1,7.22E-06,-3.28E-05,9.49E-05,105 L,0,1.163672303
41,105,E2: A domain,1.866055128,6.462751319,3,A,0.00012282,0.012062498,1.540450163,M,0.00107369,1,7.22E-06,-3.28E-05,9.49E-05,105 M,0,-0.124708768
41,105,E2: A domain,1.866055128,6.462751319,3,A,0.00012282,0.012062498,1.540450163,N,0.000880959,1,7.22E-06,-3.28E-05,9.49E-05,105 N,0,-0.16556388
41,105,E2: A domain,1.866055128,6.462751319,3,A,0.00012282,0.012062498,1.540450163,P,0.000746033,1,7.22E-06,-3.28E-05,9.49E-05,105 P,0,2.828135899
41,105,E2: A domain,1.866055128,6.462751319,3,A,0.00012282,0.012062498,1.540450163,Q,0.000428164,1,7.22E-06,-3.28E-05,9.49E-05,105 Q,0,-0.247975836
41,105,E2: A domain,1.866055128,6.462751319,3,A,0.00012282,0.012062498,1.540450163,R,0.000321156,1,7.22E-06,-3.28E-05,9.49E-05,105 R,0,-0.185793906
41,105,E2: A domain,1.866055128,6.462751319,3,A,0.00012282,0.012062498,1.540450163,S,0.000123193,1,7.22E-06,-3.28E-05,9.49E-05,105 S,0,0.247212677
41,105,E2: A domain,1.866055128,6.462751319,3,A,0.00012282,0.012062498,1.540450163,T,0.00031889,1,7.22E-06,-3.28E-05,9.49E-05,105 T,0,3.886510047
41,105,E2: A domain,1.866055128,6.462751319,3,A,0.00012282,0.012062498,1.540450163,V,0.02006363,1,-1.835393428,0.012062498,1.467300448,105 V,1,0.844124657
41,105,E2: A domain,1.866055128,6.462751319,3,A,0.00012282,0.012062498,1.540450163,W,0.001735188,1,7.22E-06,-3.28E-05,9.49E-05,105 W,0,0.228205587
41,105,E2: A domain,1.866055128,6.462751319,3,A,0.00012282,0.012062498,1.540450163,Y,0.055776239,1,7.22E-06,-3.28E-05,9.49E-05,105 Y,0,-0.118396736
42,106,E2: A domain,2.237999936,9.374562798,8,T,0.666776826,0.29797526,0.255116555,A,0.035033638,1,-2.856377079,0.166416785,-1.050738722,106 A,1,0.18252676
42,106,E2: A domain,2.237999936,9.374562798,8,T,0.666776826,0.29797526,0.255116555,C,0.04879032,1,0.000126327,-0.000369067,4.97E-05,106 C,0,0.4029557
42,106,E2: A domain,2.237999936,9.374562798,8,T,0.666776826,0.29797526,0.255116555,D,0.000498622,1,0.000126327,-0.000369067,4.97E-05,106 D,0,-0.421647662
42,106,E2: A domain,2.237999936,9.374562798,8,T,0.666776826,0.29797526,0.255116555,E,0.000587757,1,0.000126327,-0.000369067,4.97E-05,106 E,0,0.583190136
42,106,E2: A domain,2.237999936,9.374562798,8,T,0.666776826,0.29797526,0.255116555,F,0.050379018,1,0.000126327,-0.000369067,4.97E-05,106 F,0,-0.117351528
42,106,E2: A domain,2.237999936,9.374562798,8,T,0.666776826,0.29797526,0.255116555,G,0.000172558,1,0.000126327,-0.000369067,4.97E-05,106 G,0,0.228681457
42,106,E2: A domain,2.237999936,9.374562798,8,T,0.666776826,0.29797526,0.255116555,H,0.000288702,1,0.000126327,-0.000369067,4.97E-05,106 H,0,-0.067820368
42,106,E2: A domain,2.237999936,9.374562798,8,T,0.666776826,0.29797526,0.255116555,I,0.120565758,1,0.095719885,-0.335106426,0.052672543,106 I,1,-0.323141106
42,106,E2: A domain,2.237999936,9.374562798,8,T,0.666776826,0.29797526,0.255116555,K,8.05E-06,1,0.000126327,-0.000369067,4.97E-05,106 K,0,-0.761737108
42,106,E2: A domain,2.237999936,9.374562798,8,T,0.666776826,0.29797526,0.255116555,L,0.117199243,1,0.05561051,0.131558474,0.179072053,106 L,1,0.808398996
42,106,E2: A domain,2.237999936,9.374562798,8,T,0.666776826,0.29797526,0.255116555,M,0.000178431,1,0.000126327,-0.000369067,4.97E-05,106 M,0,-0.490965355
42,106,E2: A domain,2.237999936,9.374562798,8,T,0.666776826,0.29797526,0.255116555,N,0.156176848,1,0.134721404,-0.449903068,0.000730727,106 N,1,-0.475387753
42,106,E2: A domain,2.237999936,9.374562798,8,T,0.666776826,0.29797526,0.255116555,P,0.000604835,1,0.000126327,-0.000369067,4.97E-05,106 P,0,-1.575246343
42,106,E2: A domain,2.237999936,9.374562798,8,T,0.666776826,0.29797526,0.255116555,Q,0.057257376,1,0.000126327,-0.000369067,4.97E-05,106 Q,0,-1.183925019
42,106,E2: A domain,2.237999936,9.374562798,8,T,0.666776826,0.29797526,0.255116555,R,9.23E-05,1,0.000126327,-0.000369067,4.97E-05,106 R,0,0.09747943
42,106,E2: A domain,2.237999936,9.374562798,8,T,0.666776826,0.29797526,0.255116555,S,0.120070617,1,0.005895956,-3.538368025,0.022044918,106 S,1,-1.590117466
42,106,E2: A domain,2.237999936,9.374562798,8,T,0.666776826,0.29797526,0.255116555,T,0.095096427,1,NA,NA,NA,106 T,1,0
42,106,E2: A domain,2.237999936,9.374562798,8,T,0.666776826,0.29797526,0.255116555,V,0.010709579,1,-4.571871213,-4.579649671,-2.372658477,106 V,1,0.03353581
42,106,E2: A domain,2.237999936,9.374562798,8,T,0.666776826,0.29797526,0.255116555,W,0.000545839,1,0.000126327,-0.000369067,4.97E-05,106 W,0,0.871231592
42,106,E2: A domain,2.237999936,9.374562798,8,T,0.666776826,0.29797526,0.255116555,Y,0.185744105,1,0.373313149,-0.549189496,-0.151722344,106 Y,1,-0.564041979
43,107,E2: A domain,1.640723703,5.158901674,2,D,4.621777884,0.416703882,0.100766599,A,0.055982279,1,3.18E-05,1.81E-05,7.55E-06,107 A,0,0.751594404
43,107,E2: A domain,1.640723703,5.158901674,2,D,4.621777884,0.416703882,0.100766599,C,0.043446983,1,3.18E-05,1.81E-05,7.55E-06,107 C,0,-0.049928731
43,107,E2: A domain,1.640723703,5.158901674,2,D,4.621777884,0.416703882,0.100766599,D,0.570405629,1,NA,NA,NA,107 D,1,0
43,107,E2: A domain,1.640723703,5.158901674,2,D,4.621777884,0.416703882,0.100766599,E,0.000167196,1,3.18E-05,1.81E-05,7.55E-06,107 E,0,-1.487093752
43,107,E2: A domain,1.640723703,5.158901674,2,D,4.621777884,0.416703882,0.100766599,F,0.001227196,1,3.18E-05,1.81E-05,7.55E-06,107 F,0,-0.295733841
43,107,E2: A domain,1.640723703,5.158901674,2,D,4.621777884,0.416703882,0.100766599,G,0.05902859,1,-0.222612775,0.416378193,0.100630732,107 G,1,0.367971785
43,107,E2: A domain,1.640723703,5.158901674,2,D,4.621777884,0.416703882,0.100766599,H,0.002022915,1,3.18E-05,1.81E-05,7.55E-06,107 H,0,-1.511475074
43,107,E2: A domain,1.640723703,5.158901674,2,D,4.621777884,0.416703882,0.100766599,I,0.000426515,1,3.18E-05,1.81E-05,7.55E-06,107 I,0,0.078241572
43,107,E2: A domain,1.640723703,5.158901674,2,D,4.621777884,0.416703882,0.100766599,K,0.056265477,1,3.18E-05,1.81E-05,7.55E-06,107 K,0,-0.471568702
43,107,E2: A domain,1.640723703,5.158901674,2,D,4.621777884,0.416703882,0.100766599,L,0.000551526,1,3.18E-05,1.81E-05,7.55E-06,107 L,0,-0.170411754
43,107,E2: A domain,1.640723703,5.158901674,2,D,4.621777884,0.416703882,0.100766599,M,0.003286071,1,3.18E-05,1.81E-05,7.55E-06,107 M,0,0.194690812
43,107,E2: A domain,1.640723703,5.158901674,2,D,4.621777884,0.416703882,0.100766599,N,0.050075643,1,3.18E-05,1.81E-05,7.55E-06,107 N,0,-1.259905372
43,107,E2: A domain,1.640723703,5.158901674,2,D,4.621777884,0.416703882,0.100766599,P,0.04767647,1,3.18E-05,1.81E-05,7.55E-06,107 P,0,0.211912966
43,107,E2: A domain,1.640723703,5.158901674,2,D,4.621777884,0.416703882,0.100766599,Q,0.049425268,1,3.18E-05,1.81E-05,7.55E-06,107 Q,0,0.116754435
43,107,E2: A domain,1.640723703,5.158901674,2,D,4.621777884,0.416703882,0.100766599,R,0.000531434,1,2.37211232,1.81E-05,7.55E-06,107 R,0,-0.754716961
43,107,E2: A domain,1.640723703,5.158901674,2,D,4.621777884,0.416703882,0.100766599,S,0.051825116,1,3.18E-05,1.81E-05,7.55E-06,107 S,0,-0.091494551
43,107,E2: A domain,1.640723703,5.158901674,2,D,4.621777884,0.416703882,0.100766599,T,0.003663914,1,3.18E-05,1.81E-05,7.55E-06,107 T,0,0.193779012
43,107,E2: A domain,1.640723703,5.158901674,2,D,4.621777884,0.416703882,0.100766599,V,0.000454522,1,2.249157206,1.81E-05,7.55E-06,107 V,0,-0.410033639
43,107,E2: A domain,1.640723703,5.158901674,2,D,4.621777884,0.416703882,0.100766599,W,0.003465352,1,3.18E-05,1.81E-05,7.55E-06,107 W,0,-0.44325997
43,107,E2: A domain,1.640723703,5.158901674,2,D,4.621777884,0.416703882,0.100766599,Y,7.19E-05,1,3.18E-05,1.81E-05,7.55E-06,107 Y,0,0.559600599
44,108,E2: A domain,2.022308506,7.555747307,6,G,3.28405544,0,0.704450951,A,0.047222144,1,0.00012442,-4.45E-05,8.86E-05,108 A,0,3.125154591
44,108,E2: A domain,2.022308506,7.555747307,6,G,3.28405544,0,0.704450951,C,0.052844702,1,0.00012442,-4.45E-05,8.86E-05,108 C,0,0.909259399
44,108,E2: A domain,2.022308506,7.555747307,6,G,3.28405544,0,0.704450951,D,0.048168825,1,0.00012442,-4.45E-05,8.86E-05,108 D,0,0.465053487
44,108,E2: A domain,2.022308506,7.555747307,6,G,3.28405544,0,0.704450951,E,0.101315047,1,0.00012442,-4.45E-05,8.86E-05,108 E,1,-0.517646247
44,108,E2: A domain,2.022308506,7.555747307,6,G,3.28405544,0,0.704450951,F,0.000263302,1,0.00012442,-4.45E-05,8.86E-05,108 F,0,0.246831228
44,108,E2: A domain,2.022308506,7.555747307,6,G,3.28405544,0,0.704450951,G,0.110433182,1,NA,NA,NA,108 G,1,0
44,108,E2: A domain,2.022308506,7.555747307,6,G,3.28405544,0,0.704450951,H,0.000821351,1,0.00012442,-4.45E-05,8.86E-05,108 H,0,-0.116286689
44,108,E2: A domain,2.022308506,7.555747307,6,G,3.28405544,0,0.704450951,I,0.000245832,1,0.00012442,-4.45E-05,8.86E-05,108 I,0,-0.258205475
44,108,E2: A domain,2.022308506,7.555747307,6,G,3.28405544,0,0.704450951,K,0.048070681,1,0.00012442,-4.45E-05,8.86E-05,108 K,0,0.091379394
44,108,E2: A domain,2.022308506,7.555747307,6,G,3.28405544,0,0.704450951,L,6.85E-05,1,2.653838682,-4.45E-05,8.86E-05,108 L,0,-0.370761123
44,108,E2: A domain,2.022308506,7.555747307,6,G,3.28405544,0,0.704450951,M,0.047390896,1,0.00012442,-4.45E-05,8.86E-05,108 M,0,-0.139989463
44,108,E2: A domain,2.022308506,7.555747307,6,G,3.28405544,0,0.704450951,N,0.04869829,1,0.00012442,-4.45E-05,8.86E-05,108 N,0,-0.254765096
44,108,E2: A domain,2.022308506,7.555747307,6,G,3.28405544,0,0.704450951,P,0.000125405,1,0.00012442,-4.45E-05,8.86E-05,108 P,0,-0.255538402
44,108,E2: A domain,2.022308506,7.555747307,6,G,3.28405544,0,0.704450951,Q,0.000324198,1,0.00012442,-4.45E-05,8.86E-05,108 Q,0,0.086988639
44,108,E2: A domain,2.022308506,7.555747307,6,G,3.28405544,0,0.704450951,R,0.009086516,1,0.00012442,-4.45E-05,8.86E-05,108 R,1,-0.44325986
44,108,E2: A domain,2.022308506,7.555747307,6,G,3.28405544,0,0.704450951,S,0.411052945,1,0.385536994,-0.036351779,0.703032666,108 S,1,-1.020059342
44,108,E2: A domain,2.022308506,7.555747307,6,G,3.28405544,0,0.704450951,T,0.027223198,1,-1.838403247,-2.481935543,-5.106974458,108 T,1,-1.620095393
44,108,E2: A domain,2.022308506,7.555747307,6,G,3.28405544,0,0.704450951,V,2.72E-06,1,0.00012442,-4.45E-05,8.86E-05,108 V,0,0.456183684
44,108,E2: A domain,2.022308506,7.555747307,6,G,3.28405544,0,0.704450951,W,1.01E-05,1,0.00012442,-4.45E-05,8.86E-05,108 W,0,-5.34421E-05
44,108,E2: A domain,2.022308506,7.555747307,6,G,3.28405544,0,0.704450951,Y,0.046632134,1,0.242813467,-5.028096484,-0.239250036,108 Y,1,-2.957549506
45,109,E2: A domain,2.210711866,9.122207876,7,T,2.060028169,2.046056367,4.018134055,A,0.132421862,1,-0.300757322,-0.54498287,-0.007421834,109 A,1,0.467371444
45,109,E2: A domain,2.210711866,9.122207876,7,T,2.060028169,2.046056367,4.018134055,C,0.052211068,1,0.000122866,-0.000122356,0.000275925,109 C,0,-0.612202644
45,109,E2: A domain,2.210711866,9.122207876,7,T,2.060028169,2.046056367,4.018134055,D,9.57E-05,1,0.000122866,-0.000122356,0.000275925,109 D,0,-0.385928707
45,109,E2: A domain,2.210711866,9.122207876,7,T,2.060028169,2.046056367,4.018134055,E,0.000484215,1,0.000122866,-0.000122356,0.000275925,109 E,0,-0.690771539
45,109,E2: A domain,2.210711866,9.122207876,7,T,2.060028169,2.046056367,4.018134055,F,0.023814464,1,-2.827941672,-2.735169636,-2.665273626,109 F,1,0.025391861
45,109,E2: A domain,2.210711866,9.122207876,7,T,2.060028169,2.046056367,4.018134055,G,0.056818821,1,-0.001296714,1.188791971,0.64864349,109 G,1,0.001415513
45,109,E2: A domain,2.210711866,9.122207876,7,T,2.060028169,2.046056367,4.018134055,H,0.050364408,1,0.000122866,-0.000122356,0.000275925,109 H,0,-0.031701652
45,109,E2: A domain,2.210711866,9.122207876,7,T,2.060028169,2.046056367,4.018134055,I,0.000739578,1,0.000122866,-0.000122356,0.000275925,109 I,0,-0.546370791
45,109,E2: A domain,2.210711866,9.122207876,7,T,2.060028169,2.046056367,4.018134055,K,0.050512834,1,0.000122866,-0.000122356,0.000275925,109 K,0,-0.29874229
45,109,E2: A domain,2.210711866,9.122207876,7,T,2.060028169,2.046056367,4.018134055,L,0.112652656,1,0.293912049,0.487401025,0.307917686,109 L,1,-0.370740434
45,109,E2: A domain,2.210711866,9.122207876,7,T,2.060028169,2.046056367,4.018134055,M,0.103829768,1,-0.934334283,-0.383441795,0.063278501,109 M,1,-4.27173421
45,109,E2: A domain,2.210711866,9.122207876,7,T,2.060028169,2.046056367,4.018134055,N,6.48E-05,1,0.000122866,-0.000122356,2.201373736,109 N,0,0.241872697
45,109,E2: A domain,2.210711866,9.122207876,7,T,2.060028169,2.046056367,4.018134055,P,6.60E-05,1,0.000122866,-0.000122356,0.000275925,109 P,0,1.231969531
45,109,E2: A domain,2.210711866,9.122207876,7,T,2.060028169,2.046056367,4.018134055,Q,0.000659433,1,0.000122866,-0.000122356,0.000275925,109 Q,0,-0.460308734
45,109,E2: A domain,2.210711866,9.122207876,7,T,2.060028169,2.046056367,4.018134055,R,0.000489615,1,0.000122866,-0.000122356,0.000275925,109 R,0,1.010630196
45,109,E2: A domain,2.210711866,9.122207876,7,T,2.060028169,2.046056367,4.018134055,S,0.250273561,1,1.764518859,0.369863371,0.793609545,109 S,1,0.299774772
45,109,E2: A domain,2.210711866,9.122207876,7,T,2.060028169,2.046056367,4.018134055,T,0.127786169,1,NA,NA,NA,109 T,1,0
45,109,E2: A domain,2.210711866,9.122207876,7,T,2.060028169,2.046056367,4.018134055,V,9.32E-05,1,0.000122866,-0.000122356,0.000275925,109 V,0,0.352407145
45,109,E2: A domain,2.210711866,9.122207876,7,T,2.060028169,2.046056367,4.018134055,W,0.036008856,1,0.000122866,-0.000122356,0.000275925,109 W,0,-0.233229688
45,109,E2: A domain,2.210711866,9.122207876,7,T,2.060028169,2.046056367,4.018134055,Y,0.000613006,1,0.000122866,-0.000122356,0.000275925,109 Y,0,0.352375766
46,110,E2: A domain,2.048925874,7.759561882,2,L,4.89528301,0.249122515,0.041590457,A,0.00059834,1,0.000500704,6.05E-05,1.14E-05,110 A,0,-0.373505107
46,110,E2: A domain,2.048925874,7.759561882,2,L,4.89528301,0.249122515,0.041590457,C,0.000486253,1,0.000500704,6.05E-05,1.14E-05,110 C,0,-0.508417607
46,110,E2: A domain,2.048925874,7.759561882,2,L,4.89528301,0.249122515,0.041590457,D,0.051311834,1,0.000500704,6.05E-05,1.14E-05,110 D,0,0.119102775
46,110,E2: A domain,2.048925874,7.759561882,2,L,4.89528301,0.249122515,0.041590457,E,0.001365018,1,0.000500704,6.05E-05,1.14E-05,110 E,0,0.025916813
46,110,E2: A domain,2.048925874,7.759561882,2,L,4.89528301,0.249122515,0.041590457,F,0.049518476,1,0.000500704,6.05E-05,1.14E-05,110 F,0,0.570353968
46,110,E2: A domain,2.048925874,7.759561882,2,L,4.89528301,0.249122515,0.041590457,G,0.000325768,1,0.000500704,6.05E-05,1.14E-05,110 G,0,-0.454061903
46,110,E2: A domain,2.048925874,7.759561882,2,L,4.89528301,0.249122515,0.041590457,H,0.047882097,1,0.000500704,6.05E-05,1.14E-05,110 H,0,-0.702553727
46,110,E2: A domain,2.048925874,7.759561882,2,L,4.89528301,0.249122515,0.041590457,I,0.053040392,1,0.000500704,6.05E-05,1.14E-05,110 I,0,0.139422262
46,110,E2: A domain,2.048925874,7.759561882,2,L,4.89528301,0.249122515,0.041590457,K,0.05261383,1,0.000500704,6.05E-05,1.14E-05,110 K,0,-0.007531266
46,110,E2: A domain,2.048925874,7.759561882,2,L,4.89528301,0.249122515,0.041590457,L,0.388101928,1,NA,NA,NA,110 L,1,0
46,110,E2: A domain,2.048925874,7.759561882,2,L,4.89528301,0.249122515,0.041590457,M,0.049501409,1,0.000500704,6.05E-05,1.14E-05,110 M,0,0.309177593
46,110,E2: A domain,2.048925874,7.759561882,2,L,4.89528301,0.249122515,0.041590457,N,0.001829651,1,0.000500704,6.05E-05,1.14E-05,110 N,0,-0.265680187
46,110,E2: A domain,2.048925874,7.759561882,2,L,4.89528301,0.249122515,0.041590457,P,0.154629798,1,0.125246572,0.065587917,-0.127701721,110 P,1,0.349916355
46,110,E2: A domain,2.048925874,7.759561882,2,L,4.89528301,0.249122515,0.041590457,Q,0.052852203,1,0.000500704,6.05E-05,1.14E-05,110 Q,0,-0.437305322
46,110,E2: A domain,2.048925874,7.759561882,2,L,4.89528301,0.249122515,0.041590457,R,0.000265356,1,0.000500704,6.05E-05,1.14E-05,110 R,0,0.069944075
46,110,E2: A domain,2.048925874,7.759561882,2,L,4.89528301,0.249122515,0.041590457,S,0.000550463,1,0.000500704,6.05E-05,1.14E-05,110 S,0,-0.408304526
46,110,E2: A domain,2.048925874,7.759561882,2,L,4.89528301,0.249122515,0.041590457,T,0.050035881,1,0.000500704,6.05E-05,1.14E-05,110 T,0,0.579879235
46,110,E2: A domain,2.048925874,7.759561882,2,L,4.89528301,0.249122515,0.041590457,V,0.00015237,1,4.761524463,0.182506834,0.04139594,110 V,0,0.488369288
46,110,E2: A domain,2.048925874,7.759561882,2,L,4.89528301,0.249122515,0.041590457,W,0.00057798,1,0.000500704,6.05E-05,1.14E-05,110 W,0,0.113138932
46,110,E2: A domain,2.048925874,7.759561882,2,L,4.89528301,0.249122515,0.041590457,Y,0.044360952,1,0.000500704,6.05E-05,1.14E-05,110 Y,0,0.377030574
47,111,E2: A domain,2.343635061,10.41904167,12,K,2.081094248,0,3.866430528,A,0.014704232,1,0.601047216,-4.548636538,-2.187323532,111 A,1,-0.782565533
47,111,E2: A domain,2.343635061,10.41904167,12,K,2.081094248,0,3.866430528,C,0.071795741,1,0.373372984,-0.284418611,0.258137283,111 C,1,0.518589935
47,111,E2: A domain,2.343635061,10.41904167,12,K,2.081094248,0,3.866430528,D,7.17E-05,1,0.000304369,-0.000716998,4.04E-05,111 D,0,-0.69948677
47,111,E2: A domain,2.343635061,10.41904167,12,K,2.081094248,0,3.866430528,E,0.066275139,1,-1.063473378,-0.508114247,-0.843545521,111 E,1,-0.509565836
47,111,E2: A domain,2.343635061,10.41904167,12,K,2.081094248,0,3.866430528,F,0.035714091,1,0.121101714,-3.127295031,-3.084280509,111 F,1,0.489727413
47,111,E2: A domain,2.343635061,10.41904167,12,K,2.081094248,0,3.866430528,G,0.000260882,1,0.000304369,-0.000716998,4.04E-05,111 G,0,0.035520548
47,111,E2: A domain,2.343635061,10.41904167,12,K,2.081094248,0,3.866430528,H,0.055296215,1,-0.172022981,-0.419410654,0.399439195,111 H,1,-0.606795938
47,111,E2: A domain,2.343635061,10.41904167,12,K,2.081094248,0,3.866430528,I,9.25E-05,1,0.000304369,-0.000716998,4.04E-05,111 I,0,-0.007721531
47,111,E2: A domain,2.343635061,10.41904167,12,K,2.081094248,0,3.866430528,K,0.241075361,1,NA,NA,NA,111 K,1,0
47,111,E2: A domain,2.343635061,10.41904167,12,K,2.081094248,0,3.866430528,L,0.03721434,1,0.272822214,-0.066936644,0.438726117,111 L,1,0.419533073
47,111,E2: A domain,2.343635061,10.41904167,12,K,2.081094248,0,3.866430528,M,0.139439601,1,0.123583826,-1.060226135,-0.108190693,111 M,1,-0.370611268
47,111,E2: A domain,2.343635061,10.41904167,12,K,2.081094248,0,3.866430528,N,0.030460248,1,0.000304369,-0.000716998,4.04E-05,111 N,0,0.412961309
47,111,E2: A domain,2.343635061,10.41904167,12,K,2.081094248,0,3.866430528,P,0.000115296,1,0.000304369,-0.000716998,4.04E-05,111 P,0,-0.162832501
47,111,E2: A domain,2.343635061,10.41904167,12,K,2.081094248,0,3.866430528,Q,0.081377712,1,-0.144587124,-0.7701116,0.183074902,111 Q,1,0.147570896
47,111,E2: A domain,2.343635061,10.41904167,12,K,2.081094248,0,3.866430528,R,0.088497433,1,0.26492837,-0.377908537,0.194660857,111 R,1,0.107760546
47,111,E2: A domain,2.343635061,10.41904167,12,K,2.081094248,0,3.866430528,S,0.089281084,1,0.321802969,-0.310115657,-0.24142084,111 S,1,0.372005794
47,111,E2: A domain,2.343635061,10.41904167,12,K,2.081094248,0,3.866430528,T,5.85E-05,1,0.000304369,-0.000716998,4.04E-05,111 T,0,1.635400438
47,111,E2: A domain,2.343635061,10.41904167,12,K,2.081094248,0,3.866430528,V,6.57E-05,1,0.000304369,-0.000716998,2.260001042,111 V,0,0.557352424
47,111,E2: A domain,2.343635061,10.41904167,12,K,2.081094248,0,3.866430528,W,0.048142145,1,-0.705437411,-2.713265851,0.132108627,111 W,1,0.186057956
47,111,E2: A domain,2.343635061,10.41904167,12,K,2.081094248,0,3.866430528,Y,6.21E-05,1,0.000304369,-0.000716998,4.04E-05,111 Y,0,-1.041237251
48,112,E2: A domain,2.031488695,7.625429851,4,I,2.459963454,5.429319098,6.125328434,A,0.000295659,1,-2.71E-05,-3.57E-05,8.01E-05,112 A,0,0.062452054
48,112,E2: A domain,2.031488695,7.625429851,4,I,2.459963454,5.429319098,6.125328434,C,0.00114721,1,-2.71E-05,-3.57E-05,8.01E-05,112 C,0,0.443741012
48,112,E2: A domain,2.031488695,7.625429851,4,I,2.459963454,5.429319098,6.125328434,D,0.000230294,1,-2.71E-05,-3.57E-05,8.01E-05,112 D,0,0.464755575
48,112,E2: A domain,2.031488695,7.625429851,4,I,2.459963454,5.429319098,6.125328434,E,0.000535551,1,-2.71E-05,-3.57E-05,8.01E-05,112 E,0,-0.307691088
48,112,E2: A domain,2.031488695,7.625429851,4,I,2.459963454,5.429319098,6.125328434,F,0.000885824,1,-2.71E-05,-3.57E-05,8.01E-05,112 F,0,-0.216097868
48,112,E2: A domain,2.031488695,7.625429851,4,I,2.459963454,5.429319098,6.125328434,G,8.44E-05,1,-2.71E-05,-3.57E-05,8.01E-05,112 G,0,0.423849554
48,112,E2: A domain,2.031488695,7.625429851,4,I,2.459963454,5.429319098,6.125328434,H,0.000166746,1,-2.71E-05,-3.57E-05,8.01E-05,112 H,0,-0.486666187
48,112,E2: A domain,2.031488695,7.625429851,4,I,2.459963454,5.429319098,6.125328434,I,0.18965243,1,NA,NA,NA,112 I,1,0
48,112,E2: A domain,2.031488695,7.625429851,4,I,2.459963454,5.429319098,6.125328434,K,0.000781317,1,-2.71E-05,-3.57E-05,8.01E-05,112 K,0,0.068154298
48,112,E2: A domain,2.031488695,7.625429851,4,I,2.459963454,5.429319098,6.125328434,L,0.04365265,1,0.051178916,2.880932076,3.211180613,112 L,0,1.262445761
48,112,E2: A domain,2.031488695,7.625429851,4,I,2.459963454,5.429319098,6.125328434,M,0.040256357,1,-2.71E-05,-3.57E-05,8.01E-05,112 M,0,-0.11402667
48,112,E2: A domain,2.031488695,7.625429851,4,I,2.459963454,5.429319098,6.125328434,N,0.049202121,1,2.408784538,2.548387023,2.882103879,112 N,1,-0.211892455
48,112,E2: A domain,2.031488695,7.625429851,4,I,2.459963454,5.429319098,6.125328434,P,0.046803556,1,-2.71E-05,-3.57E-05,8.01E-05,112 P,0,-0.042097063
48,112,E2: A domain,2.031488695,7.625429851,4,I,2.459963454,5.429319098,6.125328434,Q,0.04540753,1,-2.71E-05,-3.57E-05,8.01E-05,112 Q,0,-0.077145271
48,112,E2: A domain,2.031488695,7.625429851,4,I,2.459963454,5.429319098,6.125328434,R,0.000149895,1,-2.71E-05,-3.57E-05,8.01E-05,112 R,0,-0.262346185
48,112,E2: A domain,2.031488695,7.625429851,4,I,2.459963454,5.429319098,6.125328434,S,0.0422499,1,-2.71E-05,-3.57E-05,8.01E-05,112 S,0,0.358773822
48,112,E2: A domain,2.031488695,7.625429851,4,I,2.459963454,5.429319098,6.125328434,T,0.234074719,1,-0.126732289,-0.061575258,0.030841759,112 T,1,-0.355696178
48,112,E2: A domain,2.031488695,7.625429851,4,I,2.459963454,5.429319098,6.125328434,V,0.248659788,1,-0.258309334,-0.483472212,-0.109571873,112 V,1,0.864153754
48,112,E2: A domain,2.031488695,7.625429851,4,I,2.459963454,5.429319098,6.125328434,W,0.001292292,1,-2.71E-05,-3.57E-05,8.01E-05,112 W,0,0.084281609
48,112,E2: A domain,2.031488695,7.625429851,4,I,2.459963454,5.429319098,6.125328434,Y,0.054471726,1,-2.71E-05,-3.57E-05,8.01E-05,112 Y,0,0.369424166
49,113,E2: A domain,2.177478315,8.824026766,4,Q,0,0.548545407,0.018911268,A,0.000314483,1,-6.36E-05,0.000147259,-3.09E-05,113 A,0,0.330482893
49,113,E2: A domain,2.177478315,8.824026766,4,Q,0,0.548545407,0.018911268,C,0.0517463,1,-6.36E-05,0.000147259,-3.09E-05,113 C,0,-0.303364245
49,113,E2: A domain,2.177478315,8.824026766,4,Q,0,0.548545407,0.018911268,D,0.000487464,1,-6.36E-05,0.000147259,-3.09E-05,113 D,0,-0.151160492
49,113,E2: A domain,2.177478315,8.824026766,4,Q,0,0.548545407,0.018911268,E,0.054201004,1,-6.36E-05,0.000147259,-3.09E-05,113 E,0,-0.889600447
49,113,E2: A domain,2.177478315,8.824026766,4,Q,0,0.548545407,0.018911268,F,0.048182898,1,-6.36E-05,0.000147259,-3.09E-05,113 F,0,0.286149127
49,113,E2: A domain,2.177478315,8.824026766,4,Q,0,0.548545407,0.018911268,G,0.000308311,1,-2.193777312,-2.195635405,-2.216510642,113 G,0,0.125879654
49,113,E2: A domain,2.177478315,8.824026766,4,Q,0,0.548545407,0.018911268,H,0.049288364,1,-6.36E-05,0.000147259,-3.09E-05,113 H,0,-0.58679006
49,113,E2: A domain,2.177478315,8.824026766,4,Q,0,0.548545407,0.018911268,I,0.000576886,1,-6.36E-05,0.000147259,-3.09E-05,113 I,0,-0.127870936
49,113,E2: A domain,2.177478315,8.824026766,4,Q,0,0.548545407,0.018911268,K,0.049747737,1,-6.36E-05,0.000147259,-3.09E-05,113 K,0,-0.947460661
49,113,E2: A domain,2.177478315,8.824026766,4,Q,0,0.548545407,0.018911268,L,0.000404956,1,-6.36E-05,0.000147259,-3.09E-05,113 L,0,-1.521284265
49,113,E2: A domain,2.177478315,8.824026766,4,Q,0,0.548545407,0.018911268,M,0.047212589,1,-6.36E-05,0.000147259,-3.09E-05,113 M,0,-0.154049885
49,113,E2: A domain,2.177478315,8.824026766,4,Q,0,0.548545407,0.018911268,N,0.046832797,1,-6.36E-05,0.000147259,-3.09E-05,113 N,0,0.040628236
49,113,E2: A domain,2.177478315,8.824026766,4,Q,0,0.548545407,0.018911268,P,0.050145515,1,-6.36E-05,0.000147259,-3.09E-05,113 P,0,-1.071473235
49,113,E2: A domain,2.177478315,8.824026766,4,Q,0,0.548545407,0.018911268,Q,0.340494391,1,NA,NA,NA,113 Q,1,0
49,113,E2: A domain,2.177478315,8.824026766,4,Q,0,0.548545407,0.018911268,R,0.129344254,1,-0.21893148,0.494987955,0.018911268,113 R,1,-0.112002827
49,113,E2: A domain,2.177478315,8.824026766,4,Q,0,0.548545407,0.018911268,S,0.000491342,1,-6.36E-05,0.000147259,-3.09E-05,113 S,0,0.240084088
49,113,E2: A domain,2.177478315,8.824026766,4,Q,0,0.548545407,0.018911268,T,0.000321005,1,-6.36E-05,0.000147259,-3.09E-05,113 T,0,-0.686364685
49,113,E2: A domain,2.177478315,8.824026766,4,Q,0,0.548545407,0.018911268,V,0.023625538,1,-6.36E-05,0.000147259,-3.09E-05,113 V,1,-0.072250244
49,113,E2: A domain,2.177478315,8.824026766,4,Q,0,0.548545407,0.018911268,W,0.000705354,1,-6.36E-05,0.000147259,-3.09E-05,113 W,0,-0.257718453
49,113,E2: A domain,2.177478315,8.824026766,4,Q,0,0.548545407,0.018911268,Y,0.105568812,1,-0.042003027,0.051201308,-0.126434452,113 Y,1,-2.083579788
50,114,E2: A domain,2.432385187,11.38600748,5,V,0.79452978,0.159006651,0.148834504,A,0.103170667,1,0.188393612,0.149699015,0.01329236,114 A,1,-0.241979009
50,114,E2: A domain,2.432385187,11.38600748,5,V,0.79452978,0.159006651,0.148834504,C,0.05282168,1,0.00030136,0.000152912,0.000104441,114 C,0,0.01003481
50,114,E2: A domain,2.432385187,11.38600748,5,V,0.79452978,0.159006651,0.148834504,D,0.056687317,1,0.00030136,0.000152912,0.000104441,114 D,0,0.183912773
50,114,E2: A domain,2.432385187,11.38600748,5,V,0.79452978,0.159006651,0.148834504,E,0.000212918,1,0.00030136,0.000152912,0.000104441,114 E,0,-0.218844074
50,114,E2: A domain,2.432385187,11.38600748,5,V,0.79452978,0.159006651,0.148834504,F,0.047874221,1,0.00030136,0.000152912,0.000104441,114 F,0,-1.106935994
50,114,E2: A domain,2.432385187,11.38600748,5,V,0.79452978,0.159006651,0.148834504,G,7.79E-05,1,0.00030136,0.000152912,0.000104441,114 G,0,-0.424319562
50,114,E2: A domain,2.432385187,11.38600748,5,V,0.79452978,0.159006651,0.148834504,H,0.045336233,1,0.00030136,0.000152912,0.000104441,114 H,0,-0.165006219
50,114,E2: A domain,2.432385187,11.38600748,5,V,0.79452978,0.159006651,0.148834504,I,0.081718497,1,0.00030136,0.000152912,0.000104441,114 I,1,0.939234247
50,114,E2: A domain,2.432385187,11.38600748,5,V,0.79452978,0.159006651,0.148834504,K,0.052263671,1,0.00030136,0.000152912,0.000104441,114 K,0,-0.736116895
50,114,E2: A domain,2.432385187,11.38600748,5,V,0.79452978,0.159006651,0.148834504,L,0.051456973,1,0.00030136,0.000152912,0.000104441,114 L,0,-0.477855609
50,114,E2: A domain,2.432385187,11.38600748,5,V,0.79452978,0.159006651,0.148834504,M,0.000528408,1,0.00030136,0.000152912,0.000104441,114 M,0,-0.206035398
50,114,E2: A domain,2.432385187,11.38600748,5,V,0.79452978,0.159006651,0.148834504,N,0.000124709,1,0.00030136,0.000152912,0.000104441,114 N,0,-0.101932809
50,114,E2: A domain,2.432385187,11.38600748,5,V,0.79452978,0.159006651,0.148834504,P,4.74E-05,1,0.00030136,0.000152912,0.000104441,114 P,0,-0.820849905
50,114,E2: A domain,2.432385187,11.38600748,5,V,0.79452978,0.159006651,0.148834504,Q,0.046790363,1,0.00030136,0.000152912,0.000104441,114 Q,0,0.398365505
50,114,E2: A domain,2.432385187,11.38600748,5,V,0.79452978,0.159006651,0.148834504,R,3.98E-05,1,0.00030136,0.000152912,0.000104441,114 R,0,0.079059442
50,114,E2: A domain,2.432385187,11.38600748,5,V,0.79452978,0.159006651,0.148834504,S,0.216177427,1,0.140564735,0.006861042,0.090236106,114 S,1,0.075537758
50,114,E2: A domain,2.432385187,11.38600748,5,V,0.79452978,0.159006651,0.148834504,T,0.062519936,1,0.460749671,-2.335455926,0.043634989,114 T,1,-1.290463188
50,114,E2: A domain,2.432385187,11.38600748,5,V,0.79452978,0.159006651,0.148834504,V,0.121743118,1,NA,NA,NA,114 V,1,0
50,114,E2: A domain,2.432385187,11.38600748,5,V,0.79452978,0.159006651,0.148834504,W,6.60E-05,1,0.00030136,0.000152912,0.000104441,114 W,0,-0.1624861
50,114,E2: A domain,2.432385187,11.38600748,5,V,0.79452978,0.159006651,0.148834504,Y,0.060342686,1,0.00030136,0.000152912,0.000104441,114 Y,0,0.059834037
51,115,E2: A domain,1.711511211,5.537323222,3,S,0,0.566003421,0.422367268,A,0.001361182,1,-8.74E-06,0.000147699,9.60E-05,115 A,0,0.014964459
51,115,E2: A domain,1.711511211,5.537323222,3,S,0,0.566003421,0.422367268,C,0.261209012,1,-0.031354897,0.563492531,0.309392318,115 C,1,-0.021117277
51,115,E2: A domain,1.711511211,5.537323222,3,S,0,0.566003421,0.422367268,D,0.002221456,1,-8.74E-06,0.000147699,9.60E-05,115 D,0,-0.558223917
51,115,E2: A domain,1.711511211,5.537323222,3,S,0,0.566003421,0.422367268,E,0.001847247,1,-8.74E-06,0.000147699,9.60E-05,115 E,0,-0.663133893
51,115,E2: A domain,1.711511211,5.537323222,3,S,0,0.566003421,0.422367268,F,0.00051978,1,-8.74E-06,0.000147699,9.60E-05,115 F,0,-1.086509525
51,115,E2: A domain,1.711511211,5.537323222,3,S,0,0.566003421,0.422367268,G,0.000957846,1,-8.74E-06,0.000147699,9.60E-05,115 G,0,-0.759103481
51,115,E2: A domain,1.711511211,5.537323222,3,S,0,0.566003421,0.422367268,H,0.050756425,1,-8.74E-06,0.000147699,9.60E-05,115 H,0,-0.912663134
51,115,E2: A domain,1.711511211,5.537323222,3,S,0,0.566003421,0.422367268,I,0.05037515,1,-8.74E-06,0.000147699,9.60E-05,115 I,0,-0.691802521
51,115,E2: A domain,1.711511211,5.537323222,3,S,0,0.566003421,0.422367268,K,0.002886678,1,-8.74E-06,0.000147699,9.60E-05,115 K,0,0.373778525
51,115,E2: A domain,1.711511211,5.537323222,3,S,0,0.566003421,0.422367268,L,0.002706437,1,-8.74E-06,0.000147699,9.60E-05,115 L,0,-0.592854515
51,115,E2: A domain,1.711511211,5.537323222,3,S,0,0.566003421,0.422367268,M,0.000791333,1,-8.74E-06,0.000147699,9.60E-05,115 M,0,0.054814129
51,115,E2: A domain,1.711511211,5.537323222,3,S,0,0.566003421,0.422367268,N,0.048063249,1,-8.74E-06,0.000147699,9.60E-05,115 N,0,-0.263575804
51,115,E2: A domain,1.711511211,5.537323222,3,S,0,0.566003421,0.422367268,P,0.167741671,1,-0.211235036,-0.190673261,0.111342277,115 P,1,0.5861248
51,115,E2: A domain,1.711511211,5.537323222,3,S,0,0.566003421,0.422367268,Q,0.044013291,1,-8.74E-06,0.000147699,9.60E-05,115 Q,0,-0.287987826
51,115,E2: A domain,1.711511211,5.537323222,3,S,0,0.566003421,0.422367268,R,0.000110707,1,-8.74E-06,0.000147699,9.60E-05,115 R,0,0.325215908
51,115,E2: A domain,1.711511211,5.537323222,3,S,0,0.566003421,0.422367268,S,0.360909927,1,NA,NA,NA,115 S,1,0
51,115,E2: A domain,1.711511211,5.537323222,3,S,0,0.566003421,0.422367268,T,0.000243039,1,-8.74E-06,0.000147699,9.60E-05,115 T,0,0.480929154
51,115,E2: A domain,1.711511211,5.537323222,3,S,0,0.566003421,0.422367268,V,0.000465925,1,-8.74E-06,0.000147699,9.60E-05,115 V,0,-1.131111754
51,115,E2: A domain,1.711511211,5.537323222,3,S,0,0.566003421,0.422367268,W,0.001586485,1,-8.74E-06,0.000147699,9.60E-05,115 W,0,-0.925432103
51,115,E2: A domain,1.711511211,5.537323222,3,S,0,0.566003421,0.422367268,Y,0.00123316,1,-8.74E-06,0.000147699,9.60E-05,115 Y,0,0.295634061
52,116,E2: A domain,1.558967385,4.753909751,5,L,0.567522096,0.64103455,3.106569997,A,0.015504236,1,0.315730734,0.147230297,0.35667911,116 A,1,1.789052945
52,116,E2: A domain,1.558967385,4.753909751,5,L,0.567522096,0.64103455,3.106569997,C,0.043429818,1,0.000117291,0.000134149,2.336528549,116 C,0,-0.103804209
52,116,E2: A domain,1.558967385,4.753909751,5,L,0.567522096,0.64103455,3.106569997,D,0.051231377,1,0.000117291,0.000134149,0.000194794,116 D,0,-0.250044198
52,116,E2: A domain,1.558967385,4.753909751,5,L,0.567522096,0.64103455,3.106569997,E,6.49E-06,1,0.000117291,0.000134149,0.000194794,116 E,0,-0.223587605
52,116,E2: A domain,1.558967385,4.753909751,5,L,0.567522096,0.64103455,3.106569997,F,0.04672463,1,0.000117291,0.000134149,0.000194794,116 F,0,0.128452105
52,116,E2: A domain,1.558967385,4.753909751,5,L,0.567522096,0.64103455,3.106569997,G,1.26E-05,1,0.000117291,0.000134149,0.000194794,116 G,0,1.754076885
52,116,E2: A domain,1.558967385,4.753909751,5,L,0.567522096,0.64103455,3.106569997,H,2.64E-05,1,0.000117291,0.000134149,0.000194794,116 H,0,0.029723784
52,116,E2: A domain,1.558967385,4.753909751,5,L,0.567522096,0.64103455,3.106569997,I,0.602489936,1,0.000117291,0.000134149,0.000194794,116 I,1,-0.201939081
52,116,E2: A domain,1.558967385,4.753909751,5,L,0.567522096,0.64103455,3.106569997,K,0.04976562,1,0.000117291,0.000134149,0.000194794,116 K,0,-0.201153942
52,116,E2: A domain,1.558967385,4.753909751,5,L,0.567522096,0.64103455,3.106569997,L,0.010242568,1,NA,NA,NA,116 L,1,0
52,116,E2: A domain,1.558967385,4.753909751,5,L,0.567522096,0.64103455,3.106569997,M,0.047965171,1,0.000117291,0.000134149,0.000194794,116 M,0,1.23789742
52,116,E2: A domain,1.558967385,4.753909751,5,L,0.567522096,0.64103455,3.106569997,N,1.83E-05,1,0.000117291,0.000134149,0.000194794,116 N,0,0.118519984
52,116,E2: A domain,1.558967385,4.753909751,5,L,0.567522096,0.64103455,3.106569997,P,7.37E-06,1,0.000117291,0.000134149,0.000194794,116 P,0,-0.08012912
52,116,E2: A domain,1.558967385,4.753909751,5,L,0.567522096,0.64103455,3.106569997,Q,8.16E-06,1,0.000117291,0.000134149,0.000194794,116 Q,0,-0.216099523
52,116,E2: A domain,1.558967385,4.753909751,5,L,0.567522096,0.64103455,3.106569997,R,5.30E-06,1,0.000117291,0.000134149,0.000194794,116 R,0,-0.077286753
52,116,E2: A domain,1.558967385,4.753909751,5,L,0.567522096,0.64103455,3.106569997,S,0.003174514,1,-0.287929707,0.412484411,0.093263968,116 S,1,-0.500165879
52,116,E2: A domain,1.558967385,4.753909751,5,L,0.567522096,0.64103455,3.106569997,T,0.020029152,1,0.249914706,0.079173451,0.317176457,116 T,1,0.371676254
52,116,E2: A domain,1.558967385,4.753909751,5,L,0.567522096,0.64103455,3.106569997,V,2.56E-05,1,0.000117291,0.000134149,0.000194794,116 V,0,3.672594827
52,116,E2: A domain,1.558967385,4.753909751,5,L,0.567522096,0.64103455,3.106569997,W,0.054892819,1,0.000117291,0.000134149,0.000194794,116 W,0,0.862801198
52,116,E2: A domain,1.558967385,4.753909751,5,L,0.567522096,0.64103455,3.106569997,Y,0.054439952,1,0.000117291,0.000134149,0.000194794,116 Y,0,0.072910284
53,117,E2: A domain,1.335371571,3.801408175,3,Q,3.027784281,0,3.011443164,A,0.001303627,1,6.83E-05,-1.08E-06,4.86E-05,117 A,0,-0.378880219
53,117,E2: A domain,1.335371571,3.801408175,3,Q,3.027784281,0,3.011443164,C,0.001873088,1,6.83E-05,-1.08E-06,4.86E-05,117 C,0,1.319987104
53,117,E2: A domain,1.335371571,3.801408175,3,Q,3.027784281,0,3.011443164,D,0.000446898,1,6.83E-05,-1.08E-06,4.86E-05,117 D,0,-0.239193152
53,117,E2: A domain,1.335371571,3.801408175,3,Q,3.027784281,0,3.011443164,E,0.000748811,1,6.83E-05,-1.08E-06,4.86E-05,117 E,0,-0.106163209
53,117,E2: A domain,1.335371571,3.801408175,3,Q,3.027784281,0,3.011443164,F,0.001713622,1,6.83E-05,-1.08E-06,4.86E-05,117 F,0,0.37522547
53,117,E2: A domain,1.335371571,3.801408175,3,Q,3.027784281,0,3.011443164,G,0.000437395,1,6.83E-05,-1.08E-06,4.86E-05,117 G,0,-0.340101112
53,117,E2: A domain,1.335371571,3.801408175,3,Q,3.027784281,0,3.011443164,H,0.050427379,1,6.83E-05,-1.08E-06,4.86E-05,117 H,0,1.441400196
53,117,E2: A domain,1.335371571,3.801408175,3,Q,3.027784281,0,3.011443164,I,0.04797128,1,6.83E-05,-1.08E-06,2.44496136,117 I,0,-0.226485348
53,117,E2: A domain,1.335371571,3.801408175,3,Q,3.027784281,0,3.011443164,K,0.000405018,1,6.83E-05,-1.08E-06,4.86E-05,117 K,0,-0.548188788
53,117,E2: A domain,1.335371571,3.801408175,3,Q,3.027784281,0,3.011443164,L,0.000679423,1,3.026623924,-1.08E-06,4.86E-05,117 L,0,-0.313763613
53,117,E2: A domain,1.335371571,3.801408175,3,Q,3.027784281,0,3.011443164,M,0.055892543,1,6.83E-05,-1.08E-06,4.86E-05,117 M,0,0.385810507
53,117,E2: A domain,1.335371571,3.801408175,3,Q,3.027784281,0,3.011443164,N,0.050259564,1,6.83E-05,-1.08E-06,4.86E-05,117 N,0,-2.102560577
53,117,E2: A domain,1.335371571,3.801408175,3,Q,3.027784281,0,3.011443164,P,0.00027899,1,6.83E-05,-1.08E-06,4.86E-05,117 P,0,1.263008262
53,117,E2: A domain,1.335371571,3.801408175,3,Q,3.027784281,0,3.011443164,Q,0.574701268,1,NA,NA,NA,117 Q,1,0
53,117,E2: A domain,1.335371571,3.801408175,3,Q,3.027784281,0,3.011443164,R,0.208696562,1,-0.300430624,-0.082734332,0.565656452,117 R,1,0.594173623
53,117,E2: A domain,1.335371571,3.801408175,3,Q,3.027784281,0,3.011443164,S,0.00041256,1,6.83E-05,-1.08E-06,4.86E-05,117 S,0,-0.618864577
53,117,E2: A domain,1.335371571,3.801408175,3,Q,3.027784281,0,3.011443164,T,0.000608331,1,6.83E-05,-1.08E-06,4.86E-05,117 T,0,0.159092529
53,117,E2: A domain,1.335371571,3.801408175,3,Q,3.027784281,0,3.011443164,V,0.000460711,1,6.83E-05,-1.08E-06,4.86E-05,117 V,0,-0.151251708
53,117,E2: A domain,1.335371571,3.801408175,3,Q,3.027784281,0,3.011443164,W,0.000375662,1,6.83E-05,-1.08E-06,4.86E-05,117 W,0,0.326378848
53,117,E2: A domain,1.335371571,3.801408175,3,Q,3.027784281,0,3.011443164,Y,0.002307269,1,6.83E-05,-1.08E-06,4.86E-05,117 Y,0,-0.366021955
54,118,E2: A domain,2.02569213,7.58135641,7,I,0.229376363,0.761286806,3.60548939,A,0.114474459,1,0.04922482,-0.013699584,0.237164735,118 A,1,0.632552371
54,118,E2: A domain,2.02569213,7.58135641,7,I,0.229376363,0.761286806,3.60548939,C,0.21497277,1,-0.250028791,0.215511617,0.028878338,118 C,1,0.022717395
54,118,E2: A domain,2.02569213,7.58135641,7,I,0.229376363,0.761286806,3.60548939,D,0.000309951,1,-0.000397472,0.000209233,-0.000217577,118 D,0,0.145910819
54,118,E2: A domain,2.02569213,7.58135641,7,I,0.229376363,0.761286806,3.60548939,E,0.000360235,1,-0.000397472,0.000209233,-0.000217577,118 E,0,-0.177731016
54,118,E2: A domain,2.02569213,7.58135641,7,I,0.229376363,0.761286806,3.60548939,F,0.205812177,1,-1.78964144,-1.872534541,-1.849742708,118 F,1,-1.461448776
54,118,E2: A domain,2.02569213,7.58135641,7,I,0.229376363,0.761286806,3.60548939,G,3.02E-05,1,-0.000397472,0.000209233,-0.000217577,118 G,0,-0.221696358
54,118,E2: A domain,2.02569213,7.58135641,7,I,0.229376363,0.761286806,3.60548939,H,0.000167665,1,-0.000397472,0.000209233,-0.000217577,118 H,0,-0.117979721
54,118,E2: A domain,2.02569213,7.58135641,7,I,0.229376363,0.761286806,3.60548939,I,0.052078301,1,NA,NA,NA,118 I,1,0
54,118,E2: A domain,2.02569213,7.58135641,7,I,0.229376363,0.761286806,3.60548939,K,4.17E-05,1,-0.000397472,0.000209233,-0.000217577,118 K,0,0.119253548
54,118,E2: A domain,2.02569213,7.58135641,7,I,0.229376363,0.761286806,3.60548939,L,3.14E-05,1,0.180151544,-2.842130793,2.720187399,118 L,0,-1.391791216
54,118,E2: A domain,2.02569213,7.58135641,7,I,0.229376363,0.761286806,3.60548939,M,0.049304893,1,-0.000397472,0.000209233,-0.000217577,118 M,0,-0.030373275
54,118,E2: A domain,2.02569213,7.58135641,7,I,0.229376363,0.761286806,3.60548939,N,0.042725827,1,-0.433242945,-0.068800107,0.619258918,118 N,1,-0.81104927
54,118,E2: A domain,2.02569213,7.58135641,7,I,0.229376363,0.761286806,3.60548939,P,0.000264923,1,-0.000397472,0.000209233,-0.000217577,118 P,0,0.482984091
54,118,E2: A domain,2.02569213,7.58135641,7,I,0.229376363,0.761286806,3.60548939,Q,0.000501069,1,-0.000397472,0.000209233,-0.000217577,118 Q,0,-0.924623793
54,118,E2: A domain,2.02569213,7.58135641,7,I,0.229376363,0.761286806,3.60548939,R,5.38E-05,1,-0.000397472,0.000209233,-0.000217577,118 R,0,-0.976895887
54,118,E2: A domain,2.02569213,7.58135641,7,I,0.229376363,0.761286806,3.60548939,S,0.180400554,1,-0.053654032,0.543264394,-0.157432311,118 S,1,-0.337878059
54,118,E2: A domain,2.02569213,7.58135641,7,I,0.229376363,0.761286806,3.60548939,T,0.095863024,1,-0.037210787,-0.045775097,-0.068813166,118 T,1,-0.804971973
54,118,E2: A domain,2.02569213,7.58135641,7,I,0.229376363,0.761286806,3.60548939,V,7.37E-05,1,-0.000397472,0.000209233,-0.000217577,118 V,0,-0.768196225
54,118,E2: A domain,2.02569213,7.58135641,7,I,0.229376363,0.761286806,3.60548939,W,0.000271181,1,-0.000397472,0.000209233,-0.000217577,118 W,0,0.060663389
54,118,E2: A domain,2.02569213,7.58135641,7,I,0.229376363,0.761286806,3.60548939,Y,0.042262168,1,-0.000397472,0.000209233,-0.000217577,118 Y,0,0.194077384
55,119,E2: A domain,2.039167738,7.684211261,8,G,0.02591376,0.308535937,4.377208947,A,2.95E-05,1,-0.014352109,-0.014591955,-0.013801258,119 A,0,-5.33739322
55,119,E2: A domain,2.039167738,7.684211261,8,G,0.02591376,0.308535937,4.377208947,C,0.048781238,1,-0.014352109,-0.014591955,-0.013801258,119 C,0,-0.248948767
55,119,E2: A domain,2.039167738,7.684211261,8,G,0.02591376,0.308535937,4.377208947,D,0.052261479,1,-0.014352109,-0.014591955,-0.013801258,119 D,0,-0.554188353
55,119,E2: A domain,2.039167738,7.684211261,8,G,0.02591376,0.308535937,4.377208947,E,0.240973282,1,-0.014352109,-0.014591955,4.262345416,119 E,1,-8.402837967
55,119,E2: A domain,2.039167738,7.684211261,8,G,0.02591376,0.308535937,4.377208947,F,0.052318847,1,-0.014352109,-0.014591955,-0.013801258,119 F,0,-0.118635605
55,119,E2: A domain,2.039167738,7.684211261,8,G,0.02591376,0.308535937,4.377208947,G,0.024669608,1,NA,NA,NA,119 G,1,0
55,119,E2: A domain,2.039167738,7.684211261,8,G,0.02591376,0.308535937,4.377208947,H,4.73E-05,1,-0.014352109,-0.014591955,-0.013801258,119 H,0,0.234913491
55,119,E2: A domain,2.039167738,7.684211261,8,G,0.02591376,0.308535937,4.377208947,I,0.000107171,1,-0.014352109,-0.014591955,-0.013801258,119 I,0,-0.636911431
55,119,E2: A domain,2.039167738,7.684211261,8,G,0.02591376,0.308535937,4.377208947,K,0.2300439,1,-2.001774865,-1.700733765,-1.77491882,119 K,1,0.048687833
55,119,E2: A domain,2.039167738,7.684211261,8,G,0.02591376,0.308535937,4.377208947,L,0.000126541,1,-0.014352109,-0.014591955,-0.013801258,119 L,0,0.20576609
55,119,E2: A domain,2.039167738,7.684211261,8,G,0.02591376,0.308535937,4.377208947,M,3.38E-05,1,-0.014352109,-0.014591955,-0.013801258,119 M,0,0.002566197
55,119,E2: A domain,2.039167738,7.684211261,8,G,0.02591376,0.308535937,4.377208947,N,0.0829585,1,0.02591376,0.308535937,-0.088495642,119 N,1,0.095498247
55,119,E2: A domain,2.039167738,7.684211261,8,G,0.02591376,0.308535937,4.377208947,P,3.93E-05,1,-0.014352109,-0.014591955,-0.013801258,119 P,0,0.069395984
55,119,E2: A domain,2.039167738,7.684211261,8,G,0.02591376,0.308535937,4.377208947,Q,0.012260294,1,-4.909874097,-2.160688765,0.114863531,119 Q,1,0.304862159
55,119,E2: A domain,2.039167738,7.684211261,8,G,0.02591376,0.308535937,4.377208947,R,0.136482218,1,-2.735070626,-3.031893208,-2.557058884,119 R,1,-0.280498131
55,119,E2: A domain,2.039167738,7.684211261,8,G,0.02591376,0.308535937,4.377208947,S,3.30E-05,1,-0.014352109,-0.014591955,-0.013801258,119 S,0,-0.104232288
55,119,E2: A domain,2.039167738,7.684211261,8,G,0.02591376,0.308535937,4.377208947,T,2.51E-05,1,-0.014352109,-0.014591955,-0.013801258,119 T,0,-0.575837281
55,119,E2: A domain,2.039167738,7.684211261,8,G,0.02591376,0.308535937,4.377208947,V,9.51E-06,1,-0.014352109,-0.014591955,-0.013801258,119 V,0,-0.819959294
55,119,E2: A domain,2.039167738,7.684211261,8,G,0.02591376,0.308535937,4.377208947,W,0.113653296,1,-0.112495529,-0.59113872,-0.402812884,119 W,1,-1.073005379
55,119,E2: A domain,2.039167738,7.684211261,8,G,0.02591376,0.308535937,4.377208947,Y,0.005146168,1,-0.35543511,-5.009131088,-0.13675449,119 Y,1,0.032829734
56,120,E2: A domain,1.632192691,5.115078217,8,I,4.004060452,0.078881101,2.708281052,A,0.049267671,1,0.000211248,-0.000167815,1.19E-05,120 A,0,-0.240721476
56,120,E2: A domain,1.632192691,5.115078217,8,I,4.004060452,0.078881101,2.708281052,C,7.15E-06,1,0.000211248,-0.000167815,1.19E-05,120 C,0,-0.447918002
56,120,E2: A domain,1.632192691,5.115078217,8,I,4.004060452,0.078881101,2.708281052,D,0.050326399,1,0.000211248,-0.000167815,1.19E-05,120 D,0,-0.245146305
56,120,E2: A domain,1.632192691,5.115078217,8,I,4.004060452,0.078881101,2.708281052,E,1.98E-05,1,0.000211248,-0.000167815,1.19E-05,120 E,0,0.006208062
56,120,E2: A domain,1.632192691,5.115078217,8,I,4.004060452,0.078881101,2.708281052,F,0.050154121,1,0.000211248,-0.000167815,1.19E-05,120 F,0,-1.389210207
56,120,E2: A domain,1.632192691,5.115078217,8,I,4.004060452,0.078881101,2.708281052,G,4.19E-05,1,0.000211248,-0.000167815,1.19E-05,120 G,0,-0.281904095
56,120,E2: A domain,1.632192691,5.115078217,8,I,4.004060452,0.078881101,2.708281052,H,1.28E-05,1,0.000211248,-0.000167815,1.19E-05,120 H,0,-0.325382214
56,120,E2: A domain,1.632192691,5.115078217,8,I,4.004060452,0.078881101,2.708281052,I,0.00568463,1,NA,NA,NA,120 I,1,0
56,120,E2: A domain,1.632192691,5.115078217,8,I,4.004060452,0.078881101,2.708281052,K,0.003587993,1,-2.309448921,-4.614511988,-4.6656073,120 K,1,-1.011609911
56,120,E2: A domain,1.632192691,5.115078217,8,I,4.004060452,0.078881101,2.708281052,L,0.002890448,1,0.332158746,-0.408070156,0.362981877,120 L,1,0.710917885
56,120,E2: A domain,1.632192691,5.115078217,8,I,4.004060452,0.078881101,2.708281052,M,0.011848545,1,0.311167306,0.078881101,0.151408089,120 M,1,0.56672268
56,120,E2: A domain,1.632192691,5.115078217,8,I,4.004060452,0.078881101,2.708281052,N,6.41E-06,1,-2.251448199,-2.255030137,-0.084490538,120 N,0,-0.419550797
56,120,E2: A domain,1.632192691,5.115078217,8,I,4.004060452,0.078881101,2.708281052,P,7.13E-06,1,0.000211248,-0.000167815,1.19E-05,120 P,0,1.269425871
56,120,E2: A domain,1.632192691,5.115078217,8,I,4.004060452,0.078881101,2.708281052,Q,0.049714157,1,0.000211248,-0.000167815,1.19E-05,120 Q,0,-0.334242304
56,120,E2: A domain,1.632192691,5.115078217,8,I,4.004060452,0.078881101,2.708281052,R,1.07E-05,1,3.244533018,-0.000167815,2.193771681,120 R,0,2.799923091
56,120,E2: A domain,1.632192691,5.115078217,8,I,4.004060452,0.078881101,2.708281052,S,0.00357929,1,-0.208510042,-0.143355135,-0.357140456,120 S,1,0.080322832
56,120,E2: A domain,1.632192691,5.115078217,8,I,4.004060452,0.078881101,2.708281052,T,0.338161876,1,0.005034828,-0.336845718,-0.072383766,120 T,1,0.650038617
56,120,E2: A domain,1.632192691,5.115078217,8,I,4.004060452,0.078881101,2.708281052,V,0.002085938,1,-0.167553297,-4.272355792,-2.714502603,120 V,1,0.005830972
56,120,E2: A domain,1.632192691,5.115078217,8,I,4.004060452,0.078881101,2.708281052,W,0.384114816,1,0.10905407,-0.227808234,-0.097868769,120 W,1,-1.222895008
56,120,E2: A domain,1.632192691,5.115078217,8,I,4.004060452,0.078881101,2.708281052,Y,0.048478299,1,0.000211248,-0.000167815,1.19E-05,120 Y,0,0.315706709
57,121,E2: A domain,2.478876582,11.92785692,9,K,4.030540407,2.873167712,3.885766579,A,0.016952073,1,2.522652597,2.211980792,2.488927016,121 A,1,-0.979524682
57,121,E2: A domain,2.478876582,11.92785692,9,K,4.030540407,2.873167712,3.885766579,C,0.001016247,1,0.000455538,0.000144467,0.000421782,121 C,0,-0.586446552
57,121,E2: A domain,2.478876582,11.92785692,9,K,4.030540407,2.873167712,3.885766579,D,0.051107045,1,0.000455538,0.000144467,0.000421782,121 D,0,-0.513238208
57,121,E2: A domain,2.478876582,11.92785692,9,K,4.030540407,2.873167712,3.885766579,E,0.001585173,1,0.000455538,0.000144467,0.000421782,121 E,1,0.706380117
57,121,E2: A domain,2.478876582,11.92785692,9,K,4.030540407,2.873167712,3.885766579,F,0.067009085,1,-0.553803653,-0.663239344,-1.00074225,121 F,1,-0.750847016
57,121,E2: A domain,2.478876582,11.92785692,9,K,4.030540407,2.873167712,3.885766579,G,0.170825999,1,0.21795286,0.423292741,0.267969423,121 G,1,-0.622433623
57,121,E2: A domain,2.478876582,11.92785692,9,K,4.030540407,2.873167712,3.885766579,H,0.000856632,1,0.000455538,0.000144467,0.000421782,121 H,0,-0.625746194
57,121,E2: A domain,2.478876582,11.92785692,9,K,4.030540407,2.873167712,3.885766579,I,0.090007183,1,0.538899201,-0.376899771,0.261645913,121 I,1,0.0421043
57,121,E2: A domain,2.478876582,11.92785692,9,K,4.030540407,2.873167712,3.885766579,K,0.129981651,1,NA,NA,NA,121 K,1,0
57,121,E2: A domain,2.478876582,11.92785692,9,K,4.030540407,2.873167712,3.885766579,L,6.92E-05,1,0.000455538,0.000144467,0.000421782,121 L,0,-1.385031004
57,121,E2: A domain,2.478876582,11.92785692,9,K,4.030540407,2.873167712,3.885766579,M,0.051228622,1,0.000455538,0.000144467,0.000421782,121 M,0,2.668898672
57,121,E2: A domain,2.478876582,11.92785692,9,K,4.030540407,2.873167712,3.885766579,N,0.048321608,1,0.000455538,0.000144467,0.000421782,121 N,0,-1.59130543
57,121,E2: A domain,2.478876582,11.92785692,9,K,4.030540407,2.873167712,3.885766579,P,0.000112572,1,0.000455538,0.000144467,0.000421782,121 P,0,1.483797598
57,121,E2: A domain,2.478876582,11.92785692,9,K,4.030540407,2.873167712,3.885766579,Q,0.051096047,1,0.000455538,0.000144467,0.000421782,121 Q,0,-0.919523374
57,121,E2: A domain,2.478876582,11.92785692,9,K,4.030540407,2.873167712,3.885766579,R,0.125489631,1,0.141911595,0.236160578,0.244737608,121 R,1,0.38595109
57,121,E2: A domain,2.478876582,11.92785692,9,K,4.030540407,2.873167712,3.885766579,S,0.085329992,1,-0.09759473,-0.383694611,0.092180187,121 S,1,-0.778760257
57,121,E2: A domain,2.478876582,11.92785692,9,K,4.030540407,2.873167712,3.885766579,T,0.052618058,1,0.000455538,0.000144467,0.000421782,121 T,0,0.13879398
57,121,E2: A domain,2.478876582,11.92785692,9,K,4.030540407,2.873167712,3.885766579,V,0.011800545,1,0.603657702,-2.362905624,0.525245046,121 V,1,-1.42944873
57,121,E2: A domain,2.478876582,11.92785692,9,K,4.030540407,2.873167712,3.885766579,W,0.000114145,1,0.000455538,0.000144467,0.000421782,121 W,0,-0.491044367
57,121,E2: A domain,2.478876582,11.92785692,9,K,4.030540407,2.873167712,3.885766579,Y,0.044478448,1,0.000455538,0.000144467,0.000421782,121 Y,0,-0.135230763
58,122,E2: A domain,2.609817437,13.59656839,8,T,1.191446468,1.872322147,2.659808654,A,0.202579577,1,0.111987744,0.627980857,0.054006915,122 A,1,-0.120535262
58,122,E2: A domain,2.609817437,13.59656839,8,T,1.191446468,1.872322147,2.659808654,C,0.046982726,1,0.000314727,0.000898552,0.000291907,122 C,0,0.265682938
58,122,E2: A domain,2.609817437,13.59656839,8,T,1.191446468,1.872322147,2.659808654,D,0.000576393,1,0.000314727,0.000898552,0.000291907,122 D,0,-0.095516196
58,122,E2: A domain,2.609817437,13.59656839,8,T,1.191446468,1.872322147,2.659808654,E,8.45E-05,1,0.000314727,0.000898552,0.000291907,122 E,0,1.200711679
58,122,E2: A domain,2.609817437,13.59656839,8,T,1.191446468,1.872322147,2.659808654,F,0.065886769,1,-0.676988413,0.274092994,0.291664496,122 F,1,0.456798863
58,122,E2: A domain,2.609817437,13.59656839,8,T,1.191446468,1.872322147,2.659808654,G,0.000668699,1,0.000314727,0.000898552,0.000291907,122 G,0,-0.44477681
58,122,E2: A domain,2.609817437,13.59656839,8,T,1.191446468,1.872322147,2.659808654,H,0.056777262,1,0.000314727,0.000898552,0.000291907,122 H,0,-0.477237795
58,122,E2: A domain,2.609817437,13.59656839,8,T,1.191446468,1.872322147,2.659808654,I,0.055063542,1,0.000314727,0.000898552,0.000291907,122 I,0,-0.297605816
58,122,E2: A domain,2.609817437,13.59656839,8,T,1.191446468,1.872322147,2.659808654,K,0.044007363,1,0.000314727,0.000898552,0.000291907,122 K,0,0.702484573
58,122,E2: A domain,2.609817437,13.59656839,8,T,1.191446468,1.872322147,2.659808654,L,0.064136554,1,-0.05857646,0.09745083,0.057310744,122 L,1,0.436886823
58,122,E2: A domain,2.609817437,13.59656839,8,T,1.191446468,1.872322147,2.659808654,M,0.002072551,1,-1.766520429,-0.558444362,1.581367557,122 M,1,1.96538248
58,122,E2: A domain,2.609817437,13.59656839,8,T,1.191446468,1.872322147,2.659808654,N,0.050317606,1,0.000314727,0.000898552,0.000291907,122 N,0,-0.443965614
58,122,E2: A domain,2.609817437,13.59656839,8,T,1.191446468,1.872322147,2.659808654,P,0.050026073,1,-0.051211988,0.151471845,0.065241063,122 P,1,-1.31406886
58,122,E2: A domain,2.609817437,13.59656839,8,T,1.191446468,1.872322147,2.659808654,Q,0.05288931,1,0.000314727,0.000898552,0.000291907,122 Q,0,0.86253296
58,122,E2: A domain,2.609817437,13.59656839,8,T,1.191446468,1.872322147,2.659808654,R,0.042360931,1,-0.806203035,-0.676833787,-0.874311484,122 R,1,0.993400832
58,122,E2: A domain,2.609817437,13.59656839,8,T,1.191446468,1.872322147,2.659808654,S,9.36E-05,1,0.000314727,0.000898552,0.000291907,122 S,0,-0.803883084
58,122,E2: A domain,2.609817437,13.59656839,8,T,1.191446468,1.872322147,2.659808654,T,0.070345862,1,NA,NA,NA,122 T,1,0
58,122,E2: A domain,2.609817437,13.59656839,8,T,1.191446468,1.872322147,2.659808654,V,0.088078353,1,1.075682,0.710543002,0.606714999,122 V,1,-0.227017392
58,122,E2: A domain,2.609817437,13.59656839,8,T,1.191446468,1.872322147,2.659808654,W,0.05179212,1,0.000314727,0.000898552,0.000291907,122 W,0,-0.262711297
58,122,E2: A domain,2.609817437,13.59656839,8,T,1.191446468,1.872322147,2.659808654,Y,0.055260292,1,0.000314727,0.000898552,0.000291907,122 Y,0,-0.409238662
59,123,E2: A domain,2.125800074,8.379599103,3,D,0.0014306,0.678980356,0.375951825,A,0.000158385,1,-9.94E-06,0.000477612,-4.76E-06,123 A,0,2.764279985
59,123,E2: A domain,2.125800074,8.379599103,3,D,0.0014306,0.678980356,0.375951825,C,0.050178748,1,-9.94E-06,0.000477612,-4.76E-06,123 C,0,-0.277451091
59,123,E2: A domain,2.125800074,8.379599103,3,D,0.0014306,0.678980356,0.375951825,D,0.146873305,1,NA,NA,NA,123 D,1,0
59,123,E2: A domain,2.125800074,8.379599103,3,D,0.0014306,0.678980356,0.375951825,E,0.053996967,1,-9.94E-06,0.000477612,-4.76E-06,123 E,0,-1.127544454
59,123,E2: A domain,2.125800074,8.379599103,3,D,0.0014306,0.678980356,0.375951825,F,0.000116325,1,-9.94E-06,0.000477612,-4.76E-06,123 F,0,-2.78442399
59,123,E2: A domain,2.125800074,8.379599103,3,D,0.0014306,0.678980356,0.375951825,G,0.039262876,1,-0.363647869,-0.384013718,0.375951825,123 G,1,-1.004721299
59,123,E2: A domain,2.125800074,8.379599103,3,D,0.0014306,0.678980356,0.375951825,H,0.053722529,1,-9.94E-06,0.000477612,-4.76E-06,123 H,0,-0.068172397
59,123,E2: A domain,2.125800074,8.379599103,3,D,0.0014306,0.678980356,0.375951825,I,0.000812742,1,-9.94E-06,0.000477612,-4.76E-06,123 I,0,0.231577219
59,123,E2: A domain,2.125800074,8.379599103,3,D,0.0014306,0.678980356,0.375951825,K,0.001046094,1,-9.94E-06,0.000477612,-4.76E-06,123 K,0,-0.417554644
59,123,E2: A domain,2.125800074,8.379599103,3,D,0.0014306,0.678980356,0.375951825,L,0.000270719,1,-9.94E-06,0.000477612,-4.76E-06,123 L,0,-0.657060359
59,123,E2: A domain,2.125800074,8.379599103,3,D,0.0014306,0.678980356,0.375951825,M,0.052094907,1,-9.94E-06,0.000477612,-4.76E-06,123 M,0,-3.45162E-05
59,123,E2: A domain,2.125800074,8.379599103,3,D,0.0014306,0.678980356,0.375951825,N,0.371016529,1,0.001430604,0.670860951,-0.052580681,123 N,1,-0.254556718
59,123,E2: A domain,2.125800074,8.379599103,3,D,0.0014306,0.678980356,0.375951825,P,0.000282434,1,-9.94E-06,0.000477612,-4.76E-06,123 P,0,-0.472865072
59,123,E2: A domain,2.125800074,8.379599103,3,D,0.0014306,0.678980356,0.375951825,Q,0.050360689,1,-9.94E-06,0.000477612,-4.76E-06,123 Q,0,-0.824810459
59,123,E2: A domain,2.125800074,8.379599103,3,D,0.0014306,0.678980356,0.375951825,R,0.000161074,1,-9.94E-06,0.000477612,-4.76E-06,123 R,0,-0.556095934
59,123,E2: A domain,2.125800074,8.379599103,3,D,0.0014306,0.678980356,0.375951825,S,0.045987513,1,-9.94E-06,0.000477612,-4.76E-06,123 S,0,-0.864261344
59,123,E2: A domain,2.125800074,8.379599103,3,D,0.0014306,0.678980356,0.375951825,T,0.00016614,1,-9.94E-06,0.000477612,-4.76E-06,123 T,0,1.801572579
59,123,E2: A domain,2.125800074,8.379599103,3,D,0.0014306,0.678980356,0.375951825,V,0.043824078,1,-9.94E-06,0.000477612,-4.76E-06,123 V,0,-1.080685283
59,123,E2: A domain,2.125800074,8.379599103,3,D,0.0014306,0.678980356,0.375951825,W,0.046028616,1,-9.94E-06,0.000477612,-4.76E-06,123 W,0,0.206739725
59,123,E2: A domain,2.125800074,8.379599103,3,D,0.0014306,0.678980356,0.375951825,Y,0.043639331,1,-9.94E-06,0.000477612,-4.76E-06,123 Y,0,-0.255049649
60,124,E2: A domain,2.292467555,9.899334718,9,D,0.212711109,2.801284041,0.076650269,A,0.187169881,1,0.102443845,0.587399068,-0.165805047,124 A,1,-0.458554135
60,124,E2: A domain,2.292467555,9.899334718,9,D,0.212711109,2.801284041,0.076650269,C,0.03322349,1,0.032543564,0.895893319,-0.095961189,124 C,1,0.122569909
60,124,E2: A domain,2.292467555,9.899334718,9,D,0.212711109,2.801284041,0.076650269,D,0.007297205,1,NA,NA,NA,124 D,1,0
60,124,E2: A domain,2.292467555,9.899334718,9,D,0.212711109,2.801284041,0.076650269,E,0.056976433,1,-0.000591125,0.001713875,-0.000611455,124 E,0,0.238457193
60,124,E2: A domain,2.292467555,9.899334718,9,D,0.212711109,2.801284041,0.076650269,F,0.044993357,1,-0.000591125,0.001713875,-0.000611455,124 F,0,-0.170575957
60,124,E2: A domain,2.292467555,9.899334718,9,D,0.212711109,2.801284041,0.076650269,G,0.000488747,1,-0.73308186,0.149885357,0.076650269,124 G,1,-1.33320037
60,124,E2: A domain,2.292467555,9.899334718,9,D,0.212711109,2.801284041,0.076650269,H,0.046941839,1,-0.000591125,0.001713875,-0.000611455,124 H,0,-0.317684144
60,124,E2: A domain,2.292467555,9.899334718,9,D,0.212711109,2.801284041,0.076650269,I,9.86E-06,1,-0.000591125,0.001713875,-0.000611455,124 I,0,0.077027019
60,124,E2: A domain,2.292467555,9.899334718,9,D,0.212711109,2.801284041,0.076650269,K,0.047426409,1,-0.000591125,0.001713875,-0.000611455,124 K,0,-0.118766909
60,124,E2: A domain,2.292467555,9.899334718,9,D,0.212711109,2.801284041,0.076650269,L,0.008450753,1,-0.338701725,-0.103937881,-0.383425789,124 L,1,-0.038376744
60,124,E2: A domain,2.292467555,9.899334718,9,D,0.212711109,2.801284041,0.076650269,M,0.056706013,1,-0.000591125,0.001713875,-0.000611455,124 M,0,0.086547738
60,124,E2: A domain,2.292467555,9.899334718,9,D,0.212711109,2.801284041,0.076650269,N,0.127346072,1,-0.710333432,0.323613606,-0.38959549,124 N,1,0.322900378
60,124,E2: A domain,2.292467555,9.899334718,9,D,0.212711109,2.801284041,0.076650269,P,1.47E-05,1,-0.000591125,0.001713875,-0.000611455,124 P,0,-1.265361691
60,124,E2: A domain,2.292467555,9.899334718,9,D,0.212711109,2.801284041,0.076650269,Q,0.008318208,1,0.0777237,0.649886357,-0.184265595,124 Q,1,-1.191415739
60,124,E2: A domain,2.292467555,9.899334718,9,D,0.212711109,2.801284041,0.076650269,R,1.05E-05,1,-0.000591125,0.001713875,-0.000611455,124 R,0,0.67024667
60,124,E2: A domain,2.292467555,9.899334718,9,D,0.212711109,2.801284041,0.076650269,S,0.02144012,1,-0.272980722,0.129479429,-0.155633354,124 S,1,0.773247455
60,124,E2: A domain,2.292467555,9.899334718,9,D,0.212711109,2.801284041,0.076650269,T,0.25321226,1,-2.245836084,0.04627428,-0.002859197,124 T,1,2.809909624
60,124,E2: A domain,2.292467555,9.899334718,9,D,0.212711109,2.801284041,0.076650269,V,0.045543892,1,-0.000591125,0.001713875,-0.000611455,124 V,0,-0.241647092
60,124,E2: A domain,2.292467555,9.899334718,9,D,0.212711109,2.801284041,0.076650269,W,7.11E-06,1,-0.000591125,0.001713875,-0.000611455,124 W,0,-0.107245188
60,124,E2: A domain,2.292467555,9.899334718,9,D,0.212711109,2.801284041,0.076650269,Y,0.054423149,1,-0.000591125,0.001713875,-0.000611455,124 Y,0,0.246236552
61,125,E2: A domain,2.179079071,8.838163187,6,S,0.569042969,1.314263418,0.743380212,A,0.016173964,1,-0.318820208,-0.164068179,-2.67421609,125 A,1,0.960401277
61,125,E2: A domain,2.179079071,8.838163187,6,S,0.569042969,1.314263418,0.743380212,C,2.37E-05,1,-2.214072145,-2.215898533,-2.236062259,125 C,0,-1.376752847
61,125,E2: A domain,2.179079071,8.838163187,6,S,0.569042969,1.314263418,0.743380212,D,0.050855024,1,0.000161373,0.000478377,0.000181627,125 D,0,-0.376606756
61,125,E2: A domain,2.179079071,8.838163187,6,S,0.569042969,1.314263418,0.743380212,E,0.048702131,1,0.000161373,0.000478377,0.000181627,125 E,0,-0.329729237
61,125,E2: A domain,2.179079071,8.838163187,6,S,0.569042969,1.314263418,0.743380212,F,8.20E-05,1,0.000161373,0.000478377,0.000181627,125 F,0,-0.917947797
61,125,E2: A domain,2.179079071,8.838163187,6,S,0.569042969,1.314263418,0.743380212,G,0.004791294,1,-0.341178476,-1.137344831,-0.258646776,125 G,1,0.023486464
61,125,E2: A domain,2.179079071,8.838163187,6,S,0.569042969,1.314263418,0.743380212,H,0.050065904,1,0.000161373,0.000478377,0.000181627,125 H,0,-0.830428389
61,125,E2: A domain,2.179079071,8.838163187,6,S,0.569042969,1.314263418,0.743380212,I,6.63E-07,1,0.000161373,0.000478377,0.000181627,125 I,0,0.609938613
61,125,E2: A domain,2.179079071,8.838163187,6,S,0.569042969,1.314263418,0.743380212,K,0.05230763,1,0.000161373,0.000478377,0.000181627,125 K,0,0.39980766
61,125,E2: A domain,2.179079071,8.838163187,6,S,0.569042969,1.314263418,0.743380212,L,5.52E-05,1,0.000161373,0.000478377,0.000181627,125 L,0,-0.35245719
61,125,E2: A domain,2.179079071,8.838163187,6,S,0.569042969,1.314263418,0.743380212,M,0.048418237,1,0.000161373,0.000478377,0.000181627,125 M,0,-0.070341064
61,125,E2: A domain,2.179079071,8.838163187,6,S,0.569042969,1.314263418,0.743380212,N,0.413164372,1,0.162095005,0.561017277,0.206538073,125 N,1,0.174914577
61,125,E2: A domain,2.179079071,8.838163187,6,S,0.569042969,1.314263418,0.743380212,P,0.051331129,1,0.000161373,0.000478377,0.000181627,125 P,0,-0.236926305
61,125,E2: A domain,2.179079071,8.838163187,6,S,0.569042969,1.314263418,0.743380212,Q,0.052621443,1,0.000161373,0.000478377,0.000181627,125 Q,0,0.694031836
61,125,E2: A domain,2.179079071,8.838163187,6,S,0.569042969,1.314263418,0.743380212,R,0.051658262,1,0.000161373,0.000478377,0.000181627,125 R,0,0.246212375
61,125,E2: A domain,2.179079071,8.838163187,6,S,0.569042969,1.314263418,0.743380212,S,0.022856497,1,NA,NA,NA,125 S,1,0
61,125,E2: A domain,2.179079071,8.838163187,6,S,0.569042969,1.314263418,0.743380212,T,0.046538914,1,0.317847191,0.596874478,0.322547173,125 T,1,0.708516332
61,125,E2: A domain,2.179079071,8.838163187,6,S,0.569042969,1.314263418,0.743380212,V,0.049786296,1,0.087002921,0.150152759,0.211933819,125 V,1,-0.31059159
61,125,E2: A domain,2.179079071,8.838163187,6,S,0.569042969,1.314263418,0.743380212,W,0.04031277,1,0.000161373,0.000478377,0.000181627,125 W,0,0.331068081
61,125,E2: A domain,2.179079071,8.838163187,6,S,0.569042969,1.314263418,0.743380212,Y,0.000254549,1,0.000161373,0.000478377,0.000181627,125 Y,0,-0.877938231
62,126,E2: A domain,2.258299478,9.566806761,13,H,0.654613414,0.587549281,1.867670472,A,0.080474258,1,0.21577879,-0.306328658,0.187215967,126 A,1,-0.646420852
62,126,E2: A domain,2.258299478,9.566806761,13,H,0.654613414,0.587549281,1.867670472,C,0.158002822,1,-0.078183597,-0.557323627,0.334236634,126 C,1,1.30499582
62,126,E2: A domain,2.258299478,9.566806761,13,H,0.654613414,0.587549281,1.867670472,D,0.044970201,1,-0.003069501,-0.004486589,-0.002475967,126 D,0,-2.24588306
62,126,E2: A domain,2.258299478,9.566806761,13,H,0.654613414,0.587549281,1.867670472,E,0.000103804,1,-0.003069501,-0.004486589,-0.002475967,126 E,0,-1.682440351
62,126,E2: A domain,2.258299478,9.566806761,13,H,0.654613414,0.587549281,1.867670472,F,0.066309567,1,-0.2337946,-0.369135141,-0.129109868,126 F,1,-1.481439438
62,126,E2: A domain,2.258299478,9.566806761,13,H,0.654613414,0.587549281,1.867670472,G,0.015583352,1,0.240505814,0.360880305,0.303168865,126 G,1,0.653269999
62,126,E2: A domain,2.258299478,9.566806761,13,H,0.654613414,0.587549281,1.867670472,H,0.052937226,1,NA,NA,NA,126 H,1,0
62,126,E2: A domain,2.258299478,9.566806761,13,H,0.654613414,0.587549281,1.867670472,I,0.072881604,1,-0.045889295,-0.321944819,0.111766172,126 I,1,-0.616322048
62,126,E2: A domain,2.258299478,9.566806761,13,H,0.654613414,0.587549281,1.867670472,K,7.58E-05,1,-0.003069501,-0.004486589,-0.002475967,126 K,0,0.320194122
62,126,E2: A domain,2.258299478,9.566806761,13,H,0.654613414,0.587549281,1.867670472,L,0.012393447,1,-0.479261035,0.127640788,-0.042907828,126 L,1,-1.605058486
62,126,E2: A domain,2.258299478,9.566806761,13,H,0.654613414,0.587549281,1.867670472,M,6.69E-05,1,-0.003069501,-0.004486589,-0.002475967,126 M,0,-0.604037987
62,126,E2: A domain,2.258299478,9.566806761,13,H,0.654613414,0.587549281,1.867670472,N,1.87E-06,1,-0.003069501,-0.004486589,-0.002475967,126 N,0,-0.016885111
62,126,E2: A domain,2.258299478,9.566806761,13,H,0.654613414,0.587549281,1.867670472,P,0.033538947,1,-0.168413567,0.053738771,0.021144869,126 P,1,-3.264485756
62,126,E2: A domain,2.258299478,9.566806761,13,H,0.654613414,0.587549281,1.867670472,Q,0.037986262,1,-0.003069501,-0.004486589,-0.002475967,126 Q,0,-0.286271648
62,126,E2: A domain,2.258299478,9.566806761,13,H,0.654613414,0.587549281,1.867670472,R,0.304947753,1,-0.695422533,-0.882178766,-0.648599603,126 R,1,0.014861405
62,126,E2: A domain,2.258299478,9.566806761,13,H,0.654613414,0.587549281,1.867670472,S,0.026055327,1,-0.009543517,-0.073963505,-0.052410161,126 S,1,0.940007543
62,126,E2: A domain,2.258299478,9.566806761,13,H,0.654613414,0.587549281,1.867670472,T,0.005121558,1,-0.162375184,-4.865111073,0.441687888,126 T,1,-1.404709653
62,126,E2: A domain,2.258299478,9.566806761,13,H,0.654613414,0.587549281,1.867670472,V,0.013353191,1,0.184770784,-0.345699272,0.286148659,126 V,1,-1.227450688
62,126,E2: A domain,2.258299478,9.566806761,13,H,0.654613414,0.587549281,1.867670472,W,0.000308453,1,-0.003069501,-0.004486589,-0.002475967,126 W,0,-0.248679048
62,126,E2: A domain,2.258299478,9.566806761,13,H,0.654613414,0.587549281,1.867670472,Y,0.074887658,1,0.013558026,0.045289417,0.182301418,126 Y,1,0.477936954
63,127,E2: A domain,1.749694823,5.752846772,5,D,0,0.547758377,0,A,0.000458108,1,-1.604050404,-1.371458112,-2.217767136,127 A,0,1.643739895
63,127,E2: A domain,1.749694823,5.752846772,5,D,0,0.547758377,0,C,0.179689641,1,-1.254115395,-1.93566812,-1.438941468,127 C,1,0.203986856
63,127,E2: A domain,1.749694823,5.752846772,5,D,0,0.547758377,0,D,0.391160976,1,NA,NA,NA,127 D,1,0
63,127,E2: A domain,1.749694823,5.752846772,5,D,0,0.547758377,0,E,0.045368317,1,-0.000260311,-0.000188599,-0.000307556,127 E,0,2.894100056
63,127,E2: A domain,1.749694823,5.752846772,5,D,0,0.547758377,0,F,0.044120824,1,-0.000260311,-0.000188599,-0.000307556,127 F,0,-0.345741543
63,127,E2: A domain,1.749694823,5.752846772,5,D,0,0.547758377,0,G,0.20065892,1,-0.558295508,0.547758377,-1.070334027,127 G,1,-0.270888126
63,127,E2: A domain,1.749694823,5.752846772,5,D,0,0.547758377,0,H,0.047333285,1,-0.000260311,-0.000188599,-0.000307556,127 H,0,-0.798389978
63,127,E2: A domain,1.749694823,5.752846772,5,D,0,0.547758377,0,I,0.000490249,1,-0.000260311,-0.000188599,-0.000307556,127 I,0,-0.450549721
63,127,E2: A domain,1.749694823,5.752846772,5,D,0,0.547758377,0,K,0.000173726,1,-0.000260311,-0.000188599,-0.000307556,127 K,0,1.139066384
63,127,E2: A domain,1.749694823,5.752846772,5,D,0,0.547758377,0,L,0.000189362,1,-0.000260311,-0.000188599,-0.000307556,127 L,0,-0.37409923
63,127,E2: A domain,1.749694823,5.752846772,5,D,0,0.547758377,0,M,0.000196779,1,-0.000260311,-0.000188599,-0.000307556,127 M,0,-0.026243051
63,127,E2: A domain,1.749694823,5.752846772,5,D,0,0.547758377,0,N,0.047177496,1,-0.000260311,-0.000188599,-0.000307556,127 N,0,0.648651419
63,127,E2: A domain,1.749694823,5.752846772,5,D,0,0.547758377,0,P,0.000262126,1,-0.000260311,-0.000188599,-0.000307556,127 P,0,-0.606013891
63,127,E2: A domain,1.749694823,5.752846772,5,D,0,0.547758377,0,Q,0.021344652,1,-4.718472783,-4.724004811,-4.774243839,127 Q,1,-0.821209397
63,127,E2: A domain,1.749694823,5.752846772,5,D,0,0.547758377,0,R,0.000175487,1,-0.000260311,-0.000188599,-0.000307556,127 R,0,-0.034757767
63,127,E2: A domain,1.749694823,5.752846772,5,D,0,0.547758377,0,S,0.000214957,1,-0.000260311,-0.000188599,-0.000307556,127 S,0,-0.392822251
63,127,E2: A domain,1.749694823,5.752846772,5,D,0,0.547758377,0,T,0.000175193,1,-0.000260311,-0.000188599,-0.000307556,127 T,0,-0.27183556
63,127,E2: A domain,1.749694823,5.752846772,5,D,0,0.547758377,0,V,0.000816856,1,-0.000260311,-0.000188599,-0.000307556,127 V,0,-0.586289441
63,127,E2: A domain,1.749694823,5.752846772,5,D,0,0.547758377,0,W,0.019979368,1,-2.538740906,-0.242005686,-0.353893096,127 W,1,-0.444536318
63,127,E2: A domain,1.749694823,5.752846772,5,D,0,0.547758377,0,Y,1.37E-05,1,-0.000260311,-0.000188599,-0.000307556,127 Y,0,0.000208675
64,128,E2: A domain,1.38191496,3.982520698,11,W,0.940307447,0.428968051,1.02594435,A,0.009307867,1,0.269796368,0.061844518,0.201579058,128 A,1,0.121339882
64,128,E2: A domain,1.38191496,3.982520698,11,W,0.940307447,0.428968051,1.02594435,C,6.84E-08,1,-0.01887122,-0.023118055,-0.02296317,128 C,0,-0.515092302
64,128,E2: A domain,1.38191496,3.982520698,11,W,0.940307447,0.428968051,1.02594435,D,0.046469659,1,-0.01887122,-0.023118055,-0.02296317,128 D,0,-0.395501302
64,128,E2: A domain,1.38191496,3.982520698,11,W,0.940307447,0.428968051,1.02594435,E,0.048452798,1,-0.01887122,-0.023118055,-0.02296317,128 E,0,0.29726567
64,128,E2: A domain,1.38191496,3.982520698,11,W,0.940307447,0.428968051,1.02594435,F,2.16E-06,1,-0.01887122,-0.023118055,-0.02296317,128 F,0,-0.087413424
64,128,E2: A domain,1.38191496,3.982520698,11,W,0.940307447,0.428968051,1.02594435,G,0.009209661,1,-1.591267686,-1.691502126,0.044930435,128 G,1,-1.058094254
64,128,E2: A domain,1.38191496,3.982520698,11,W,0.940307447,0.428968051,1.02594435,H,0.049987161,1,-0.01887122,-0.023118055,-0.02296317,128 H,0,-0.436912528
64,128,E2: A domain,1.38191496,3.982520698,11,W,0.940307447,0.428968051,1.02594435,I,0.010839317,1,0.000522914,-0.069798325,-0.219145415,128 I,1,-0.191359519
64,128,E2: A domain,1.38191496,3.982520698,11,W,0.940307447,0.428968051,1.02594435,K,1.68E-05,1,-0.01887122,-0.023118055,-0.02296317,128 K,0,0.618924426
64,128,E2: A domain,1.38191496,3.982520698,11,W,0.940307447,0.428968051,1.02594435,L,0.000140203,1,0.013692829,0.147798046,0.44938083,128 L,1,-0.174275573
64,128,E2: A domain,1.38191496,3.982520698,11,W,0.940307447,0.428968051,1.02594435,M,0.052020596,1,-0.01887122,-0.023118055,-0.02296317,128 M,0,-0.394283543
64,128,E2: A domain,1.38191496,3.982520698,11,W,0.940307447,0.428968051,1.02594435,N,7.90E-06,1,-0.01887122,-0.023118055,-0.02296317,128 N,0,-1.603261746
64,128,E2: A domain,1.38191496,3.982520698,11,W,0.940307447,0.428968051,1.02594435,P,0.048817444,1,-0.01887122,-0.023118055,-0.02296317,128 P,0,0.027426011
64,128,E2: A domain,1.38191496,3.982520698,11,W,0.940307447,0.428968051,1.02594435,Q,0.001766823,1,-0.87447164,-0.550691131,-2.832354088,128 Q,1,-0.554909839
64,128,E2: A domain,1.38191496,3.982520698,11,W,0.940307447,0.428968051,1.02594435,R,0.062441152,1,-1.519511112,-2.57660373,-2.534421794,128 R,1,-0.075253113
64,128,E2: A domain,1.38191496,3.982520698,11,W,0.940307447,0.428968051,1.02594435,S,0.653592826,1,0.211511665,0.219325487,0.227709411,128 S,1,-0.750177246
64,128,E2: A domain,1.38191496,3.982520698,11,W,0.940307447,0.428968051,1.02594435,T,2.38E-06,1,-0.01887122,-0.023118055,-0.02296317,128 T,0,-2.138756192
64,128,E2: A domain,1.38191496,3.982520698,11,W,0.940307447,0.428968051,1.02594435,V,0.002150328,1,0.332800244,-0.562323838,-0.254158698,128 V,1,-0.610713223
64,128,E2: A domain,1.38191496,3.982520698,11,W,0.940307447,0.428968051,1.02594435,W,0.002149898,1,NA,NA,NA,128 W,1,0
64,128,E2: A domain,1.38191496,3.982520698,11,W,0.940307447,0.428968051,1.02594435,Y,0.002625005,1,0.111983426,-1.269617439,0.102344616,128 Y,1,-3.068266643
65,129,E2: A domain,1.986904162,7.292921077,7,T,1.728693648,1.074145106,1.631044754,A,0.010105773,1,-0.716760922,0.259207364,-0.171373385,129 A,1,1.361940533
65,129,E2: A domain,1.986904162,7.292921077,7,T,1.728693648,1.074145106,1.631044754,C,0.05244252,1,-1.26E-06,0.0002651,0.000162842,129 C,0,-0.294544725
65,129,E2: A domain,1.986904162,7.292921077,7,T,1.728693648,1.074145106,1.631044754,D,0.000181768,1,-1.26E-06,0.0002651,0.000162842,129 D,0,0.163582612
65,129,E2: A domain,1.986904162,7.292921077,7,T,1.728693648,1.074145106,1.631044754,E,0.000131711,1,-1.26E-06,0.0002651,0.000162842,129 E,0,-0.135010905
65,129,E2: A domain,1.986904162,7.292921077,7,T,1.728693648,1.074145106,1.631044754,F,0.051987969,1,0.055435204,0.220733366,0.267704695,129 F,1,-0.077327244
65,129,E2: A domain,1.986904162,7.292921077,7,T,1.728693648,1.074145106,1.631044754,G,2.33E-05,1,-1.26E-06,0.0002651,0.000162842,129 G,0,-0.172150748
65,129,E2: A domain,1.986904162,7.292921077,7,T,1.728693648,1.074145106,1.631044754,H,0.484649382,1,0.018036839,-5.072669731,-0.190775268,129 H,1,-1.031437209
65,129,E2: A domain,1.986904162,7.292921077,7,T,1.728693648,1.074145106,1.631044754,I,4.26E-05,1,-1.26E-06,0.0002651,0.000162842,129 I,0,-0.988767703
65,129,E2: A domain,1.986904162,7.292921077,7,T,1.728693648,1.074145106,1.631044754,K,0.045767128,1,-1.26E-06,0.0002651,0.000162842,129 K,0,0.891023648
65,129,E2: A domain,1.986904162,7.292921077,7,T,1.728693648,1.074145106,1.631044754,L,0.047653813,1,-1.26E-06,0.0002651,0.000162842,129 L,0,-0.356739377
65,129,E2: A domain,1.986904162,7.292921077,7,T,1.728693648,1.074145106,1.631044754,M,0.000253396,1,-1.26E-06,0.0002651,0.000162842,129 M,0,0.000279337
65,129,E2: A domain,1.986904162,7.292921077,7,T,1.728693648,1.074145106,1.631044754,N,0.053861867,1,-1.26E-06,0.0002651,0.000162842,129 N,0,-0.071568152
65,129,E2: A domain,1.986904162,7.292921077,7,T,1.728693648,1.074145106,1.631044754,P,0.00975822,1,1.460218165,-1.322790804,1.009173498,129 P,1,1.279791742
65,129,E2: A domain,1.986904162,7.292921077,7,T,1.728693648,1.074145106,1.631044754,Q,0.048519275,1,-1.26E-06,0.0002651,0.000162842,129 Q,0,0.156392401
65,129,E2: A domain,1.986904162,7.292921077,7,T,1.728693648,1.074145106,1.631044754,R,0.010350809,1,-4.758303273,-4.762995524,-4.811512103,129 R,1,-0.685533121
65,129,E2: A domain,1.986904162,7.292921077,7,T,1.728693648,1.074145106,1.631044754,S,0.049996761,1,-1.26E-06,0.0002651,0.000162842,129 S,0,0.5597108
65,129,E2: A domain,1.986904162,7.292921077,7,T,1.728693648,1.074145106,1.631044754,T,0.023319879,1,NA,NA,NA,129 T,1,0
65,129,E2: A domain,1.986904162,7.292921077,7,T,1.728693648,1.074145106,1.631044754,V,0.015815458,1,0.19500344,0.590758073,0.352049615,129 V,1,-0.313747713
65,129,E2: A domain,1.986904162,7.292921077,7,T,1.728693648,1.074145106,1.631044754,W,0.048493463,1,-1.26E-06,0.0002651,0.000162842,129 W,0,0.058528037
65,129,E2: A domain,1.986904162,7.292921077,7,T,1.728693648,1.074145106,1.631044754,Y,0.046644913,1,-1.26E-06,0.0002651,0.000162842,129 Y,0,0.023001387
66,130,E2: A domain,2.462065314,11.72901063,8,K,5.26972319,0.606121794,0.565224099,A,0.13642254,1,0.440986205,-0.239994439,0.2581204,130 A,1,0.526674268
66,130,E2: A domain,2.462065314,11.72901063,8,K,5.26972319,0.606121794,0.565224099,C,5.81E-05,1,1.835242278,-0.000579014,-0.000121762,130 C,0,-0.224723967
66,130,E2: A domain,2.462065314,11.72901063,8,K,5.26972319,0.606121794,0.565224099,D,0.037869753,1,-0.224888527,-0.734437462,-0.101562416,130 D,1,-0.479857666
66,130,E2: A domain,2.462065314,11.72901063,8,K,5.26972319,0.606121794,0.565224099,E,0.052787879,1,0.141640627,0.326217396,-0.010631642,130 E,1,1.143274509
66,130,E2: A domain,2.462065314,11.72901063,8,K,5.26972319,0.606121794,0.565224099,F,0.057729188,1,0.000441551,-0.000579014,-0.000121762,130 F,0,-0.255835329
66,130,E2: A domain,2.462065314,11.72901063,8,K,5.26972319,0.606121794,0.565224099,G,4.69E-05,1,0.000441551,-0.000579014,-0.000121762,130 G,0,-0.007040228
66,130,E2: A domain,2.462065314,11.72901063,8,K,5.26972319,0.606121794,0.565224099,H,7.75E-05,1,0.000441551,-0.000579014,-0.000121762,130 H,0,0.103150928
66,130,E2: A domain,2.462065314,11.72901063,8,K,5.26972319,0.606121794,0.565224099,I,0.052913263,1,0.000441551,-0.000579014,-0.000121762,130 I,0,-1.202558646
66,130,E2: A domain,2.462065314,11.72901063,8,K,5.26972319,0.606121794,0.565224099,K,0.067035937,1,NA,NA,NA,130 K,1,0
66,130,E2: A domain,2.462065314,11.72901063,8,K,5.26972319,0.606121794,0.565224099,L,0.056224526,1,0.505402861,0.279904398,0.307103698,130 L,1,0.068676027
66,130,E2: A domain,2.462065314,11.72901063,8,K,5.26972319,0.606121794,0.565224099,M,0.052966518,1,0.000441551,-0.000579014,-0.000121762,130 M,0,1.211648413
66,130,E2: A domain,2.462065314,11.72901063,8,K,5.26972319,0.606121794,0.565224099,N,0.051587826,1,0.000441551,-0.000579014,-0.000121762,130 N,0,-0.508663874
66,130,E2: A domain,2.462065314,11.72901063,8,K,5.26972319,0.606121794,0.565224099,P,4.15E-05,1,0.000441551,-0.000579014,-0.000121762,130 P,0,-0.768102592
66,130,E2: A domain,2.462065314,11.72901063,8,K,5.26972319,0.606121794,0.565224099,Q,0.050389303,1,0.000441551,-0.000579014,-0.000121762,130 Q,0,-0.083948827
66,130,E2: A domain,2.462065314,11.72901063,8,K,5.26972319,0.606121794,0.565224099,R,0.051569194,1,0.07650194,-0.052106235,-0.176377041,130 R,1,-0.71273927
66,130,E2: A domain,2.462065314,11.72901063,8,K,5.26972319,0.606121794,0.565224099,S,0.000157591,1,1.871176266,-0.000579014,-0.000121762,130 S,0,1.146954444
66,130,E2: A domain,2.462065314,11.72901063,8,K,5.26972319,0.606121794,0.565224099,T,0.237304017,1,-0.173500356,-0.978356446,-0.326976196,130 T,1,-0.030804494
66,130,E2: A domain,2.462065314,11.72901063,8,K,5.26972319,0.606121794,0.565224099,V,0.045572117,1,0.394357506,-0.656131547,-0.387193635,130 V,1,0.830910647
66,130,E2: A domain,2.462065314,11.72901063,8,K,5.26972319,0.606121794,0.565224099,W,0.000326746,1,0.000441551,-0.000579014,-0.000121762,130 W,0,-0.082809559
66,130,E2: A domain,2.462065314,11.72901063,8,K,5.26972319,0.606121794,0.565224099,Y,0.048919628,1,0.000441551,-0.000579014,-0.000121762,130 Y,0,-0.306487175
67,131,E2: A domain,2.063057853,7.869998353,2,L,2.284466927,0.022857962,0.048280979,A,0.000928875,1,2.69E-05,5.62E-06,1.23E-05,131 A,0,0.422241582
67,131,E2: A domain,2.063057853,7.869998353,2,L,2.284466927,0.022857962,0.048280979,C,0.048933158,1,2.69E-05,5.62E-06,1.23E-05,131 C,0,-0.727327278
67,131,E2: A domain,2.063057853,7.869998353,2,L,2.284466927,0.022857962,0.048280979,D,0.000741266,1,2.69E-05,5.62E-06,1.23E-05,131 D,0,8.24352E-05
67,131,E2: A domain,2.063057853,7.869998353,2,L,2.284466927,0.022857962,0.048280979,E,0.048548596,1,2.69E-05,5.62E-06,1.23E-05,131 E,0,0.26790952
67,131,E2: A domain,2.063057853,7.869998353,2,L,2.284466927,0.022857962,0.048280979,F,0.000757214,1,2.69E-05,5.62E-06,1.23E-05,131 F,0,-0.239202939
67,131,E2: A domain,2.063057853,7.869998353,2,L,2.284466927,0.022857962,0.048280979,G,0.002212218,1,2.69E-05,5.62E-06,1.23E-05,131 G,0,-0.926335955
67,131,E2: A domain,2.063057853,7.869998353,2,L,2.284466927,0.022857962,0.048280979,H,0.046981139,1,2.69E-05,5.62E-06,1.23E-05,131 H,0,-0.250206374
67,131,E2: A domain,2.063057853,7.869998353,2,L,2.284466927,0.022857962,0.048280979,I,0.05124548,1,2.69E-05,5.62E-06,1.23E-05,131 I,0,0.362188115
67,131,E2: A domain,2.063057853,7.869998353,2,L,2.284466927,0.022857962,0.048280979,K,0.055561943,1,2.69E-05,5.62E-06,1.23E-05,131 K,0,0.023963771
67,131,E2: A domain,2.063057853,7.869998353,2,L,2.284466927,0.022857962,0.048280979,L,0.404834663,1,NA,NA,NA,131 L,1,0
67,131,E2: A domain,2.063057853,7.869998353,2,L,2.284466927,0.022857962,0.048280979,M,0.053544036,1,2.69E-05,5.62E-06,1.23E-05,131 M,0,8.24352E-05
67,131,E2: A domain,2.063057853,7.869998353,2,L,2.284466927,0.022857962,0.048280979,N,0.000679722,1,2.69E-05,5.62E-06,1.23E-05,131 N,0,-0.471879595
67,131,E2: A domain,2.063057853,7.869998353,2,L,2.284466927,0.022857962,0.048280979,P,0.117381561,1,0.034857816,0.022756847,0.048059041,131 P,1,-0.453666911
67,131,E2: A domain,2.063057853,7.869998353,2,L,2.284466927,0.022857962,0.048280979,Q,0.056730141,1,2.69E-05,5.62E-06,1.23E-05,131 Q,0,0.079551835
67,131,E2: A domain,2.063057853,7.869998353,2,L,2.284466927,0.022857962,0.048280979,R,0.000447545,1,2.249152305,5.62E-06,1.23E-05,131 R,0,1.409100139
67,131,E2: A domain,2.063057853,7.869998353,2,L,2.284466927,0.022857962,0.048280979,S,0.000655978,1,2.69E-05,5.62E-06,1.23E-05,131 S,0,-0.350776978
67,131,E2: A domain,2.063057853,7.869998353,2,L,2.284466927,0.022857962,0.048280979,T,0.057970318,1,2.69E-05,5.62E-06,1.23E-05,131 T,0,0.370495667
67,131,E2: A domain,2.063057853,7.869998353,2,L,2.284466927,0.022857962,0.048280979,V,0.049131087,1,2.69E-05,5.62E-06,1.23E-05,131 V,0,-1.435791139
67,131,E2: A domain,2.063057853,7.869998353,2,L,2.284466927,0.022857962,0.048280979,W,0.000967298,1,2.69E-05,5.62E-06,1.23E-05,131 W,0,0.542798628
67,131,E2: A domain,2.063057853,7.869998353,2,L,2.284466927,0.022857962,0.048280979,Y,0.001747764,1,2.69E-05,5.62E-06,1.23E-05,131 Y,0,-0.880301024
68,132,E2: A domain,2.354032113,10.52793408,3,R,2.693714628,2.763224936,5.929776884,A,0.054506946,1,-4.60E-05,5.03E-05,0.000182637,132 A,0,-0.147133733
68,132,E2: A domain,2.354032113,10.52793408,3,R,2.693714628,2.763224936,5.929776884,C,0.169911557,1,-3.450903532,0.118425621,0.591275804,132 C,1,-0.533190694
68,132,E2: A domain,2.354032113,10.52793408,3,R,2.693714628,2.763224936,5.929776884,D,0.053150272,1,-4.60E-05,5.03E-05,0.000182637,132 D,0,0.034782544
68,132,E2: A domain,2.354032113,10.52793408,3,R,2.693714628,2.763224936,5.929776884,E,0.05377832,1,-4.60E-05,5.03E-05,0.000182637,132 E,0,-0.073529909
68,132,E2: A domain,2.354032113,10.52793408,3,R,2.693714628,2.763224936,5.929776884,F,0.001569615,1,-4.60E-05,5.03E-05,0.000182637,132 F,0,0.923792232
68,132,E2: A domain,2.354032113,10.52793408,3,R,2.693714628,2.763224936,5.929776884,G,0.050054999,1,-4.60E-05,5.03E-05,0.000182637,132 G,0,0.08965193
68,132,E2: A domain,2.354032113,10.52793408,3,R,2.693714628,2.763224936,5.929776884,H,0.001754747,1,2.693714628,2.643945027,5.335396249,132 H,1,-1.682070071
68,132,E2: A domain,2.354032113,10.52793408,3,R,2.693714628,2.763224936,5.929776884,I,0.047964903,1,-4.60E-05,5.03E-05,0.000182637,132 I,0,-0.351115327
68,132,E2: A domain,2.354032113,10.52793408,3,R,2.693714628,2.763224936,5.929776884,K,0.048068779,1,-4.60E-05,5.03E-05,0.000182637,132 K,0,-0.350615884
68,132,E2: A domain,2.354032113,10.52793408,3,R,2.693714628,2.763224936,5.929776884,L,0.042529136,1,-4.60E-05,5.03E-05,0.000182637,132 L,0,-1.012942911
68,132,E2: A domain,2.354032113,10.52793408,3,R,2.693714628,2.763224936,5.929776884,M,0.047507256,1,-4.60E-05,5.03E-05,0.000182637,132 M,0,0.114998543
68,132,E2: A domain,2.354032113,10.52793408,3,R,2.693714628,2.763224936,5.929776884,N,0.00026614,1,-4.60E-05,5.03E-05,0.000182637,132 N,0,-0.556315873
68,132,E2: A domain,2.354032113,10.52793408,3,R,2.693714628,2.763224936,5.929776884,P,0.000806562,1,-4.60E-05,5.03E-05,0.000182637,132 P,0,-0.37187866
68,132,E2: A domain,2.354032113,10.52793408,3,R,2.693714628,2.763224936,5.929776884,Q,0.054916226,1,-4.60E-05,5.03E-05,0.000182637,132 Q,0,0.039326053
68,132,E2: A domain,2.354032113,10.52793408,3,R,2.693714628,2.763224936,5.929776884,R,0.270958935,1,NA,NA,NA,132 R,1,0
68,132,E2: A domain,2.354032113,10.52793408,3,R,2.693714628,2.763224936,5.929776884,S,0.000464964,1,-4.60E-05,5.03E-05,0.000182637,132 S,0,-0.576232564
68,132,E2: A domain,2.354032113,10.52793408,3,R,2.693714628,2.763224936,5.929776884,T,0.002391593,1,-4.60E-05,5.03E-05,0.000182637,132 T,0,-0.102417935
68,132,E2: A domain,2.354032113,10.52793408,3,R,2.693714628,2.763224936,5.929776884,V,0.000308082,1,-4.60E-05,5.03E-05,0.000182637,132 V,0,0.380303254
68,132,E2: A domain,2.354032113,10.52793408,3,R,2.693714628,2.763224936,5.929776884,W,0.048439559,1,-4.60E-05,5.03E-05,0.000182637,132 W,0,-0.328501113
68,132,E2: A domain,2.354032113,10.52793408,3,R,2.693714628,2.763224936,5.929776884,Y,0.050651408,1,-4.60E-05,5.03E-05,0.000182637,132 Y,0,-0.421229629
69,133,E2: A domain,1.877441684,6.536760357,5,Y,2.350450634,0.610990772,0,A,0.001326817,1,-1.60E-05,-6.11E-06,-1.78E-05,133 A,0,-0.256829475
69,133,E2: A domain,1.877441684,6.536760357,5,Y,2.350450634,0.610990772,0,C,0.163002552,1,-0.611458814,-0.840613441,-0.676288718,133 C,1,0.344390182
69,133,E2: A domain,1.877441684,6.536760357,5,Y,2.350450634,0.610990772,0,D,0.000201887,1,-1.60E-05,-6.11E-06,-1.78E-05,133 D,0,2.309834368
69,133,E2: A domain,1.877441684,6.536760357,5,Y,2.350450634,0.610990772,0,E,0.001073321,1,-1.60E-05,-6.11E-06,-1.78E-05,133 E,0,-0.632750594
69,133,E2: A domain,1.877441684,6.536760357,5,Y,2.350450634,0.610990772,0,F,0.000712857,1,-1.60E-05,-6.11E-06,-1.78E-05,133 F,0,-0.501397276
69,133,E2: A domain,1.877441684,6.536760357,5,Y,2.350450634,0.610990772,0,G,0.000736621,1,-1.60E-05,-6.11E-06,-1.78E-05,133 G,0,-1.813035189
69,133,E2: A domain,1.877441684,6.536760357,5,Y,2.350450634,0.610990772,0,H,0.150060515,1,-0.261278811,0.610990772,-0.161933609,133 H,1,-1.185841742
69,133,E2: A domain,1.877441684,6.536760357,5,Y,2.350450634,0.610990772,0,I,0.001054053,1,-1.60E-05,-6.11E-06,-1.78E-05,133 I,0,0.013062737
69,133,E2: A domain,1.877441684,6.536760357,5,Y,2.350450634,0.610990772,0,K,0.048073515,1,-1.60E-05,-6.11E-06,-1.78E-05,133 K,0,-0.014162344
69,133,E2: A domain,1.877441684,6.536760357,5,Y,2.350450634,0.610990772,0,L,0.20251227,1,2.350450634,-6.11E-06,-1.78E-05,133 L,1,-0.458464592
69,133,E2: A domain,1.877441684,6.536760357,5,Y,2.350450634,0.610990772,0,M,0.047938351,1,-1.60E-05,-6.11E-06,-1.78E-05,133 M,0,0.535680136
69,133,E2: A domain,1.877441684,6.536760357,5,Y,2.350450634,0.610990772,0,N,0.00252469,1,-1.60E-05,-6.11E-06,-1.78E-05,133 N,0,-0.61100279
69,133,E2: A domain,1.877441684,6.536760357,5,Y,2.350450634,0.610990772,0,P,0.000942277,1,-1.60E-05,-6.11E-06,-1.78E-05,133 P,0,-0.552975348
69,133,E2: A domain,1.877441684,6.536760357,5,Y,2.350450634,0.610990772,0,Q,0.001042742,1,-1.60E-05,-6.11E-06,-1.78E-05,133 Q,0,-0.488522556
69,133,E2: A domain,1.877441684,6.536760357,5,Y,2.350450634,0.610990772,0,R,0.000457171,1,-1.60E-05,-6.11E-06,-1.78E-05,133 R,0,-0.532641076
69,133,E2: A domain,1.877441684,6.536760357,5,Y,2.350450634,0.610990772,0,S,0.024162042,1,-2.384470864,-2.386054938,-0.052739935,133 S,1,0.596990677
69,133,E2: A domain,1.877441684,6.536760357,5,Y,2.350450634,0.610990772,0,T,0.000415693,1,-1.60E-05,-6.11E-06,-1.78E-05,133 T,0,0.08980284
69,133,E2: A domain,1.877441684,6.536760357,5,Y,2.350450634,0.610990772,0,V,0.001227119,1,-1.60E-05,-6.11E-06,-1.78E-05,133 V,0,-0.645386595
69,133,E2: A domain,1.877441684,6.536760357,5,Y,2.350450634,0.610990772,0,W,0.050783892,1,-1.60E-05,-6.11E-06,-1.78E-05,133 W,0,-0.254941876
69,133,E2: A domain,1.877441684,6.536760357,5,Y,2.350450634,0.610990772,0,Y,0.301751614,1,NA,NA,NA,133 Y,1,0
70,134,E2: A domain,2.156869175,8.6440323,6,M,0.425084016,0.903851902,4.259226588,A,0.047738196,1,-0.000181114,0.000230021,0.000137076,134 A,0,0.244785136
70,134,E2: A domain,2.156869175,8.6440323,6,M,0.425084016,0.903851902,4.259226588,C,0.052172745,1,-0.000181114,0.000230021,0.000137076,134 C,0,-0.402140389
70,134,E2: A domain,2.156869175,8.6440323,6,M,0.425084016,0.903851902,4.259226588,D,0.049752249,1,-0.000181114,0.000230021,0.000137076,134 D,0,0.327954855
70,134,E2: A domain,2.156869175,8.6440323,6,M,0.425084016,0.903851902,4.259226588,E,0.38092876,1,-0.639805022,0.522968162,-0.170371614,134 E,1,-0.029371322
70,134,E2: A domain,2.156869175,8.6440323,6,M,0.425084016,0.903851902,4.259226588,F,0.055316651,1,-0.000181114,0.000230021,0.000137076,134 F,0,-0.259023946
70,134,E2: A domain,2.156869175,8.6440323,6,M,0.425084016,0.903851902,4.259226588,G,0.000101327,1,-0.000181114,0.000230021,0.000137076,134 G,0,-0.279505639
70,134,E2: A domain,2.156869175,8.6440323,6,M,0.425084016,0.903851902,4.259226588,H,0.048982981,1,-0.000181114,0.000230021,0.000137076,134 H,0,-0.546481862
70,134,E2: A domain,2.156869175,8.6440323,6,M,0.425084016,0.903851902,4.259226588,I,6.97E-05,1,-0.000181114,0.000230021,4.19532606,134 I,1,-1.285430216
70,134,E2: A domain,2.156869175,8.6440323,6,M,0.425084016,0.903851902,4.259226588,K,0.046689992,1,-0.000181114,0.000230021,0.000137076,134 K,0,-0.1941506
70,134,E2: A domain,2.156869175,8.6440323,6,M,0.425084016,0.903851902,4.259226588,L,0.052372698,1,-0.000181114,0.000230021,0.000137076,134 L,0,0.265580857
70,134,E2: A domain,2.156869175,8.6440323,6,M,0.425084016,0.903851902,4.259226588,M,0.025289573,1,NA,NA,NA,134 M,1,0
70,134,E2: A domain,2.156869175,8.6440323,6,M,0.425084016,0.903851902,4.259226588,N,0.050133763,1,-0.000181114,0.000230021,0.000137076,134 N,0,0.109538559
70,134,E2: A domain,2.156869175,8.6440323,6,M,0.425084016,0.903851902,4.259226588,P,0.000203856,1,-0.000181114,0.000230021,0.000137076,134 P,0,0.68042278
70,134,E2: A domain,2.156869175,8.6440323,6,M,0.425084016,0.903851902,4.259226588,Q,1.44E-05,1,-0.000181114,0.000230021,0.000137076,134 Q,0,-0.583734221
70,134,E2: A domain,2.156869175,8.6440323,6,M,0.425084016,0.903851902,4.259226588,R,5.74E-05,1,-0.000181114,0.000230021,0.000137076,134 R,0,2.911541908
70,134,E2: A domain,2.156869175,8.6440323,6,M,0.425084016,0.903851902,4.259226588,S,2.37E-05,1,-0.000181114,0.000230021,0.000137076,134 S,0,1.314496467
70,134,E2: A domain,2.156869175,8.6440323,6,M,0.425084016,0.903851902,4.259226588,T,0.118320504,1,0.425084016,-0.356987111,0.061981464,134 T,1,1.098524567
70,134,E2: A domain,2.156869175,8.6440323,6,M,0.425084016,0.903851902,4.259226588,V,0.002745366,1,-2.203552554,-2.165053125,-0.224543869,134 V,1,-0.494556889
70,134,E2: A domain,2.156869175,8.6440323,6,M,0.425084016,0.903851902,4.259226588,W,0.013773678,1,-0.283621128,0.37743342,-0.682570865,134 W,1,0.595448309
70,134,E2: A domain,2.156869175,8.6440323,6,M,0.425084016,0.903851902,4.259226588,Y,0.055312379,1,-0.000181114,0.000230021,0.000137076,134 Y,0,0.369747892
71,135,E2: A domain,2.275066473,9.728565676,11,D,0.626656557,1.294397462,2.678520155,A,0.026044372,1,0.109571329,-0.85315565,0.002230998,135 A,1,0.946413118
71,135,E2: A domain,2.275066473,9.728565676,11,D,0.626656557,1.294397462,2.678520155,C,6.17E-05,1,0.000119681,0.000394456,-4.58E-05,135 C,0,0.243477355
71,135,E2: A domain,2.275066473,9.728565676,11,D,0.626656557,1.294397462,2.678520155,D,0.049382253,1,NA,NA,NA,135 D,1,0
71,135,E2: A domain,2.275066473,9.728565676,11,D,0.626656557,1.294397462,2.678520155,E,2.76E-06,1,0.000119681,0.000394456,-4.58E-05,135 E,0,0.291369048
71,135,E2: A domain,2.275066473,9.728565676,11,D,0.626656557,1.294397462,2.678520155,F,0.024512706,1,0.032375302,-2.648655191,-0.18491009,135 F,1,-1.80075191
71,135,E2: A domain,2.275066473,9.728565676,11,D,0.626656557,1.294397462,2.678520155,G,0.064852549,1,0.287500305,0.593734483,0.034725569,135 G,1,-0.027897131
71,135,E2: A domain,2.275066473,9.728565676,11,D,0.626656557,1.294397462,2.678520155,H,0.049190442,1,0.000119681,0.000394456,-4.58E-05,135 H,0,-0.123038019
71,135,E2: A domain,2.275066473,9.728565676,11,D,0.626656557,1.294397462,2.678520155,I,0.00013581,1,0.000119681,0.000394456,-4.58E-05,135 I,0,-0.046126992
71,135,E2: A domain,2.275066473,9.728565676,11,D,0.626656557,1.294397462,2.678520155,K,1.13E-05,1,0.000119681,0.000394456,-4.58E-05,135 K,0,0.642171315
71,135,E2: A domain,2.275066473,9.728565676,11,D,0.626656557,1.294397462,2.678520155,L,0.075562681,1,-0.151320159,-0.343503741,-0.10349066,135 L,1,0.299645284
71,135,E2: A domain,2.275066473,9.728565676,11,D,0.626656557,1.294397462,2.678520155,M,0.151423686,1,0.092128712,0.030852063,0.022866588,135 M,1,0.581856297
71,135,E2: A domain,2.275066473,9.728565676,11,D,0.626656557,1.294397462,2.678520155,N,0.22093096,1,0.000119681,0.000394456,-4.58E-05,135 N,1,-0.074109402
71,135,E2: A domain,2.275066473,9.728565676,11,D,0.626656557,1.294397462,2.678520155,P,0.060299475,1,0.103884099,-1.171581924,-0.15611798,135 P,1,1.1350345
71,135,E2: A domain,2.275066473,9.728565676,11,D,0.626656557,1.294397462,2.678520155,Q,0.070923152,1,-0.020722643,-0.53480979,-0.127534431,135 Q,1,1.169774828
71,135,E2: A domain,2.275066473,9.728565676,11,D,0.626656557,1.294397462,2.678520155,R,2.12E-05,1,0.000119681,0.000394456,-4.58E-05,135 R,0,0.162088498
71,135,E2: A domain,2.275066473,9.728565676,11,D,0.626656557,1.294397462,2.678520155,S,0.047563374,1,-0.146334362,-0.749659132,0.244107785,135 S,1,0.460577896
71,135,E2: A domain,2.275066473,9.728565676,11,D,0.626656557,1.294397462,2.678520155,T,0.000135344,1,0.000119681,0.000394456,2.374589216,135 T,0,0.057646248
71,135,E2: A domain,2.275066473,9.728565676,11,D,0.626656557,1.294397462,2.678520155,V,0.158583731,1,-0.357567338,0.665866353,-0.177142051,135 V,1,-0.531325522
71,135,E2: A domain,2.275066473,9.728565676,11,D,0.626656557,1.294397462,2.678520155,W,0.000204359,1,0.000119681,0.000394456,-4.58E-05,135 W,0,-0.810089689
71,135,E2: A domain,2.275066473,9.728565676,11,D,0.626656557,1.294397462,2.678520155,Y,0.000158051,1,0.000119681,0.000394456,-4.58E-05,135 Y,0,0.310755814
72,136,E2: A domain,2.029267155,7.608508459,9,N,6.92341102,2.516953752,5.21325856,A,0.003787859,1,0.19371721,-0.865651222,0.064819094,136 A,1,-1.914680042
72,136,E2: A domain,2.029267155,7.608508459,9,N,6.92341102,2.516953752,5.21325856,C,0.004737792,1,0.790436876,-0.038926494,-0.208481888,136 C,1,-0.937492464
72,136,E2: A domain,2.029267155,7.608508459,9,N,6.92341102,2.516953752,5.21325856,D,0.263592395,1,1.126939811,0.386791575,0.096831952,136 D,1,-0.540263889
72,136,E2: A domain,2.029267155,7.608508459,9,N,6.92341102,2.516953752,5.21325856,E,7.60E-06,1,0.000635544,0.000198797,0.000506282,136 E,0,-0.777468064
72,136,E2: A domain,2.029267155,7.608508459,9,N,6.92341102,2.516953752,5.21325856,F,0.318988797,1,4.374926843,0.347319391,4.700561789,136 F,1,-0.352946894
72,136,E2: A domain,2.029267155,7.608508459,9,N,6.92341102,2.516953752,5.21325856,G,0.001265285,1,0.113113019,0.33619112,0.116670513,136 G,1,-0.662816799
72,136,E2: A domain,2.029267155,7.608508459,9,N,6.92341102,2.516953752,5.21325856,H,0.048738703,1,0.000635544,0.000198797,0.000506282,136 H,0,0.836888103
72,136,E2: A domain,2.029267155,7.608508459,9,N,6.92341102,2.516953752,5.21325856,I,0.048431836,1,0.000635544,0.000198797,0.000506282,136 I,0,0.27359382
72,136,E2: A domain,2.029267155,7.608508459,9,N,6.92341102,2.516953752,5.21325856,K,0.050567401,1,0.000635544,0.000198797,0.000506282,136 K,0,-0.122588909
72,136,E2: A domain,2.029267155,7.608508459,9,N,6.92341102,2.516953752,5.21325856,L,0.002801961,1,0.317286278,0.459971448,0.228806112,136 L,1,0.254824634
72,136,E2: A domain,2.029267155,7.608508459,9,N,6.92341102,2.516953752,5.21325856,M,0.050152901,1,0.000635544,0.000198797,0.000506282,136 M,0,0.07954593
72,136,E2: A domain,2.029267155,7.608508459,9,N,6.92341102,2.516953752,5.21325856,N,0.001061001,1,NA,NA,NA,136 N,1,0
72,136,E2: A domain,2.029267155,7.608508459,9,N,6.92341102,2.516953752,5.21325856,P,0.049982981,1,0.000635544,0.000198797,0.000506282,136 P,0,-0.429506694
72,136,E2: A domain,2.029267155,7.608508459,9,N,6.92341102,2.516953752,5.21325856,Q,1.05E-06,1,0.000635544,0.000198797,0.000506282,136 Q,0,0.017468803
72,136,E2: A domain,2.029267155,7.608508459,9,N,6.92341102,2.516953752,5.21325856,R,0.003883513,1,-0.16317502,-0.443138975,-0.096441125,136 R,1,0.175410989
72,136,E2: A domain,2.029267155,7.608508459,9,N,6.92341102,2.516953752,5.21325856,S,0.004520559,1,-2.449209134,0.984493453,-2.411724115,136 S,1,0.079870655
72,136,E2: A domain,2.029267155,7.608508459,9,N,6.92341102,2.516953752,5.21325856,T,0.05432161,1,0.000635544,0.000198797,0.000506282,136 T,0,1.614522497
72,136,E2: A domain,2.029267155,7.608508459,9,N,6.92341102,2.516953752,5.21325856,V,5.34E-06,1,0.000635544,0.000198797,0.000506282,136 V,0,0.220317544
72,136,E2: A domain,2.029267155,7.608508459,9,N,6.92341102,2.516953752,5.21325856,W,0.046608936,1,0.000635544,0.000198797,0.000506282,136 W,0,0.06150093
72,136,E2: A domain,2.029267155,7.608508459,9,N,6.92341102,2.516953752,5.21325856,Y,0.046542476,1,0.000635544,0.000198797,0.000506282,136 Y,0,-2.098834591
73,137,E2: A domain,2.465896814,11.77403654,14,H,0.112195319,7.638322142,0.55758234,A,0.024232984,1,-0.594195717,-0.216309235,-0.633999132,137 A,1,0.382660195
73,137,E2: A domain,2.465896814,11.77403654,14,H,0.112195319,7.638322142,0.55758234,C,0.004904132,1,-2.465437766,-2.566720585,-5.15052941,137 C,1,-0.093790986
73,137,E2: A domain,2.465896814,11.77403654,14,H,0.112195319,7.638322142,0.55758234,D,0.046830611,1,-0.001094716,0.00185521,-0.000723064,137 D,0,-0.192684487
73,137,E2: A domain,2.465896814,11.77403654,14,H,0.112195319,7.638322142,0.55758234,E,0.027468859,1,0.057885331,0.407930451,-0.076534357,137 E,1,-0.148241232
73,137,E2: A domain,2.465896814,11.77403654,14,H,0.112195319,7.638322142,0.55758234,F,0.042022458,1,-0.151846393,-1.088081252,-0.130553127,137 F,1,-0.07850277
73,137,E2: A domain,2.465896814,11.77403654,14,H,0.112195319,7.638322142,0.55758234,G,7.40E-05,1,-0.001094716,0.00185521,-0.000723064,137 G,0,-0.215943498
73,137,E2: A domain,2.465896814,11.77403654,14,H,0.112195319,7.638322142,0.55758234,H,0.050979814,1,NA,NA,NA,137 H,1,0
73,137,E2: A domain,2.465896814,11.77403654,14,H,0.112195319,7.638322142,0.55758234,I,0.062895332,1,0.054309989,0.704755675,0.215740444,137 I,1,0.861755274
73,137,E2: A domain,2.465896814,11.77403654,14,H,0.112195319,7.638322142,0.55758234,K,0.000180454,1,-0.001094716,2.276073523,-0.000723064,137 K,0,1.934658133
73,137,E2: A domain,2.465896814,11.77403654,14,H,0.112195319,7.638322142,0.55758234,L,0.140234188,1,-0.338050648,-0.005674293,-0.179259345,137 L,1,0.261493676
73,137,E2: A domain,2.465896814,11.77403654,14,H,0.112195319,7.638322142,0.55758234,M,0.120242652,1,-0.177960475,0.829419506,-0.30519107,137 M,1,-0.227807479
73,137,E2: A domain,2.465896814,11.77403654,14,H,0.112195319,7.638322142,0.55758234,N,1.44E-06,1,-0.001094716,0.00185521,-0.000723064,137 N,0,0.005761933
73,137,E2: A domain,2.465896814,11.77403654,14,H,0.112195319,7.638322142,0.55758234,P,0.014737146,1,-2.386743879,0.227348391,-2.417754396,137 P,1,0.635661614
73,137,E2: A domain,2.465896814,11.77403654,14,H,0.112195319,7.638322142,0.55758234,Q,0.049809701,1,-0.001094716,0.00185521,-0.000723064,137 Q,0,0.758932936
73,137,E2: A domain,2.465896814,11.77403654,14,H,0.112195319,7.638322142,0.55758234,R,0.015129745,1,-0.608180829,0.964670966,0.091210581,137 R,1,-0.212390158
73,137,E2: A domain,2.465896814,11.77403654,14,H,0.112195319,7.638322142,0.55758234,S,0.022296425,1,-0.295076676,0.89490163,-0.725676057,137 S,1,0.38106897
73,137,E2: A domain,2.465896814,11.77403654,14,H,0.112195319,7.638322142,0.55758234,T,0.119201701,1,-0.159368136,0.496655198,-0.066963239,137 T,1,-0.303803586
73,137,E2: A domain,2.465896814,11.77403654,14,H,0.112195319,7.638322142,0.55758234,V,4.61E-05,1,-2.883366876,-0.100271392,0.250631315,137 V,0,-2.93703538
73,137,E2: A domain,2.465896814,11.77403654,14,H,0.112195319,7.638322142,0.55758234,W,0.187074391,1,-0.424634594,0.511940767,-0.607252491,137 W,1,-1.798267523
73,137,E2: A domain,2.465896814,11.77403654,14,H,0.112195319,7.638322142,0.55758234,Y,0.071637868,1,-0.640471972,0.317205195,-0.337335857,137 Y,1,0.832115901
74,138,E2: A domain,2.373447438,10.73433453,12,M,3.263489054,8.493485486,4.585584353,A,0.112400809,1,0.054832094,0.710287522,-0.047560189,138 A,1,1.036928749
74,138,E2: A domain,2.373447438,10.73433453,12,M,3.263489054,8.493485486,4.585584353,C,0.000214947,1,7.55E-05,0.001802959,0.000699651,138 C,1,0.063825397
74,138,E2: A domain,2.373447438,10.73433453,12,M,3.263489054,8.493485486,4.585584353,D,2.70E-05,1,7.55E-05,0.001802959,0.000699651,138 D,0,0.002977042
74,138,E2: A domain,2.373447438,10.73433453,12,M,3.263489054,8.493485486,4.585584353,E,0.048215698,1,7.55E-05,0.001802959,0.000699651,138 E,0,-0.100326713
74,138,E2: A domain,2.373447438,10.73433453,12,M,3.263489054,8.493485486,4.585584353,F,3.08E-05,1,7.55E-05,0.001802959,0.000699651,138 F,0,0.690838869
74,138,E2: A domain,2.373447438,10.73433453,12,M,3.263489054,8.493485486,4.585584353,G,0.012326008,1,0.289009728,1.346709967,0.359314476,138 G,1,0.312644015
74,138,E2: A domain,2.373447438,10.73433453,12,M,3.263489054,8.493485486,4.585584353,H,0.0536942,1,0.30864481,0.651786558,0.380596936,138 H,1,-1.783356935
74,138,E2: A domain,2.373447438,10.73433453,12,M,3.263489054,8.493485486,4.585584353,I,0.098137174,1,0.043673536,0.620548319,0.371622027,138 I,1,0.323775857
74,138,E2: A domain,2.373447438,10.73433453,12,M,3.263489054,8.493485486,4.585584353,K,0.051360406,1,7.55E-05,0.001802959,0.000699651,138 K,0,0.028324317
74,138,E2: A domain,2.373447438,10.73433453,12,M,3.263489054,8.493485486,4.585584353,L,0.04926325,1,7.55E-05,0.001802959,0.000699651,138 L,0,-0.20838717
74,138,E2: A domain,2.373447438,10.73433453,12,M,3.263489054,8.493485486,4.585584353,M,0.023505847,1,NA,NA,NA,138 M,1,0
74,138,E2: A domain,2.373447438,10.73433453,12,M,3.263489054,8.493485486,4.585584353,N,0.050792943,1,7.55E-05,0.001802959,0.000699651,138 N,0,0.157663127
74,138,E2: A domain,2.373447438,10.73433453,12,M,3.263489054,8.493485486,4.585584353,P,9.99E-05,1,7.55E-05,0.001802959,0.000699651,138 P,0,-0.119640619
74,138,E2: A domain,2.373447438,10.73433453,12,M,3.263489054,8.493485486,4.585584353,Q,0.016017287,1,2.260846483,3.0131287,2.904471277,138 Q,1,1.905804748
74,138,E2: A domain,2.373447438,10.73433453,12,M,3.263489054,8.493485486,4.585584353,R,0.021065142,1,-0.376911703,0.561176313,-0.362281077,138 R,1,-0.469838872
74,138,E2: A domain,2.373447438,10.73433453,12,M,3.263489054,8.493485486,4.585584353,S,0.013180353,1,-0.651200582,-0.330567418,-0.155838765,138 S,1,-0.039567189
74,138,E2: A domain,2.373447438,10.73433453,12,M,3.263489054,8.493485486,4.585584353,T,0.041701942,1,-0.302939195,1.05835024,0.00163349,138 T,1,-0.128002607
74,138,E2: A domain,2.373447438,10.73433453,12,M,3.263489054,8.493485486,4.585584353,V,0.054124757,1,0.30580266,0.515271241,0.163918651,138 V,1,-0.61145822
74,138,E2: A domain,2.373447438,10.73433453,12,M,3.263489054,8.493485486,4.585584353,W,0.045807288,1,7.55E-05,0.001802959,0.000699651,138 W,0,-0.322003396
74,138,E2: A domain,2.373447438,10.73433453,12,M,3.263489054,8.493485486,4.585584353,Y,0.308034262,1,-0.01228071,-0.346777628,0.397730643,138 Y,1,-0.020255948
75,139,E2: A domain,2.291057823,9.885389142,14,P,4.110515921,10.25809001,4.382906122,A,0.000123557,1,0.000218387,0.00275964,0.000289403,139 A,0,0.123644043
75,139,E2: A domain,2.291057823,9.885389142,14,P,4.110515921,10.25809001,4.382906122,C,0.00010762,1,0.000218387,0.00275964,0.000289403,139 C,0,-1.475880724
75,139,E2: A domain,2.291057823,9.885389142,14,P,4.110515921,10.25809001,4.382906122,D,0.043221124,1,0.404032619,0.794743954,1.051850659,139 D,1,0.019387477
75,139,E2: A domain,2.291057823,9.885389142,14,P,4.110515921,10.25809001,4.382906122,E,0.000205584,1,0.000218387,0.00275964,0.000289403,139 E,0,-0.019417953
75,139,E2: A domain,2.291057823,9.885389142,14,P,4.110515921,10.25809001,4.382906122,F,0.083419678,1,0.678007447,0.812590446,0.64048252,139 F,1,0.04518088
75,139,E2: A domain,2.291057823,9.885389142,14,P,4.110515921,10.25809001,4.382906122,G,0.03241523,1,0.319066751,0.085320728,0.171714673,139 G,1,-2.409465227
75,139,E2: A domain,2.291057823,9.885389142,14,P,4.110515921,10.25809001,4.382906122,H,0.175178498,1,0.169911363,0.669119304,-0.046631176,139 H,1,0.206226518
75,139,E2: A domain,2.291057823,9.885389142,14,P,4.110515921,10.25809001,4.382906122,I,0.027369094,1,-1.033597877,-0.470011316,-0.463164267,139 I,1,-1.619591262
75,139,E2: A domain,2.291057823,9.885389142,14,P,4.110515921,10.25809001,4.382906122,K,0.013236648,1,2.305541461,5.712609842,0.000289403,139 K,1,-1.671636169
75,139,E2: A domain,2.291057823,9.885389142,14,P,4.110515921,10.25809001,4.382906122,L,0.22915987,1,0.104076011,0.715904918,0.041050482,139 L,1,-0.053254893
75,139,E2: A domain,2.291057823,9.885389142,14,P,4.110515921,10.25809001,4.382906122,M,0.080353025,1,0.065769441,0.902841453,-0.046020402,139 M,1,0.110140328
75,139,E2: A domain,2.291057823,9.885389142,14,P,4.110515921,10.25809001,4.382906122,N,0.010141097,1,-2.465344213,0.01146913,-0.054535582,139 N,1,0.464060201
75,139,E2: A domain,2.291057823,9.885389142,14,P,4.110515921,10.25809001,4.382906122,P,0.070676469,1,NA,NA,NA,139 P,1,0
75,139,E2: A domain,2.291057823,9.885389142,14,P,4.110515921,10.25809001,4.382906122,Q,0.121443957,1,-0.152340319,-0.173498691,-0.522172647,139 Q,1,-1.305347638
75,139,E2: A domain,2.291057823,9.885389142,14,P,4.110515921,10.25809001,4.382906122,R,2.63E-05,1,0.000218387,0.00275964,0.000289403,139 R,0,-0.740607181
75,139,E2: A domain,2.291057823,9.885389142,14,P,4.110515921,10.25809001,4.382906122,S,0.040633195,1,-0.385316049,0.33713914,0.408165737,139 S,1,0.250015855
75,139,E2: A domain,2.291057823,9.885389142,14,P,4.110515921,10.25809001,4.382906122,T,0.005909029,1,-2.686476655,-2.685241482,2.067616228,139 T,1,-0.412231574
75,139,E2: A domain,2.291057823,9.885389142,14,P,4.110515921,10.25809001,4.382906122,V,0.066209099,1,0.062800508,0.199793253,-0.089035727,139 V,1,-0.434273518
75,139,E2: A domain,2.291057823,9.885389142,14,P,4.110515921,10.25809001,4.382906122,W,8.49E-05,1,0.000218387,0.00275964,0.000289403,139 W,0,-0.214450823
75,139,E2: A domain,2.291057823,9.885389142,14,P,4.110515921,10.25809001,4.382906122,Y,8.60E-05,1,0.000218387,0.00275964,0.000289403,139 Y,0,-0.452924163
76,140,E2: A domain,0.934836291,2.546796491,14,A,1.047670122,2.180890187,3.580314842,A,0.008178812,1,NA,NA,NA,140 A,1,0
76,140,E2: A domain,0.934836291,2.546796491,14,A,1.047670122,2.180890187,3.580314842,C,0.01414442,1,0.000179495,0.000326507,0.000241944,140 C,0,0.22568212
76,140,E2: A domain,0.934836291,2.546796491,14,A,1.047670122,2.180890187,3.580314842,D,0.806064349,1,0.019073623,0.013849935,-0.173824227,140 D,1,-0.397573987
76,140,E2: A domain,0.934836291,2.546796491,14,A,1.047670122,2.180890187,3.580314842,E,0.004562929,1,-2.963850847,-2.113860791,-0.30699167,140 E,1,-0.660909093
76,140,E2: A domain,0.934836291,2.546796491,14,A,1.047670122,2.180890187,3.580314842,F,4.80E-05,1,0.000179495,0.000326507,0.000241944,140 F,0,0.219435488
76,140,E2: A domain,0.934836291,2.546796491,14,A,1.047670122,2.180890187,3.580314842,G,8.75E-06,1,0.000179495,0.000326507,0.000241944,140 G,0,-0.25550905
76,140,E2: A domain,0.934836291,2.546796491,14,A,1.047670122,2.180890187,3.580314842,H,0.017288996,1,0.063671704,-0.312450361,-0.171176304,140 H,1,-0.652068283
76,140,E2: A domain,0.934836291,2.546796491,14,A,1.047670122,2.180890187,3.580314842,I,0.011611809,1,0.373942442,0.107368543,-0.02106554,140 I,1,0.787357519
76,140,E2: A domain,0.934836291,2.546796491,14,A,1.047670122,2.180890187,3.580314842,K,0.002225689,1,-0.249644625,0.98272927,0.437769112,140 K,1,0.890597275
76,140,E2: A domain,0.934836291,2.546796491,14,A,1.047670122,2.180890187,3.580314842,L,0.000632116,1,0.000179495,0.000326507,2.391155396,140 L,1,0.210326943
76,140,E2: A domain,0.934836291,2.546796491,14,A,1.047670122,2.180890187,3.580314842,M,6.57E-05,1,0.000179495,0.000326507,0.000241944,140 M,0,0.399299043
76,140,E2: A domain,0.934836291,2.546796491,14,A,1.047670122,2.180890187,3.580314842,N,2.90E-05,1,0.000179495,0.000326507,0.000241944,140 N,0,-0.087825839
76,140,E2: A domain,0.934836291,2.546796491,14,A,1.047670122,2.180890187,3.580314842,P,1.37E-05,1,0.000179495,0.000326507,0.000241944,140 P,0,-0.26456342
76,140,E2: A domain,0.934836291,2.546796491,14,A,1.047670122,2.180890187,3.580314842,Q,0.00864527,1,-0.201473225,-0.706774216,-0.153402954,140 Q,1,-0.66467395
76,140,E2: A domain,0.934836291,2.546796491,14,A,1.047670122,2.180890187,3.580314842,R,0.008509572,1,-0.235900403,-0.078672304,-0.20650091,140 R,1,0.70378945
76,140,E2: A domain,0.934836291,2.546796491,14,A,1.047670122,2.180890187,3.580314842,S,0.007156258,1,0.141523326,0.038575045,0.151584056,140 S,1,0.348166986
76,140,E2: A domain,0.934836291,2.546796491,14,A,1.047670122,2.180890187,3.580314842,T,0.054975181,1,-0.047211517,-0.118919426,0.223614461,140 T,1,-0.469349173
76,140,E2: A domain,0.934836291,2.546796491,14,A,1.047670122,2.180890187,3.580314842,V,0.009852043,1,-0.011145258,-0.120873881,0.138134516,140 V,1,-0.233735382
76,140,E2: A domain,0.934836291,2.546796491,14,A,1.047670122,2.180890187,3.580314842,W,0.020133649,1,0.105266797,0.324250474,0.114559448,140 W,1,-0.547819628
76,140,E2: A domain,0.934836291,2.546796491,14,A,1.047670122,2.180890187,3.580314842,Y,0.025853715,1,0.342935768,0.711831374,0.122046185,140 Y,1,0.768194515
77,141,E2: A domain,2.210008265,9.115791737,12,D,0.524961741,1.236637178,0,A,0.066005185,1,-0.60643775,-0.006343566,-0.778520623,141 A,1,0.321466437
77,141,E2: A domain,2.210008265,9.115791737,12,D,0.524961741,1.236637178,0,C,0.248150096,1,-0.085650733,0.405685306,-0.06268356,141 C,1,0.136797558
77,141,E2: A domain,2.210008265,9.115791737,12,D,0.524961741,1.236637178,0,D,0.17668832,1,NA,NA,NA,141 D,1,0
77,141,E2: A domain,2.210008265,9.115791737,12,D,0.524961741,1.236637178,0,E,8.36E-06,1,-0.000720045,0.000479811,-0.000862991,141 E,0,-0.454919974
77,141,E2: A domain,2.210008265,9.115791737,12,D,0.524961741,1.236637178,0,F,0.000156285,1,-0.000720045,0.000479811,-0.000862991,141 F,0,0.091175031
77,141,E2: A domain,2.210008265,9.115791737,12,D,0.524961741,1.236637178,0,G,0.062962402,1,-0.443648742,-0.111424,-0.596941524,141 G,1,-0.281791997
77,141,E2: A domain,2.210008265,9.115791737,12,D,0.524961741,1.236637178,0,H,0.06565126,1,-1.649311187,0.009880113,-1.178945275,141 H,1,0.714490416
77,141,E2: A domain,2.210008265,9.115791737,12,D,0.524961741,1.236637178,0,I,0.077756366,1,-0.253978319,0.00881513,-0.051641107,141 I,1,-0.064104212
77,141,E2: A domain,2.210008265,9.115791737,12,D,0.524961741,1.236637178,0,K,7.88E-05,1,-0.000720045,0.000479811,-0.000862991,141 K,0,-0.890799745
77,141,E2: A domain,2.210008265,9.115791737,12,D,0.524961741,1.236637178,0,L,0.080537906,1,-0.259738786,0.268096692,-0.170407723,141 L,1,0.492171379
77,141,E2: A domain,2.210008265,9.115791737,12,D,0.524961741,1.236637178,0,M,0.088539623,1,-0.043509764,-0.346749319,-0.414380823,141 M,1,0.094628915
77,141,E2: A domain,2.210008265,9.115791737,12,D,0.524961741,1.236637178,0,N,9.92E-05,1,-0.618848574,0.241408186,-0.133906946,141 N,1,-1.069642841
77,141,E2: A domain,2.210008265,9.115791737,12,D,0.524961741,1.236637178,0,P,7.16E-05,1,-0.000720045,0.000479811,-0.000862991,141 P,0,0.135423895
77,141,E2: A domain,2.210008265,9.115791737,12,D,0.524961741,1.236637178,0,Q,0.020172118,1,0.505907939,-0.095723146,-2.416668172,141 Q,1,0.191231132
77,141,E2: A domain,2.210008265,9.115791737,12,D,0.524961741,1.236637178,0,R,3.13E-05,1,-0.000720045,0.000479811,-0.000862991,141 R,0,0.355702491
77,141,E2: A domain,2.210008265,9.115791737,12,D,0.524961741,1.236637178,0,S,0.057191001,1,-0.347663814,-0.132547145,-0.340406996,141 S,1,-0.616728782
77,141,E2: A domain,2.210008265,9.115791737,12,D,0.524961741,1.236637178,0,T,9.39E-05,1,-0.000720045,0.000479811,-0.000862991,141 T,0,0.036578118
77,141,E2: A domain,2.210008265,9.115791737,12,D,0.524961741,1.236637178,0,V,0.055665347,1,0.019053802,0.298913261,-0.381956206,141 V,1,0.858830122
77,141,E2: A domain,2.210008265,9.115791737,12,D,0.524961741,1.236637178,0,W,0.000130786,1,-0.000720045,0.000479811,-0.000862991,141 W,0,0.312542024
77,141,E2: A domain,2.210008265,9.115791737,12,D,0.524961741,1.236637178,0,Y,1.01E-05,1,-0.000720045,0.000479811,-0.000862991,141 Y,0,-0.144561477
78,142,E2: A domain,2.408931655,11.12207258,12,A,2.137857832,1.293876179,1.385330582,A,0.068710866,1,NA,NA,NA,142 A,1,0
78,142,E2: A domain,2.408931655,11.12207258,12,A,2.137857832,1.293876179,1.385330582,C,0.226107884,1,0.174174586,0.151379021,-0.100096156,142 C,1,-0.050195187
78,142,E2: A domain,2.408931655,11.12207258,12,A,2.137857832,1.293876179,1.385330582,D,0.089823458,1,-7.057922947,0.469172637,-7.108236568,142 D,1,0.157637989
78,142,E2: A domain,2.408931655,11.12207258,12,A,2.137857832,1.293876179,1.385330582,E,0.104810321,1,0.357652856,0.087495051,0.620008461,142 E,1,0.435585184
78,142,E2: A domain,2.408931655,11.12207258,12,A,2.137857832,1.293876179,1.385330582,F,0.054439799,1,0.450177595,-0.51046294,0.156414233,142 F,1,-0.137814961
78,142,E2: A domain,2.408931655,11.12207258,12,A,2.137857832,1.293876179,1.385330582,G,0.017357053,1,-0.121109043,-2.433905702,-0.273675983,142 G,1,-0.143140773
78,142,E2: A domain,2.408931655,11.12207258,12,A,2.137857832,1.293876179,1.385330582,H,0.000680983,1,0.000328848,0.000300656,0.000158863,142 H,0,0.6557417
78,142,E2: A domain,2.408931655,11.12207258,12,A,2.137857832,1.293876179,1.385330582,I,0.000108848,1,0.000328848,0.000300656,0.000158863,142 I,0,-0.158436226
78,142,E2: A domain,2.408931655,11.12207258,12,A,2.137857832,1.293876179,1.385330582,K,0.000334326,1,0.000328848,0.000300656,0.000158863,142 K,0,-0.456857259
78,142,E2: A domain,2.408931655,11.12207258,12,A,2.137857832,1.293876179,1.385330582,L,0.015551826,1,0.18867721,0.377579508,0.208940331,142 L,1,-0.009816216
78,142,E2: A domain,2.408931655,11.12207258,12,A,2.137857832,1.293876179,1.385330582,M,0.000130089,1,0.000328848,0.000300656,0.000158863,142 M,0,-0.756025774
78,142,E2: A domain,2.408931655,11.12207258,12,A,2.137857832,1.293876179,1.385330582,N,0.021823719,1,0.234411054,-0.202299673,-0.074005746,142 N,1,0.251241404
78,142,E2: A domain,2.408931655,11.12207258,12,A,2.137857832,1.293876179,1.385330582,P,0.052456461,1,0.000328848,0.000300656,0.000158863,142 P,0,-1.704962543
78,142,E2: A domain,2.408931655,11.12207258,12,A,2.137857832,1.293876179,1.385330582,Q,0.000120772,1,0.000328848,0.000300656,0.000158863,142 Q,0,0.912006907
78,142,E2: A domain,2.408931655,11.12207258,12,A,2.137857832,1.293876179,1.385330582,R,0.000226561,1,0.000328848,0.000300656,0.000158863,142 R,0,-0.082267823
78,142,E2: A domain,2.408931655,11.12207258,12,A,2.137857832,1.293876179,1.385330582,S,0.115767602,1,0.22166009,0.199194249,0.072837831,142 S,1,-0.327003
78,142,E2: A domain,2.408931655,11.12207258,12,A,2.137857832,1.293876179,1.385330582,T,0.0978705,1,-0.386299526,0.006650464,0.03533358,142 T,1,-0.600225301
78,142,E2: A domain,2.408931655,11.12207258,12,A,2.137857832,1.293876179,1.385330582,V,0.047479383,1,0.508473654,-0.127356594,0.290525245,142 V,1,0.939102484
78,142,E2: A domain,2.408931655,11.12207258,12,A,2.137857832,1.293876179,1.385330582,W,0.050748613,1,0.000328848,0.000300656,0.000158863,142 W,0,0.081335592
78,142,E2: A domain,2.408931655,11.12207258,12,A,2.137857832,1.293876179,1.385330582,Y,0.035450937,1,-0.085643519,-0.258248886,-0.393044831,142 Y,1,0.36578068
79,143,E2: A domain,1.678816842,5.359211424,6,E,14.61034117,8.132777656,11.86665415,A,0.000542691,1,2.852057791,2.234267419,0.004511515,143 A,0,1.951257973
79,143,E2: A domain,1.678816842,5.359211424,6,E,14.61034117,8.132777656,11.86665415,C,0.008299634,1,0.004617695,0.001912491,0.004511515,143 C,1,-1.264850337
79,143,E2: A domain,1.678816842,5.359211424,6,E,14.61034117,8.132777656,11.86665415,D,0.198934819,1,11.54988891,5.648961328,11.53406384,143 D,1,-0.421298156
79,143,E2: A domain,1.678816842,5.359211424,6,E,14.61034117,8.132777656,11.86665415,E,0.248185743,1,NA,NA,NA,143 E,1,0
79,143,E2: A domain,1.678816842,5.359211424,6,E,14.61034117,8.132777656,11.86665415,F,0.000525362,1,0.004617695,0.001912491,0.004511515,143 F,0,0.17748379
79,143,E2: A domain,1.678816842,5.359211424,6,E,14.61034117,8.132777656,11.86665415,G,0.35326684,1,0.139129043,0.220861541,0.260406072,143 G,1,0.249523815
79,143,E2: A domain,1.678816842,5.359211424,6,E,14.61034117,8.132777656,11.86665415,H,0.000607396,1,0.004617695,0.001912491,0.004511515,143 H,0,0.014481953
79,143,E2: A domain,1.678816842,5.359211424,6,E,14.61034117,8.132777656,11.86665415,I,0.000154187,1,0.004617695,0.001912491,0.004511515,143 I,0,1.248716184
79,143,E2: A domain,1.678816842,5.359211424,6,E,14.61034117,8.132777656,11.86665415,K,0.001012388,1,0.004617695,0.001912491,0.004511515,143 K,0,-0.003984384
79,143,E2: A domain,1.678816842,5.359211424,6,E,14.61034117,8.132777656,11.86665415,L,0.000184051,1,0.004617695,0.001912491,0.004511515,143 L,0,-0.311648435
79,143,E2: A domain,1.678816842,5.359211424,6,E,14.61034117,8.132777656,11.86665415,M,0.000180804,1,0.004617695,0.001912491,0.004511515,143 M,0,-1.159370016
79,143,E2: A domain,1.678816842,5.359211424,6,E,14.61034117,8.132777656,11.86665415,N,0.045816573,1,0.004617695,0.001912491,0.004511515,143 N,0,-0.786893124
79,143,E2: A domain,1.678816842,5.359211424,6,E,14.61034117,8.132777656,11.86665415,P,0.045874152,1,-3.071779638,-5.330325705,-0.31993302,143 P,1,-0.200818058
79,143,E2: A domain,1.678816842,5.359211424,6,E,14.61034117,8.132777656,11.86665415,Q,0.044939789,1,0.004617695,0.001912491,0.004511515,143 Q,0,-0.97726833
79,143,E2: A domain,1.678816842,5.359211424,6,E,14.61034117,8.132777656,11.86665415,R,0.000195344,1,0.004617695,0.001912491,0.004511515,143 R,0,0.215707448
79,143,E2: A domain,1.678816842,5.359211424,6,E,14.61034117,8.132777656,11.86665415,S,9.99E-05,1,0.004617695,0.001912491,0.004511515,143 S,0,-1.513782812
79,143,E2: A domain,1.678816842,5.359211424,6,E,14.61034117,8.132777656,11.86665415,T,0.000152354,1,0.004617695,0.001912491,0.004511515,143 T,0,1.196216594
79,143,E2: A domain,1.678816842,5.359211424,6,E,14.61034117,8.132777656,11.86665415,V,0.000212984,1,0.004617695,0.001912491,0.004511515,143 V,0,-0.596297969
79,143,E2: A domain,1.678816842,5.359211424,6,E,14.61034117,8.132777656,11.86665415,W,0.000171573,1,0.004617695,0.001912491,0.004511515,143 W,0,-0.140806927
79,143,E2: A domain,1.678816842,5.359211424,6,E,14.61034117,8.132777656,11.86665415,Y,0.0506434,1,0.004617695,0.001912491,0.004511515,143 Y,0,0.071192783
80,144,E2: A domain,2.268036131,9.660410391,9,R,2.43299126,4.842941641,4.330799342,A,0.003734802,1,-0.085694772,-2.415483072,-2.443421698,144 A,1,-1.053368485
80,144,E2: A domain,2.268036131,9.660410391,9,R,2.43299126,4.842941641,4.330799342,C,5.80E-05,1,0.000320738,-0.000134411,0.000302935,144 C,0,0.458476264
80,144,E2: A domain,2.268036131,9.660410391,9,R,2.43299126,4.842941641,4.330799342,D,0.018246005,1,0.39894257,-1.404644018,0.277536517,144 D,1,-2.192282191
80,144,E2: A domain,2.268036131,9.660410391,9,R,2.43299126,4.842941641,4.330799342,E,4.73E-05,1,0.000320738,-0.000134411,0.000302935,144 E,0,-0.669733236
80,144,E2: A domain,2.268036131,9.660410391,9,R,2.43299126,4.842941641,4.330799342,F,0.053913506,1,0.000320738,-0.000134411,0.000302935,144 F,0,-0.80281696
80,144,E2: A domain,2.268036131,9.660410391,9,R,2.43299126,4.842941641,4.330799342,G,0.075016563,1,0.143507572,-0.254409251,0.108592299,144 G,1,-0.489788047
80,144,E2: A domain,2.268036131,9.660410391,9,R,2.43299126,4.842941641,4.330799342,H,0.04749071,1,0.000320738,-0.000134411,0.000302935,144 H,0,-0.453932827
80,144,E2: A domain,2.268036131,9.660410391,9,R,2.43299126,4.842941641,4.330799342,I,0.044898626,1,0.000320738,-0.000134411,0.000302935,144 I,0,1.006200541
80,144,E2: A domain,2.268036131,9.660410391,9,R,2.43299126,4.842941641,4.330799342,K,0.054838688,1,0.000320738,2.322637288,2.325967146,144 K,1,1.564885519
80,144,E2: A domain,2.268036131,9.660410391,9,R,2.43299126,4.842941641,4.330799342,L,3.43E-05,1,0.000320738,-0.000134411,0.000302935,144 L,0,0.385636665
80,144,E2: A domain,2.268036131,9.660410391,9,R,2.43299126,4.842941641,4.330799342,M,2.57E-06,1,0.000320738,-0.000134411,0.000302935,144 M,0,7.057788244
80,144,E2: A domain,2.268036131,9.660410391,9,R,2.43299126,4.842941641,4.330799342,N,0.279404312,1,0.254146816,0.872023233,0.186448494,144 N,1,-1.803765291
80,144,E2: A domain,2.268036131,9.660410391,9,R,2.43299126,4.842941641,4.330799342,P,9.83E-05,1,0.000320738,-0.000134411,0.000302935,144 P,0,0.376077474
80,144,E2: A domain,2.268036131,9.660410391,9,R,2.43299126,4.842941641,4.330799342,Q,6.79E-05,1,0.000320738,-0.000134411,0.000302935,144 Q,0,-0.110096182
80,144,E2: A domain,2.268036131,9.660410391,9,R,2.43299126,4.842941641,4.330799342,R,0.064786682,1,NA,NA,NA,144 R,1,0
80,144,E2: A domain,2.268036131,9.660410391,9,R,2.43299126,4.842941641,4.330799342,S,2.20E-06,1,0.000320738,-0.000134411,0.000302935,144 S,0,-0.592727401
80,144,E2: A domain,2.268036131,9.660410391,9,R,2.43299126,4.842941641,4.330799342,T,0.138793614,1,0.759458186,0.614275734,1.212564689,144 T,1,-0.080432043
80,144,E2: A domain,2.268036131,9.660410391,9,R,2.43299126,4.842941641,4.330799342,V,0.077887787,1,-0.162482848,-0.025847632,-0.047670901,144 V,1,0.858581853
80,144,E2: A domain,2.268036131,9.660410391,9,R,2.43299126,4.842941641,4.330799342,W,0.054074356,1,0.000320738,-0.000134411,0.000302935,144 W,0,-0.902465582
80,144,E2: A domain,2.268036131,9.660410391,9,R,2.43299126,4.842941641,4.330799342,Y,0.086603732,1,0.873087259,1.034005386,0.216357909,144 Y,1,0.225998651
81,145,E2: A domain,2.739902636,15.48547729,11,A,3.201931395,4.694682344,3.490389537,A,0.065799527,1,NA,NA,NA,145 A,1,0
81,145,E2: A domain,2.739902636,15.48547729,11,A,3.201931395,4.694682344,3.490389537,C,0.050319347,1,-0.000358736,0.00029789,-4.55E-06,145 C,0,-0.642048144
81,145,E2: A domain,2.739902636,15.48547729,11,A,3.201931395,4.694682344,3.490389537,D,0.066295442,1,-0.003183469,-0.047973628,0.030509659,145 D,1,-0.102920643
81,145,E2: A domain,2.739902636,15.48547729,11,A,3.201931395,4.694682344,3.490389537,E,0.055026985,1,-0.000358736,0.00029789,-4.55E-06,145 E,0,-0.517087177
81,145,E2: A domain,2.739902636,15.48547729,11,A,3.201931395,4.694682344,3.490389537,F,0.051012334,1,-0.000358736,0.00029789,-4.55E-06,145 F,0,0.43739136
81,145,E2: A domain,2.739902636,15.48547729,11,A,3.201931395,4.694682344,3.490389537,G,0.051039674,1,0.075993257,0.13653195,-0.00138098,145 G,1,-0.718064924
81,145,E2: A domain,2.739902636,15.48547729,11,A,3.201931395,4.694682344,3.490389537,H,0.046665254,1,-0.000358736,0.00029789,-4.55E-06,145 H,0,-0.63097813
81,145,E2: A domain,2.739902636,15.48547729,11,A,3.201931395,4.694682344,3.490389537,I,0.051006579,1,-0.000358736,0.00029789,-4.55E-06,145 I,0,0.482332963
81,145,E2: A domain,2.739902636,15.48547729,11,A,3.201931395,4.694682344,3.490389537,K,0.000136419,1,-0.000358736,0.00029789,-4.55E-06,145 K,0,-0.049175449
81,145,E2: A domain,2.739902636,15.48547729,11,A,3.201931395,4.694682344,3.490389537,L,0.024686089,1,-0.285302414,0.154096162,-2.976623447,145 L,1,-3.758568126
81,145,E2: A domain,2.739902636,15.48547729,11,A,3.201931395,4.694682344,3.490389537,M,0.050891468,1,-0.000358736,0.00029789,-4.55E-06,145 M,0,-0.157228577
81,145,E2: A domain,2.739902636,15.48547729,11,A,3.201931395,4.694682344,3.490389537,N,0.050569294,1,-0.000358736,0.00029789,-4.55E-06,145 N,0,0.051911381
81,145,E2: A domain,2.739902636,15.48547729,11,A,3.201931395,4.694682344,3.490389537,P,6.67E-05,1,-0.000358736,0.00029789,-4.55E-06,145 P,0,-0.13842614
81,145,E2: A domain,2.739902636,15.48547729,11,A,3.201931395,4.694682344,3.490389537,Q,0.016037453,1,-0.367547098,0.377372312,0.24897866,145 Q,1,-2.13610112
81,145,E2: A domain,2.739902636,15.48547729,11,A,3.201931395,4.694682344,3.490389537,R,0.023615043,1,-1.274545862,-3.709848953,-6.036286339,145 R,1,-0.749588022
81,145,E2: A domain,2.739902636,15.48547729,11,A,3.201931395,4.694682344,3.490389537,S,0.008737964,1,0.088378617,0.471878659,0.024474027,145 S,1,0.1945397
81,145,E2: A domain,2.739902636,15.48547729,11,A,3.201931395,4.694682344,3.490389537,T,0.098477915,1,-0.129047836,-0.000278318,-0.143077837,145 T,1,0.269272862
81,145,E2: A domain,2.739902636,15.48547729,11,A,3.201931395,4.694682344,3.490389537,V,0.143443689,1,-0.29151713,0.09778579,-0.029410985,145 V,1,-0.177307388
81,145,E2: A domain,2.739902636,15.48547729,11,A,3.201931395,4.694682344,3.490389537,W,0.048303618,1,3.037559522,3.454336458,3.186427192,145 W,1,-0.360893456
81,145,E2: A domain,2.739902636,15.48547729,11,A,3.201931395,4.694682344,3.490389537,Y,0.097869242,1,-0.020751417,-0.536074898,-0.039733057,145 Y,1,-1.004993693
82,146,E2: A domain,2.100547356,8.170640934,15,G,1.877432955,1.780651595,7.282303066,A,0.440503188,1,0.094513746,-0.110150208,0.254752088,146 A,1,0.205259899
82,146,E2: A domain,2.100547356,8.170640934,15,G,1.877432955,1.780651595,7.282303066,C,1.13E-05,1,-0.006071927,-0.003307712,-0.001837422,146 C,0,-0.983237096
82,146,E2: A domain,2.100547356,8.170640934,15,G,1.877432955,1.780651595,7.282303066,D,0.019119475,1,-0.738034505,-0.934364146,-1.256823557,146 D,1,1.010361347
82,146,E2: A domain,2.100547356,8.170640934,15,G,1.877432955,1.780651595,7.282303066,E,0.05381012,1,-4.015002297,-3.849724536,0.114217651,146 E,1,2.870891616
82,146,E2: A domain,2.100547356,8.170640934,15,G,1.877432955,1.780651595,7.282303066,F,3.76E-05,1,-0.006071927,-0.003307712,2.804335153,146 F,0,0.211923835
82,146,E2: A domain,2.100547356,8.170640934,15,G,1.877432955,1.780651595,7.282303066,G,0.041753892,1,NA,NA,NA,146 G,1,0
82,146,E2: A domain,2.100547356,8.170640934,15,G,1.877432955,1.780651595,7.282303066,H,0.002264237,1,0.598801728,0.043969871,-0.202091033,146 H,1,-0.250153586
82,146,E2: A domain,2.100547356,8.170640934,15,G,1.877432955,1.780651595,7.282303066,I,0.005192103,1,0.214739695,0.376094164,0.569531366,146 I,1,-0.320164065
82,146,E2: A domain,2.100547356,8.170640934,15,G,1.877432955,1.780651595,7.282303066,K,0.065098914,1,-2.106297267,-2.133936053,-2.194441572,146 K,1,-0.835160169
82,146,E2: A domain,2.100547356,8.170640934,15,G,1.877432955,1.780651595,7.282303066,L,0.031887725,1,-0.041269071,0.018548165,-0.061208009,146 L,1,0.499468083
82,146,E2: A domain,2.100547356,8.170640934,15,G,1.877432955,1.780651595,7.282303066,M,0.025666073,1,-2.413013692,-0.118090915,-2.425835875,146 M,1,-1.323389485
82,146,E2: A domain,2.100547356,8.170640934,15,G,1.877432955,1.780651595,7.282303066,N,0.027213001,1,0.167356242,0.88388428,0.528929516,146 N,1,-2.869295951
82,146,E2: A domain,2.100547356,8.170640934,15,G,1.877432955,1.780651595,7.282303066,P,0.052171209,1,-0.099634504,0.154097546,-0.10944222,146 P,1,-0.089696589
82,146,E2: A domain,2.100547356,8.170640934,15,G,1.877432955,1.780651595,7.282303066,Q,0.033503209,1,0.414185134,0.240759666,0.227170097,146 Q,1,-1.052956268
82,146,E2: A domain,2.100547356,8.170640934,15,G,1.877432955,1.780651595,7.282303066,R,0.01901343,1,-1.426617727,-2.6568599,-1.554569867,146 R,1,0.249012328
82,146,E2: A domain,2.100547356,8.170640934,15,G,1.877432955,1.780651595,7.282303066,S,0.055897194,1,-0.536088652,-0.494871035,-0.310020856,146 S,1,-0.211035061
82,146,E2: A domain,2.100547356,8.170640934,15,G,1.877432955,1.780651595,7.282303066,T,0.074727494,1,0.317836625,0.063297903,0.035376418,146 T,1,-0.388917181
82,146,E2: A domain,2.100547356,8.170640934,15,G,1.877432955,1.780651595,7.282303066,V,0.052103323,1,-0.006071927,-0.003307712,-0.001837422,146 V,0,0.394574348
82,146,E2: A domain,2.100547356,8.170640934,15,G,1.877432955,1.780651595,7.282303066,W,3.28E-06,1,-6.090236134,-0.082014573,0.069772372,146 W,0,-0.229596625
82,146,E2: A domain,2.100547356,8.170640934,15,G,1.877432955,1.780651595,7.282303066,Y,2.33E-05,1,0.069999784,-2.262369714,2.678218406,146 Y,0,-1.030950793
83,147,E2: A domain,1.765820486,5.846367253,4,L,0.186181349,0.026445686,0.014670793,A,0.000331317,1,-2.56E-05,-0.000208492,-9.69E-05,147 A,0,-0.344105094
83,147,E2: A domain,1.765820486,5.846367253,4,L,0.186181349,0.026445686,0.014670793,C,0.002312762,1,-2.56E-05,-0.000208492,-9.69E-05,147 C,0,-0.614823723
83,147,E2: A domain,1.765820486,5.846367253,4,L,0.186181349,0.026445686,0.014670793,D,0.000424253,1,-2.56E-05,-0.000208492,-9.69E-05,147 D,0,0.046988928
83,147,E2: A domain,1.765820486,5.846367253,4,L,0.186181349,0.026445686,0.014670793,E,0.048901221,1,-2.56E-05,-0.000208492,-9.69E-05,147 E,0,-0.084688989
83,147,E2: A domain,1.765820486,5.846367253,4,L,0.186181349,0.026445686,0.014670793,F,0.279462312,1,0.186181349,0.026445686,0.014670793,147 F,1,0.382903519
83,147,E2: A domain,1.765820486,5.846367253,4,L,0.186181349,0.026445686,0.014670793,G,0.000232326,1,-2.56E-05,-0.000208492,-9.69E-05,147 G,0,0.098642218
83,147,E2: A domain,1.765820486,5.846367253,4,L,0.186181349,0.026445686,0.014670793,H,0.051826897,1,-2.56E-05,-0.000208492,-9.69E-05,147 H,0,0.385236121
83,147,E2: A domain,1.765820486,5.846367253,4,L,0.186181349,0.026445686,0.014670793,I,0.03952682,1,-2.56E-05,-0.000208492,-9.69E-05,147 I,0,0.880265044
83,147,E2: A domain,1.765820486,5.846367253,4,L,0.186181349,0.026445686,0.014670793,K,0.000819631,1,-2.56E-05,-0.000208492,-9.69E-05,147 K,0,0.584918272
83,147,E2: A domain,1.765820486,5.846367253,4,L,0.186181349,0.026445686,0.014670793,L,0.285923211,1,NA,NA,NA,147 L,1,0
83,147,E2: A domain,1.765820486,5.846367253,4,L,0.186181349,0.026445686,0.014670793,M,0.000366481,1,-2.56E-05,-0.000208492,-9.69E-05,147 M,0,-0.487463965
83,147,E2: A domain,1.765820486,5.846367253,4,L,0.186181349,0.026445686,0.014670793,N,0.000408397,1,-2.56E-05,-0.000208492,-9.69E-05,147 N,0,-0.140972426
83,147,E2: A domain,1.765820486,5.846367253,4,L,0.186181349,0.026445686,0.014670793,P,0.030498005,1,-0.139050412,-1.736945953,-0.620911037,147 P,1,0.43072319
83,147,E2: A domain,1.765820486,5.846367253,4,L,0.186181349,0.026445686,0.014670793,Q,0.000795991,1,-2.56E-05,-0.000208492,-9.69E-05,147 Q,0,-0.27143831
83,147,E2: A domain,1.765820486,5.846367253,4,L,0.186181349,0.026445686,0.014670793,R,6.68E-05,1,-2.56E-05,-0.000208492,-9.69E-05,147 R,0,-1.203298881
83,147,E2: A domain,1.765820486,5.846367253,4,L,0.186181349,0.026445686,0.014670793,S,0.00059137,1,-2.56E-05,-0.000208492,-9.69E-05,147 S,0,-0.220253344
83,147,E2: A domain,1.765820486,5.846367253,4,L,0.186181349,0.026445686,0.014670793,T,0.044336712,1,-2.56E-05,-0.000208492,-9.69E-05,147 T,0,-0.339325927
83,147,E2: A domain,1.765820486,5.846367253,4,L,0.186181349,0.026445686,0.014670793,V,0.212622492,1,-0.471465614,-1.47856139,-0.465842112,147 V,1,0.12738063
83,147,E2: A domain,1.765820486,5.846367253,4,L,0.186181349,0.026445686,0.014670793,W,0.000249572,1,-2.56E-05,-0.000208492,-9.69E-05,147 W,0,0.00040551
83,147,E2: A domain,1.765820486,5.846367253,4,L,0.186181349,0.026445686,0.014670793,Y,0.000303423,1,-2.56E-05,-0.000208492,-9.69E-05,147 Y,0,0.218569809
84,148,E2: A domain,2.412028552,11.15656988,10,F,4.053794334,3.822530237,6.725026244,A,0.009659002,1,-0.372582039,0.39139475,0.010298775,148 A,1,-0.060064022
84,148,E2: A domain,2.412028552,11.15656988,10,F,4.053794334,3.822530237,6.725026244,C,0.049338298,1,-0.000166593,-0.000315503,0.000138469,148 C,0,-1.839458418
84,148,E2: A domain,2.412028552,11.15656988,10,F,4.053794334,3.822530237,6.725026244,D,5.76E-05,1,-0.000166593,-0.000315503,0.000138469,148 D,0,-2.249438425
84,148,E2: A domain,2.412028552,11.15656988,10,F,4.053794334,3.822530237,6.725026244,E,0.000189535,1,-0.000166593,-0.000315503,0.000138469,148 E,0,-0.544672759
84,148,E2: A domain,2.412028552,11.15656988,10,F,4.053794334,3.822530237,6.725026244,F,0.040775807,1,NA,NA,NA,148 F,1,0
84,148,E2: A domain,2.412028552,11.15656988,10,F,4.053794334,3.822530237,6.725026244,G,0.077019623,1,0.601346371,0.232168019,0.598206901,148 G,1,0.720308278
84,148,E2: A domain,2.412028552,11.15656988,10,F,4.053794334,3.822530237,6.725026244,H,0.049761333,1,-0.000166593,2.564326005,0.000138469,148 H,0,-2.083768135
84,148,E2: A domain,2.412028552,11.15656988,10,F,4.053794334,3.822530237,6.725026244,I,0.000426494,1,-2.322068759,-2.320591874,-2.338897484,148 I,0,-0.855518138
84,148,E2: A domain,2.412028552,11.15656988,10,F,4.053794334,3.822530237,6.725026244,K,0.172690075,1,-0.421281287,-0.201421502,-0.491731035,148 K,1,0.142501694
84,148,E2: A domain,2.412028552,11.15656988,10,F,4.053794334,3.822530237,6.725026244,L,0.098755814,1,0.12815178,-0.007179788,0.128724141,148 L,1,0.103175613
84,148,E2: A domain,2.412028552,11.15656988,10,F,4.053794334,3.822530237,6.725026244,M,0.000197249,1,2.652821235,-0.000315503,4.953232486,148 M,0,-0.237408367
84,148,E2: A domain,2.412028552,11.15656988,10,F,4.053794334,3.822530237,6.725026244,N,0.053441796,1,-0.000166593,-0.000315503,0.000138469,148 N,0,-0.295655775
84,148,E2: A domain,2.412028552,11.15656988,10,F,4.053794334,3.822530237,6.725026244,P,8.57E-05,1,-0.000166593,-0.000315503,0.000138469,148 P,0,0.112597813
84,148,E2: A domain,2.412028552,11.15656988,10,F,4.053794334,3.822530237,6.725026244,Q,0.000130083,1,-0.000166593,-0.000315503,0.000138469,148 Q,0,0.700382493
84,148,E2: A domain,2.412028552,11.15656988,10,F,4.053794334,3.822530237,6.725026244,R,0.191026252,1,-0.098913262,-0.172638801,-0.063334563,148 R,1,-0.036138899
84,148,E2: A domain,2.412028552,11.15656988,10,F,4.053794334,3.822530237,6.725026244,S,0.045308563,1,0.235802806,0.157119273,0.144553979,148 S,1,-0.844367524
84,148,E2: A domain,2.412028552,11.15656988,10,F,4.053794334,3.822530237,6.725026244,T,0.039795355,1,0.185582642,0.23371584,0.377197505,148 T,1,0.646730594
84,148,E2: A domain,2.412028552,11.15656988,10,F,4.053794334,3.822530237,6.725026244,V,0.106460027,1,0.250089499,0.24380635,0.511704705,148 V,1,-0.651176921
84,148,E2: A domain,2.412028552,11.15656988,10,F,4.053794334,3.822530237,6.725026244,W,0.025042442,1,-0.101547179,-3.287837923,-0.042704404,148 W,1,0.766453214
84,148,E2: A domain,2.412028552,11.15656988,10,F,4.053794334,3.822530237,6.725026244,Y,0.039838942,1,-0.000166593,-0.000315503,0.000138469,148 Y,0,-0.967074107
85,149,E2: A domain,2.136402096,8.468912416,7,V,0.726492655,0.539314115,5.72819583,A,0.065162587,1,-2.23125396,-1.212299159,0.017554846,149 A,1,0.767504158
85,149,E2: A domain,2.136402096,8.468912416,7,V,0.726492655,0.539314115,5.72819583,C,0.050097433,1,8.72E-05,-1.68E-05,2.212439541,149 C,0,-0.314227346
85,149,E2: A domain,2.136402096,8.468912416,7,V,0.726492655,0.539314115,5.72819583,D,7.44E-05,1,8.72E-05,-1.68E-05,0.000395637,149 D,0,0.197583954
85,149,E2: A domain,2.136402096,8.468912416,7,V,0.726492655,0.539314115,5.72819583,E,0.00024606,1,8.72E-05,-1.68E-05,0.000395637,149 E,0,-1.870828299
85,149,E2: A domain,2.136402096,8.468912416,7,V,0.726492655,0.539314115,5.72819583,F,0.057409885,1,8.72E-05,-1.68E-05,0.000395637,149 F,0,-0.895755868
85,149,E2: A domain,2.136402096,8.468912416,7,V,0.726492655,0.539314115,5.72819583,G,0.042875326,1,0.036597622,-2.379170683,0.017494902,149 G,1,-1.029580738
85,149,E2: A domain,2.136402096,8.468912416,7,V,0.726492655,0.539314115,5.72819583,H,0.046768221,1,8.72E-05,-1.68E-05,0.000395637,149 H,0,-0.06476132
85,149,E2: A domain,2.136402096,8.468912416,7,V,0.726492655,0.539314115,5.72819583,I,0.180330676,1,-0.431048295,0.204473481,0.392939775,149 I,1,-0.39419003
85,149,E2: A domain,2.136402096,8.468912416,7,V,0.726492655,0.539314115,5.72819583,K,0.000421747,1,8.72E-05,-1.68E-05,0.000395637,149 K,0,0.101239921
85,149,E2: A domain,2.136402096,8.468912416,7,V,0.726492655,0.539314115,5.72819583,L,0.100623621,1,0.419022552,-0.396061573,0.124531214,149 L,1,0.628960007
85,149,E2: A domain,2.136402096,8.468912416,7,V,0.726492655,0.539314115,5.72819583,M,0.000829428,1,8.72E-05,-1.68E-05,2.261042695,149 M,0,-0.794956594
85,149,E2: A domain,2.136402096,8.468912416,7,V,0.726492655,0.539314115,5.72819583,N,0.000286321,1,8.72E-05,-1.68E-05,0.000395637,149 N,0,-0.569249442
85,149,E2: A domain,2.136402096,8.468912416,7,V,0.726492655,0.539314115,5.72819583,P,0.000177996,1,8.72E-05,-1.68E-05,0.000395637,149 P,0,0.528373909
85,149,E2: A domain,2.136402096,8.468912416,7,V,0.726492655,0.539314115,5.72819583,Q,0.000579165,1,8.72E-05,-1.68E-05,0.000395637,149 Q,0,-0.45858889
85,149,E2: A domain,2.136402096,8.468912416,7,V,0.726492655,0.539314115,5.72819583,R,8.62E-05,1,8.72E-05,-1.68E-05,0.000395637,149 R,0,0.481100018
85,149,E2: A domain,2.136402096,8.468912416,7,V,0.726492655,0.539314115,5.72819583,S,0.05510157,1,-0.189232181,-0.719343726,0.077978871,149 S,1,1.976525602
85,149,E2: A domain,2.136402096,8.468912416,7,V,0.726492655,0.539314115,5.72819583,T,0.208306176,1,0.269738405,0.334840634,0.619861974,149 T,1,-0.13101897
85,149,E2: A domain,2.136402096,8.468912416,7,V,0.726492655,0.539314115,5.72819583,V,0.190267075,1,NA,NA,NA,149 V,1,0
85,149,E2: A domain,2.136402096,8.468912416,7,V,0.726492655,0.539314115,5.72819583,W,0.000218065,1,8.72E-05,-1.68E-05,0.000395637,149 W,0,-0.128305182
85,149,E2: A domain,2.136402096,8.468912416,7,V,0.726492655,0.539314115,5.72819583,Y,0.000138069,1,8.72E-05,-1.68E-05,0.000395637,149 Y,0,0.177276157
86,150,E2: A domain,2.159039691,8.662814686,12,R,5.65389556,3.099260081,1.346364136,A,0.035319717,1,-0.564092641,-0.359806777,0.111376503,150 A,1,-0.51072215
86,150,E2: A domain,2.159039691,8.662814686,12,R,5.65389556,3.099260081,1.346364136,C,4.18E-05,1,-5.80E-05,0.00017927,0.000269472,150 C,0,-0.36899743
86,150,E2: A domain,2.159039691,8.662814686,12,R,5.65389556,3.099260081,1.346364136,D,0.074021969,1,0.047913709,-1.213338624,0.21295038,150 D,1,-2.004721377
86,150,E2: A domain,2.159039691,8.662814686,12,R,5.65389556,3.099260081,1.346364136,E,0.000358798,1,-5.80E-05,0.00017927,0.000269472,150 E,0,0.083092209
86,150,E2: A domain,2.159039691,8.662814686,12,R,5.65389556,3.099260081,1.346364136,F,0.036658589,1,-0.089327827,0.608166483,-0.353070289,150 F,1,0.411382962
86,150,E2: A domain,2.159039691,8.662814686,12,R,5.65389556,3.099260081,1.346364136,G,0.217187186,1,0.143729982,-0.295368529,0.13299327,150 G,1,0.280121004
86,150,E2: A domain,2.159039691,8.662814686,12,R,5.65389556,3.099260081,1.346364136,H,0.000157475,1,2.403619422,0.00017927,0.000269472,150 H,0,0.775389374
86,150,E2: A domain,2.159039691,8.662814686,12,R,5.65389556,3.099260081,1.346364136,I,0.002386876,1,-0.307086112,0.660953323,0.438755773,150 I,1,-0.832219729
86,150,E2: A domain,2.159039691,8.662814686,12,R,5.65389556,3.099260081,1.346364136,K,0.082791898,1,-0.160784091,-0.486957821,0.008537165,150 K,1,-2.283734455
86,150,E2: A domain,2.159039691,8.662814686,12,R,5.65389556,3.099260081,1.346364136,L,0.000511137,1,-5.80E-05,0.00017927,0.000269472,150 L,0,-0.081081583
86,150,E2: A domain,2.159039691,8.662814686,12,R,5.65389556,3.099260081,1.346364136,M,0.000137392,1,2.362957641,0.00017927,0.000269472,150 M,0,1.768755921
86,150,E2: A domain,2.159039691,8.662814686,12,R,5.65389556,3.099260081,1.346364136,N,4.01E-05,1,-0.284674372,-2.611428726,-2.64037278,150 N,0,-0.475916044
86,150,E2: A domain,2.159039691,8.662814686,12,R,5.65389556,3.099260081,1.346364136,P,0.000162323,1,-5.80E-05,0.00017927,0.000269472,150 P,0,0.050336335
86,150,E2: A domain,2.159039691,8.662814686,12,R,5.65389556,3.099260081,1.346364136,Q,5.18E-05,1,-5.80E-05,0.00017927,0.000269472,150 Q,0,0.537344396
86,150,E2: A domain,2.159039691,8.662814686,12,R,5.65389556,3.099260081,1.346364136,R,0.057099136,1,NA,NA,NA,150 R,1,0
86,150,E2: A domain,2.159039691,8.662814686,12,R,5.65389556,3.099260081,1.346364136,S,0.114959519,1,0.255540457,0.184660693,0.29033019,150 S,1,0.342967847
86,150,E2: A domain,2.159039691,8.662814686,12,R,5.65389556,3.099260081,1.346364136,T,0.016837357,1,0.44013435,0.596438056,-0.144284365,150 T,1,-1.974624689
86,150,E2: A domain,2.159039691,8.662814686,12,R,5.65389556,3.099260081,1.346364136,V,0.056059182,1,-0.326081662,0.849134118,-0.320384015,150 V,1,-0.013193182
86,150,E2: A domain,2.159039691,8.662814686,12,R,5.65389556,3.099260081,1.346364136,W,0.064951373,1,-0.294386218,-0.002417854,-0.287644409,150 W,1,-0.06660387
86,150,E2: A domain,2.159039691,8.662814686,12,R,5.65389556,3.099260081,1.346364136,Y,0.240266448,1,-0.228188733,0.198652515,0.149534551,150 Y,1,-0.158192349
87,151,E2: A domain,1.260575608,3.527451333,4,T,0,2.21580255,2.963657357,A,0.238051636,1,-0.09447326,-0.138749492,0.2287843,151 A,1,2.882217042
87,151,E2: A domain,1.260575608,3.527451333,4,T,0,2.21580255,2.963657357,C,0.000861359,1,-0.000134493,5.64E-05,5.17E-05,151 C,0,0.011765006
87,151,E2: A domain,1.260575608,3.527451333,4,T,0,2.21580255,2.963657357,D,0.000333647,1,-0.000134493,5.64E-05,5.17E-05,151 D,0,-0.174153801
87,151,E2: A domain,1.260575608,3.527451333,4,T,0,2.21580255,2.963657357,E,0.000284403,1,-0.000134493,5.64E-05,5.17E-05,151 E,0,-0.341748919
87,151,E2: A domain,1.260575608,3.527451333,4,T,0,2.21580255,2.963657357,F,0.000493316,1,-0.000134493,5.64E-05,5.17E-05,151 F,0,-0.489973392
87,151,E2: A domain,1.260575608,3.527451333,4,T,0,2.21580255,2.963657357,G,0.21602733,1,-0.318545397,0.195228758,-0.087817945,151 G,1,-0.567172335
87,151,E2: A domain,1.260575608,3.527451333,4,T,0,2.21580255,2.963657357,H,0.000344038,1,-0.000134493,5.64E-05,5.17E-05,151 H,0,-0.592809561
87,151,E2: A domain,1.260575608,3.527451333,4,T,0,2.21580255,2.963657357,I,0.002149147,1,-0.000134493,5.64E-05,5.17E-05,151 I,0,-0.145361682
87,151,E2: A domain,1.260575608,3.527451333,4,T,0,2.21580255,2.963657357,K,0.049942527,1,-0.000134493,5.64E-05,5.17E-05,151 K,0,-0.9732013
87,151,E2: A domain,1.260575608,3.527451333,4,T,0,2.21580255,2.963657357,L,9.78E-05,1,-0.000134493,5.64E-05,5.17E-05,151 L,0,-0.23057441
87,151,E2: A domain,1.260575608,3.527451333,4,T,0,2.21580255,2.963657357,M,0.005801886,1,-0.000134493,1.948404858,2.682989339,151 M,1,0.00051094
87,151,E2: A domain,1.260575608,3.527451333,4,T,0,2.21580255,2.963657357,N,0.000457449,1,-0.000134493,5.64E-05,5.17E-05,151 N,0,0.643645877
87,151,E2: A domain,1.260575608,3.527451333,4,T,0,2.21580255,2.963657357,P,0.000221802,1,-0.000134493,5.64E-05,5.17E-05,151 P,0,1.419600885
87,151,E2: A domain,1.260575608,3.527451333,4,T,0,2.21580255,2.963657357,Q,0.000343913,1,-0.000134493,5.64E-05,5.17E-05,151 Q,0,0.593490391
87,151,E2: A domain,1.260575608,3.527451333,4,T,0,2.21580255,2.963657357,R,0.000196396,1,-0.000134493,5.64E-05,5.17E-05,151 R,0,-1.048353728
87,151,E2: A domain,1.260575608,3.527451333,4,T,0,2.21580255,2.963657357,S,0.001140253,1,-0.008011815,0.071322856,0.051108711,151 S,0,0.461241567
87,151,E2: A domain,1.260575608,3.527451333,4,T,0,2.21580255,2.963657357,T,0.482286086,1,NA,NA,NA,151 T,1,0
87,151,E2: A domain,1.260575608,3.527451333,4,T,0,2.21580255,2.963657357,V,0.000116729,1,-0.000134493,5.64E-05,5.17E-05,151 V,0,0.163875016
87,151,E2: A domain,1.260575608,3.527451333,4,T,0,2.21580255,2.963657357,W,0.000720686,1,-0.000134493,5.64E-05,5.17E-05,151 W,0,-0.524580351
87,151,E2: A domain,1.260575608,3.527451333,4,T,0,2.21580255,2.963657357,Y,0.000129639,1,-0.000134493,5.64E-05,5.17E-05,151 Y,0,0.300961938
88,152,E2: A domain,2.73890398,15.47002035,7,S,1.783359251,2.088454018,2.299558741,A,0.070038455,1,0.659136099,0.206615121,0.763652155,152 A,1,-0.799224386
88,152,E2: A domain,2.73890398,15.47002035,7,S,1.783359251,2.088454018,2.299558741,C,0.047465524,1,0.000172971,0.00021311,0.000300968,152 C,0,-0.293352471
88,152,E2: A domain,2.73890398,15.47002035,7,S,1.783359251,2.088454018,2.299558741,D,0.000114329,1,0.000172971,0.00021311,0.000300968,152 D,0,-0.061195573
88,152,E2: A domain,2.73890398,15.47002035,7,S,1.783359251,2.088454018,2.299558741,E,0.051545928,1,0.000172971,0.00021311,0.000300968,152 E,0,0.509400435
88,152,E2: A domain,2.73890398,15.47002035,7,S,1.783359251,2.088454018,2.299558741,F,0.044557949,1,0.000172971,0.00021311,0.000300968,152 F,0,-0.710738516
88,152,E2: A domain,2.73890398,15.47002035,7,S,1.783359251,2.088454018,2.299558741,G,0.000329384,1,0.000172971,0.00021311,0.000300968,152 G,0,0.066438577
88,152,E2: A domain,2.73890398,15.47002035,7,S,1.783359251,2.088454018,2.299558741,H,0.051261088,1,0.000172971,0.00021311,0.000300968,152 H,0,-0.5619053
88,152,E2: A domain,2.73890398,15.47002035,7,S,1.783359251,2.088454018,2.299558741,I,0.066297783,1,0.989123803,1.41638072,0.86361951,152 I,1,3.781188138
88,152,E2: A domain,2.73890398,15.47002035,7,S,1.783359251,2.088454018,2.299558741,K,0.000312593,1,0.000172971,0.00021311,0.000300968,152 K,0,-0.230976702
88,152,E2: A domain,2.73890398,15.47002035,7,S,1.783359251,2.088454018,2.299558741,L,0.070287126,1,0.132850721,0.28061441,0.172502391,152 L,1,-1.232791264
88,152,E2: A domain,2.73890398,15.47002035,7,S,1.783359251,2.088454018,2.299558741,M,0.105060245,1,-0.061784941,-0.17884438,0.155153724,152 M,1,0.275480674
88,152,E2: A domain,2.73890398,15.47002035,7,S,1.783359251,2.088454018,2.299558741,N,0.051874318,1,0.000172971,0.00021311,0.000300968,152 N,0,-0.088239233
88,152,E2: A domain,2.73890398,15.47002035,7,S,1.783359251,2.088454018,2.299558741,P,0.100702332,1,-0.238616335,0.182073337,0.042616863,152 P,1,-1.567047909
88,152,E2: A domain,2.73890398,15.47002035,7,S,1.783359251,2.088454018,2.299558741,Q,0.000294485,1,0.000172971,0.00021311,0.000300968,152 Q,0,-1.530875575
88,152,E2: A domain,2.73890398,15.47002035,7,S,1.783359251,2.088454018,2.299558741,R,0.052299333,1,-2.411355404,-2.169166784,0.298101515,152 R,1,-0.811185474
88,152,E2: A domain,2.73890398,15.47002035,7,S,1.783359251,2.088454018,2.299558741,S,0.085571842,1,NA,NA,NA,152 S,1,0
88,152,E2: A domain,2.73890398,15.47002035,7,S,1.783359251,2.088454018,2.299558741,T,0.049022096,1,0.000172971,0.00021311,0.000300968,152 T,0,1.008343858
88,152,E2: A domain,2.73890398,15.47002035,7,S,1.783359251,2.088454018,2.299558741,V,0.051461441,1,0.000172971,0.00021311,0.000300968,152 V,0,0.323818963
88,152,E2: A domain,2.73890398,15.47002035,7,S,1.783359251,2.088454018,2.299558741,W,0.050453988,1,0.000172971,0.00021311,0.000300968,152 W,0,-0.104685299
88,152,E2: A domain,2.73890398,15.47002035,7,S,1.783359251,2.088454018,2.299558741,Y,0.051049761,1,0.000172971,0.00021311,0.000300968,152 Y,0,0.225028677
89,153,E2: A domain,2.38140143,10.82005579,5,A,5.391365734,5.51549178,0.326589781,A,0.043495264,1,NA,NA,NA,153 A,1,0
89,153,E2: A domain,2.38140143,10.82005579,5,A,5.391365734,5.51549178,0.326589781,C,0.046272041,1,7.95E-05,4.70E-05,-2.88E-05,153 C,0,0.212860511
89,153,E2: A domain,2.38140143,10.82005579,5,A,5.391365734,5.51549178,0.326589781,D,0.049041316,1,7.95E-05,4.70E-05,-2.88E-05,153 D,0,-0.023618002
89,153,E2: A domain,2.38140143,10.82005579,5,A,5.391365734,5.51549178,0.326589781,E,0.054808137,1,7.95E-05,4.70E-05,-2.88E-05,153 E,0,1.230850234
89,153,E2: A domain,2.38140143,10.82005579,5,A,5.391365734,5.51549178,0.326589781,F,0.000437768,1,7.95E-05,4.70E-05,-2.88E-05,153 F,0,-0.219383174
89,153,E2: A domain,2.38140143,10.82005579,5,A,5.391365734,5.51549178,0.326589781,G,0.050692636,1,7.95E-05,4.70E-05,-2.88E-05,153 G,0,-0.115660136
89,153,E2: A domain,2.38140143,10.82005579,5,A,5.391365734,5.51549178,0.326589781,H,0.052296142,1,7.95E-05,4.70E-05,-2.88E-05,153 H,0,0.156960347
89,153,E2: A domain,2.38140143,10.82005579,5,A,5.391365734,5.51549178,0.326589781,I,0.000240346,1,-2.184776674,-2.18488578,-2.212361804,153 I,0,0.065916245
89,153,E2: A domain,2.38140143,10.82005579,5,A,5.391365734,5.51549178,0.326589781,K,0.050151717,1,7.95E-05,4.70E-05,-2.88E-05,153 K,0,-0.548846074
89,153,E2: A domain,2.38140143,10.82005579,5,A,5.391365734,5.51549178,0.326589781,L,0.319229507,1,0.036368133,-0.627445901,-0.107116468,153 L,1,-1.460933136
89,153,E2: A domain,2.38140143,10.82005579,5,A,5.391365734,5.51549178,0.326589781,M,0.057530628,1,7.95E-05,4.70E-05,-2.88E-05,153 M,0,-0.363249338
89,153,E2: A domain,2.38140143,10.82005579,5,A,5.391365734,5.51549178,0.326589781,N,0.051067198,1,7.95E-05,4.70E-05,-2.88E-05,153 N,0,-0.071493632
89,153,E2: A domain,2.38140143,10.82005579,5,A,5.391365734,5.51549178,0.326589781,P,0.00018733,1,7.95E-05,4.70E-05,-2.88E-05,153 P,0,0.356026096
89,153,E2: A domain,2.38140143,10.82005579,5,A,5.391365734,5.51549178,0.326589781,Q,0.050361482,1,0.493375045,-4.745656908,-1.925036553,153 Q,1,1.610280369
89,153,E2: A domain,2.38140143,10.82005579,5,A,5.391365734,5.51549178,0.326589781,R,0.052334169,1,7.95E-05,4.70E-05,-2.88E-05,153 R,0,-0.8869409
89,153,E2: A domain,2.38140143,10.82005579,5,A,5.391365734,5.51549178,0.326589781,S,0.000408192,1,4.860589067,5.343124637,-2.339064727,153 S,0,-0.258560996
89,153,E2: A domain,2.38140143,10.82005579,5,A,5.391365734,5.51549178,0.326589781,T,0.070451068,1,-0.391801577,-0.221310366,-0.122980205,153 T,1,0.340948515
89,153,E2: A domain,2.38140143,10.82005579,5,A,5.391365734,5.51549178,0.326589781,V,0.000697688,1,-2.853597348,0.171755638,0.326589781,153 V,1,0.103597168
89,153,E2: A domain,2.38140143,10.82005579,5,A,5.391365734,5.51549178,0.326589781,W,0.00035792,1,7.95E-05,4.70E-05,-2.88E-05,153 W,0,0.282845057
89,153,E2: A domain,2.38140143,10.82005579,5,A,5.391365734,5.51549178,0.326589781,Y,0.049939452,1,7.95E-05,4.70E-05,-2.88E-05,153 Y,0,0.264008782
90,154,E2: A domain,2.2216797,9.222809413,8,P,1.123898397,0.582735832,3.416110034,A,0.000433737,1,-8.53E-05,-3.01E-05,0.000220879,154 A,0,0.374289838
90,154,E2: A domain,2.2216797,9.222809413,8,P,1.123898397,0.582735832,3.416110034,C,0.000429537,1,-8.53E-05,-3.01E-05,0.000220879,154 C,0,-0.699792184
90,154,E2: A domain,2.2216797,9.222809413,8,P,1.123898397,0.582735832,3.416110034,D,0.052772511,1,-8.53E-05,-3.01E-05,0.000220879,154 D,0,0.154875664
90,154,E2: A domain,2.2216797,9.222809413,8,P,1.123898397,0.582735832,3.416110034,E,0.000127157,1,-8.53E-05,-3.01E-05,0.000220879,154 E,0,-0.297712723
90,154,E2: A domain,2.2216797,9.222809413,8,P,1.123898397,0.582735832,3.416110034,F,0.047441394,1,-8.53E-05,-3.01E-05,0.000220879,154 F,0,0.578087445
90,154,E2: A domain,2.2216797,9.222809413,8,P,1.123898397,0.582735832,3.416110034,G,0.072227782,1,0.719586267,0.357665837,0.487284048,154 G,1,-0.324472732
90,154,E2: A domain,2.2216797,9.222809413,8,P,1.123898397,0.582735832,3.416110034,H,0.000106092,1,-8.53E-05,-3.01E-05,0.000220879,154 H,0,-0.237445824
90,154,E2: A domain,2.2216797,9.222809413,8,P,1.123898397,0.582735832,3.416110034,I,0.000826681,1,-8.53E-05,-3.01E-05,0.000220879,154 I,0,0.407227391
90,154,E2: A domain,2.2216797,9.222809413,8,P,1.123898397,0.582735832,3.416110034,K,0.049116587,1,-8.53E-05,-3.01E-05,0.000220879,154 K,0,-0.133303638
90,154,E2: A domain,2.2216797,9.222809413,8,P,1.123898397,0.582735832,3.416110034,L,0.00646591,1,-8.53E-05,-3.01E-05,0.000220879,154 L,1,3.334428576
90,154,E2: A domain,2.2216797,9.222809413,8,P,1.123898397,0.582735832,3.416110034,M,0.000776693,1,-8.53E-05,-3.01E-05,0.000220879,154 M,0,0.404516794
90,154,E2: A domain,2.2216797,9.222809413,8,P,1.123898397,0.582735832,3.416110034,N,0.089782506,1,-0.827155239,-5.99297561,-1.146761411,154 N,1,-0.105889251
90,154,E2: A domain,2.2216797,9.222809413,8,P,1.123898397,0.582735832,3.416110034,P,0.146289367,1,NA,NA,NA,154 P,1,0
90,154,E2: A domain,2.2216797,9.222809413,8,P,1.123898397,0.582735832,3.416110034,Q,3.16E-06,1,-8.53E-05,-3.01E-05,0.000220879,154 Q,0,2.204136099
90,154,E2: A domain,2.2216797,9.222809413,8,P,1.123898397,0.582735832,3.416110034,R,0.016563338,1,0.229692503,0.128779251,0.253349654,154 R,1,0.587428904
90,154,E2: A domain,2.2216797,9.222809413,8,P,1.123898397,0.582735832,3.416110034,S,0.063080905,1,-1.873068215,-0.018079685,2.469362957,154 S,1,0.481682834
90,154,E2: A domain,2.2216797,9.222809413,8,P,1.123898397,0.582735832,3.416110034,T,0.052317478,1,-8.53E-05,-3.01E-05,0.000220879,154 T,0,-0.837401882
90,154,E2: A domain,2.2216797,9.222809413,8,P,1.123898397,0.582735832,3.416110034,V,0.24386537,1,0.174619627,0.096290745,0.203241944,154 V,1,0.312479071
90,154,E2: A domain,2.2216797,9.222809413,8,P,1.123898397,0.582735832,3.416110034,W,0.15713245,1,-0.427587206,-0.054968129,-5.115221518,154 W,1,-1.094962402
90,154,E2: A domain,2.2216797,9.222809413,8,P,1.123898397,0.582735832,3.416110034,Y,0.000241346,1,-8.53E-05,-3.01E-05,0.000220879,154 Y,0,-0.050478957
91,155,E2: A domain,0.895898043,2.449534589,3,C,0,0.037759549,0.254312921,A,0.000130629,1,-0.000163595,-6.92E-06,4.33E-05,155 A,0,0.10782333
91,155,E2: A domain,0.895898043,2.449534589,3,C,0,0.037759549,0.254312921,C,0.733658529,1,NA,NA,NA,155 C,1,0
91,155,E2: A domain,0.895898043,2.449534589,3,C,0,0.037759549,0.254312921,D,0.000305638,1,-0.000163595,-6.92E-06,4.33E-05,155 D,0,-0.498204855
91,155,E2: A domain,0.895898043,2.449534589,3,C,0,0.037759549,0.254312921,E,0.000572746,1,-0.000163595,-6.92E-06,4.33E-05,155 E,0,-0.058882756
91,155,E2: A domain,0.895898043,2.449534589,3,C,0,0.037759549,0.254312921,F,0.000595954,1,-0.000163595,-6.92E-06,4.33E-05,155 F,0,-0.788343347
91,155,E2: A domain,0.895898043,2.449534589,3,C,0,0.037759549,0.254312921,G,0.000300096,1,-0.000163595,-6.92E-06,4.33E-05,155 G,0,1.781256963
91,155,E2: A domain,0.895898043,2.449534589,3,C,0,0.037759549,0.254312921,H,0.000899306,1,-0.000163595,-6.92E-06,4.33E-05,155 H,0,-0.651003038
91,155,E2: A domain,0.895898043,2.449534589,3,C,0,0.037759549,0.254312921,I,0.000160094,1,-0.000163595,-6.92E-06,4.33E-05,155 I,0,0.037312242
91,155,E2: A domain,0.895898043,2.449534589,3,C,0,0.037759549,0.254312921,K,0.000375853,1,-0.000163595,-6.92E-06,4.33E-05,155 K,0,-0.155331295
91,155,E2: A domain,0.895898043,2.449534589,3,C,0,0.037759549,0.254312921,L,0.000158963,1,-0.000163595,-6.92E-06,4.33E-05,155 L,0,-0.625515842
91,155,E2: A domain,0.895898043,2.449534589,3,C,0,0.037759549,0.254312921,M,0.000388181,1,-0.000163595,-6.92E-06,4.33E-05,155 M,0,0.061264388
91,155,E2: A domain,0.895898043,2.449534589,3,C,0,0.037759549,0.254312921,N,0.000320481,1,-0.000163595,-6.92E-06,4.33E-05,155 N,0,-0.255319117
91,155,E2: A domain,0.895898043,2.449534589,3,C,0,0.037759549,0.254312921,P,0.000345006,1,-0.000163595,-6.92E-06,4.33E-05,155 P,0,0.032849241
91,155,E2: A domain,0.895898043,2.449534589,3,C,0,0.037759549,0.254312921,Q,0.000782135,1,-0.000163595,-6.92E-06,4.33E-05,155 Q,0,-0.000346003
91,155,E2: A domain,0.895898043,2.449534589,3,C,0,0.037759549,0.254312921,R,0.116385681,1,-0.918662362,-0.090200337,0.01823107,155 R,1,2.211022159
91,155,E2: A domain,0.895898043,2.449534589,3,C,0,0.037759549,0.254312921,S,7.31E-05,1,-0.000163595,-6.92E-06,4.33E-05,155 S,0,-0.527047083
91,155,E2: A domain,0.895898043,2.449534589,3,C,0,0.037759549,0.254312921,T,0.000220622,1,-0.000163595,-6.92E-06,4.33E-05,155 T,0,-0.166807467
91,155,E2: A domain,0.895898043,2.449534589,3,C,0,0.037759549,0.254312921,V,0.000130611,1,-0.000163595,-6.92E-06,4.33E-05,155 V,0,-0.15771916
91,155,E2: A domain,0.895898043,2.449534589,3,C,0,0.037759549,0.254312921,W,0.05252432,1,-0.000163595,-6.92E-06,4.33E-05,155 W,0,-4.60710215
91,155,E2: A domain,0.895898043,2.449534589,3,C,0,0.037759549,0.254312921,Y,0.091672085,1,-1.545080885,0.037759549,0.235345505,155 Y,1,-1.497950266
92,156,E2: A domain,2.525205717,12.49346512,11,T,0.637213783,0.702925833,1.012569675,A,0.032363595,1,-0.109097028,0.127730133,0.11661811,156 A,1,0.437882747
92,156,E2: A domain,2.525205717,12.49346512,11,T,0.637213783,0.702925833,1.012569675,C,0.05017701,1,-0.001166416,-0.00130053,-0.000740298,156 C,0,-0.148077176
92,156,E2: A domain,2.525205717,12.49346512,11,T,0.637213783,0.702925833,1.012569675,D,0.013466479,1,0.146459033,-0.678887597,-0.175340503,156 D,1,2.891102201
92,156,E2: A domain,2.525205717,12.49346512,11,T,0.637213783,0.702925833,1.012569675,E,0.040260237,1,0.053472025,-0.417336316,0.003396483,156 E,1,0.263529692
92,156,E2: A domain,2.525205717,12.49346512,11,T,0.637213783,0.702925833,1.012569675,F,4.74E-05,1,-0.001166416,-0.00130053,-0.000740298,156 F,0,-0.49633164
92,156,E2: A domain,2.525205717,12.49346512,11,T,0.637213783,0.702925833,1.012569675,G,0.040240292,1,-0.024372929,0.046549085,0.062680344,156 G,1,-0.245875892
92,156,E2: A domain,2.525205717,12.49346512,11,T,0.637213783,0.702925833,1.012569675,H,0.055750988,1,-0.001166416,-0.00130053,-0.000740298,156 H,0,-0.617896716
92,156,E2: A domain,2.525205717,12.49346512,11,T,0.637213783,0.702925833,1.012569675,I,6.73E-05,1,-0.001166416,-0.00130053,-0.000740298,156 I,0,0.117331515
92,156,E2: A domain,2.525205717,12.49346512,11,T,0.637213783,0.702925833,1.012569675,K,0.046983683,1,-0.001166416,-0.00130053,-0.000740298,156 K,0,0.591024513
92,156,E2: A domain,2.525205717,12.49346512,11,T,0.637213783,0.702925833,1.012569675,L,0.044708574,1,0.065275645,-0.005311216,-0.092319081,156 L,1,-0.365952939
92,156,E2: A domain,2.525205717,12.49346512,11,T,0.637213783,0.702925833,1.012569675,M,0.009768325,1,-0.355136053,0.205202843,0.334374104,156 M,1,0.388022946
92,156,E2: A domain,2.525205717,12.49346512,11,T,0.637213783,0.702925833,1.012569675,N,0.05652179,1,-0.001166416,-0.00130053,-0.000740298,156 N,0,-0.059501375
92,156,E2: A domain,2.525205717,12.49346512,11,T,0.637213783,0.702925833,1.012569675,P,0.049099737,1,-0.001166416,-0.00130053,-0.000740298,156 P,0,1.978238948
92,156,E2: A domain,2.525205717,12.49346512,11,T,0.637213783,0.702925833,1.012569675,Q,0.048581051,1,-0.001166416,-0.00130053,-0.000740298,156 Q,0,0.396537436
92,156,E2: A domain,2.525205717,12.49346512,11,T,0.637213783,0.702925833,1.012569675,R,0.091340907,1,0.078937744,0.198998081,0.08209956,156 R,1,0.349797275
92,156,E2: A domain,2.525205717,12.49346512,11,T,0.637213783,0.702925833,1.012569675,S,0.035135114,1,0.293069337,0.12444569,0.413401075,156 S,1,0.165455607
92,156,E2: A domain,2.525205717,12.49346512,11,T,0.637213783,0.702925833,1.012569675,T,0.017995835,1,NA,NA,NA,156 T,1,0
92,156,E2: A domain,2.525205717,12.49346512,11,T,0.637213783,0.702925833,1.012569675,V,0.299081389,1,-0.908776272,-1.093624284,-0.741770235,156 V,1,0.156739501
92,156,E2: A domain,2.525205717,12.49346512,11,T,0.637213783,0.702925833,1.012569675,W,0.037117358,1,-0.001166416,-0.00130053,-0.000740298,156 W,0,0.153714069
92,156,E2: A domain,2.525205717,12.49346512,11,T,0.637213783,0.702925833,1.012569675,Y,0.0312929,1,-0.483205372,-0.042538903,-0.218261012,156 Y,1,1.655417013
93,157,E2: A domain,2.301098002,9.985140143,4,I,0.041367696,4.781739817,0.325671163,A,0.321889919,1,0.041367696,-0.103667937,-0.211173664,157 A,1,0.990013829
93,157,E2: A domain,2.301098002,9.985140143,4,I,0.041367696,4.781739817,0.325671163,C,0.050899699,1,-9.62E-06,1.64E-05,-3.10E-05,157 C,0,-0.454496179
93,157,E2: A domain,2.301098002,9.985140143,4,I,0.041367696,4.781739817,0.325671163,D,0.000519746,1,-9.62E-06,2.264845825,-3.10E-05,157 D,0,-0.22035637
93,157,E2: A domain,2.301098002,9.985140143,4,I,0.041367696,4.781739817,0.325671163,E,0.000251217,1,-9.62E-06,1.64E-05,-3.10E-05,157 E,0,0.287882964
93,157,E2: A domain,2.301098002,9.985140143,4,I,0.041367696,4.781739817,0.325671163,F,0.053188311,1,-9.62E-06,1.64E-05,-3.10E-05,157 F,0,-0.372368851
93,157,E2: A domain,2.301098002,9.985140143,4,I,0.041367696,4.781739817,0.325671163,G,6.67E-05,1,-9.62E-06,1.64E-05,-3.10E-05,157 G,0,0.083228036
93,157,E2: A domain,2.301098002,9.985140143,4,I,0.041367696,4.781739817,0.325671163,H,0.000863474,1,-9.62E-06,1.64E-05,-3.10E-05,157 H,0,-0.664274276
93,157,E2: A domain,2.301098002,9.985140143,4,I,0.041367696,4.781739817,0.325671163,I,0.103988572,1,NA,NA,NA,157 I,1,0
93,157,E2: A domain,2.301098002,9.985140143,4,I,0.041367696,4.781739817,0.325671163,K,0.05364058,1,-9.62E-06,1.64E-05,-3.10E-05,157 K,0,0.163287447
93,157,E2: A domain,2.301098002,9.985140143,4,I,0.041367696,4.781739817,0.325671163,L,0.058330816,1,-9.62E-06,1.64E-05,-3.10E-05,157 L,0,0.132394217
93,157,E2: A domain,2.301098002,9.985140143,4,I,0.041367696,4.781739817,0.325671163,M,0.050784333,1,-9.62E-06,1.64E-05,-3.10E-05,157 M,0,-0.001744587
93,157,E2: A domain,2.301098002,9.985140143,4,I,0.041367696,4.781739817,0.325671163,N,0.057343099,1,-9.62E-06,1.64E-05,-3.10E-05,157 N,0,-0.774687567
93,157,E2: A domain,2.301098002,9.985140143,4,I,0.041367696,4.781739817,0.325671163,P,0.000169694,1,-9.62E-06,1.64E-05,-3.10E-05,157 P,0,-0.61111099
93,157,E2: A domain,2.301098002,9.985140143,4,I,0.041367696,4.781739817,0.325671163,Q,0.000544822,1,-9.62E-06,1.64E-05,-3.10E-05,157 Q,0,0.032612131
93,157,E2: A domain,2.301098002,9.985140143,4,I,0.041367696,4.781739817,0.325671163,R,0.043712586,1,-9.62E-06,1.64E-05,-3.10E-05,157 R,0,-0.202502309
93,157,E2: A domain,2.301098002,9.985140143,4,I,0.041367696,4.781739817,0.325671163,S,0.052261875,1,-9.62E-06,1.64E-05,-3.10E-05,157 S,0,-0.147261365
93,157,E2: A domain,2.301098002,9.985140143,4,I,0.041367696,4.781739817,0.325671163,T,0.050775981,1,-9.62E-06,1.64E-05,-3.10E-05,157 T,0,-1.925156979
93,157,E2: A domain,2.301098002,9.985140143,4,I,0.041367696,4.781739817,0.325671163,V,0.029422012,1,-2.026996684,0.257881804,0.325671163,157 V,1,-0.631924657
93,157,E2: A domain,2.301098002,9.985140143,4,I,0.041367696,4.781739817,0.325671163,W,0.070952569,1,-9.62E-06,2.258766748,-3.10E-05,157 W,1,-3.140406837
93,157,E2: A domain,2.301098002,9.985140143,4,I,0.041367696,4.781739817,0.325671163,Y,0.00039396,1,-9.62E-06,1.64E-05,-3.10E-05,157 Y,0,0.115629147
94,158,E2: A domain,2.619565105,13.72975129,9,T,1.393762744,0.31921333,0.461521969,A,0.008368275,1,0.870856485,-0.807042409,-0.816536987,158 A,1,-0.335644713
94,158,E2: A domain,2.619565105,13.72975129,9,T,1.393762744,0.31921333,0.461521969,C,0.050768695,1,-0.000254019,-0.000542064,-0.000398892,158 C,0,-0.177461482
94,158,E2: A domain,2.619565105,13.72975129,9,T,1.393762744,0.31921333,0.461521969,D,0.047841792,1,-0.000254019,-0.000542064,-0.000398892,158 D,0,0.512381246
94,158,E2: A domain,2.619565105,13.72975129,9,T,1.393762744,0.31921333,0.461521969,E,0.045860939,1,-0.000254019,-0.000542064,-0.000398892,158 E,0,-0.557183608
94,158,E2: A domain,2.619565105,13.72975129,9,T,1.393762744,0.31921333,0.461521969,F,0.048045273,1,-0.000254019,-0.000542064,-0.000398892,158 F,0,-0.092182726
94,158,E2: A domain,2.619565105,13.72975129,9,T,1.393762744,0.31921333,0.461521969,G,0.080716131,1,0.174737181,-0.020508755,-0.128284786,158 G,1,-0.077479713
94,158,E2: A domain,2.619565105,13.72975129,9,T,1.393762744,0.31921333,0.461521969,H,0.089609112,1,-0.95115806,-1.163133718,-1.035117843,158 H,1,0.404075265
94,158,E2: A domain,2.619565105,13.72975129,9,T,1.393762744,0.31921333,0.461521969,I,0.205610235,1,0.155396013,-0.122104173,0.122541898,158 I,1,-0.495182226
94,158,E2: A domain,2.619565105,13.72975129,9,T,1.393762744,0.31921333,0.461521969,K,0.050187794,1,-0.000254019,-0.000542064,-0.000398892,158 K,0,-0.637013132
94,158,E2: A domain,2.619565105,13.72975129,9,T,1.393762744,0.31921333,0.461521969,L,0.098969015,1,-0.071502125,-0.150941578,0.309895613,158 L,1,0.164116769
94,158,E2: A domain,2.619565105,13.72975129,9,T,1.393762744,0.31921333,0.461521969,M,0.049297653,1,-0.000254019,-0.000542064,-0.000398892,158 M,0,-0.738385107
94,158,E2: A domain,2.619565105,13.72975129,9,T,1.393762744,0.31921333,0.461521969,N,0.051447313,1,-0.000254019,-0.000542064,-0.000398892,158 N,0,-0.710266025
94,158,E2: A domain,2.619565105,13.72975129,9,T,1.393762744,0.31921333,0.461521969,P,5.25E-05,1,-0.000254019,-0.000542064,-0.000398892,158 P,0,0.239672851
94,158,E2: A domain,2.619565105,13.72975129,9,T,1.393762744,0.31921333,0.461521969,Q,0.000271222,1,-0.000254019,-0.000542064,-0.000398892,158 Q,0,-0.302351238
94,158,E2: A domain,2.619565105,13.72975129,9,T,1.393762744,0.31921333,0.461521969,R,0.052937859,1,-0.04188813,-0.578579792,0.029084458,158 R,1,-1.420849731
94,158,E2: A domain,2.619565105,13.72975129,9,T,1.393762744,0.31921333,0.461521969,S,0.027019306,1,0.192773064,0.31921333,-0.118246508,158 S,1,-0.115766146
94,158,E2: A domain,2.619565105,13.72975129,9,T,1.393762744,0.31921333,0.461521969,T,0.032205963,1,NA,NA,NA,158 T,1,0
94,158,E2: A domain,2.619565105,13.72975129,9,T,1.393762744,0.31921333,0.461521969,V,0.000333767,1,-0.000254019,-0.000542064,-0.000398892,158 V,0,0.388008587
94,158,E2: A domain,2.619565105,13.72975129,9,T,1.393762744,0.31921333,0.461521969,W,0.013507337,1,-0.359089177,-0.931768252,-0.041375322,158 W,1,2.683542636
94,158,E2: A domain,2.619565105,13.72975129,9,T,1.393762744,0.31921333,0.461521969,Y,0.046949863,1,-0.000254019,-0.000542064,-0.000398892,158 Y,0,-0.178148449
95,159,E2: A domain,2.40630682,11.09291726,7,G,3.442917876,6.211765463,6.971750847,A,0.040768975,1,-0.624562508,2.467879303,2.648874464,159 A,1,-2.328264347
95,159,E2: A domain,2.40630682,11.09291726,7,G,3.442917876,6.211765463,6.971750847,C,0.049981913,1,-0.00011159,0.000116073,8.15E-05,159 C,0,-0.534262646
95,159,E2: A domain,2.40630682,11.09291726,7,G,3.442917876,6.211765463,6.971750847,D,0.214219288,1,0.111188888,0.26627167,-0.095492394,159 D,1,-0.280022093
95,159,E2: A domain,2.40630682,11.09291726,7,G,3.442917876,6.211765463,6.971750847,E,0.141522172,1,-2.296226491,-2.297272522,1.701981907,159 E,1,1.121608075
95,159,E2: A domain,2.40630682,11.09291726,7,G,3.442917876,6.211765463,6.971750847,F,1.76E-05,1,-0.00011159,0.000116073,8.15E-05,159 F,0,0.22962062
95,159,E2: A domain,2.40630682,11.09291726,7,G,3.442917876,6.211765463,6.971750847,G,0.051673128,1,NA,NA,NA,159 G,1,0
95,159,E2: A domain,2.40630682,11.09291726,7,G,3.442917876,6.211765463,6.971750847,H,0.045324693,1,-0.00011159,0.000116073,8.15E-05,159 H,0,-0.350187265
95,159,E2: A domain,2.40630682,11.09291726,7,G,3.442917876,6.211765463,6.971750847,I,0.044738519,1,-0.00011159,0.000116073,8.15E-05,159 I,0,0.797089076
95,159,E2: A domain,2.40630682,11.09291726,7,G,3.442917876,6.211765463,6.971750847,K,0.054470025,1,-0.00011159,0.000116073,8.15E-05,159 K,0,-0.12509847
95,159,E2: A domain,2.40630682,11.09291726,7,G,3.442917876,6.211765463,6.971750847,L,0.000159161,1,-0.00011159,0.000116073,8.15E-05,159 L,0,-0.212365944
95,159,E2: A domain,2.40630682,11.09291726,7,G,3.442917876,6.211765463,6.971750847,M,0.053358891,1,-0.00011159,0.000116073,8.15E-05,159 M,0,0.67277107
95,159,E2: A domain,2.40630682,11.09291726,7,G,3.442917876,6.211765463,6.971750847,N,0.000308816,1,-0.00011159,0.000116073,8.15E-05,159 N,0,0.330695039
95,159,E2: A domain,2.40630682,11.09291726,7,G,3.442917876,6.211765463,6.971750847,P,0.047124547,1,-0.00011159,0.000116073,8.15E-05,159 P,0,0.087284758
95,159,E2: A domain,2.40630682,11.09291726,7,G,3.442917876,6.211765463,6.971750847,Q,0.056022862,1,-0.00011159,0.000116073,8.15E-05,159 Q,0,0.339297843
95,159,E2: A domain,2.40630682,11.09291726,7,G,3.442917876,6.211765463,6.971750847,R,0.148703929,1,-0.184987228,-0.283476796,-0.251446899,159 R,1,0.813096188
95,159,E2: A domain,2.40630682,11.09291726,7,G,3.442917876,6.211765463,6.971750847,S,0.005818346,1,3.331728989,3.092593044,2.53660139,159 S,1,-1.762580734
95,159,E2: A domain,2.40630682,11.09291726,7,G,3.442917876,6.211765463,6.971750847,T,9.93E-05,1,-0.00011159,0.000116073,8.15E-05,159 T,0,-0.307947816
95,159,E2: A domain,2.40630682,11.09291726,7,G,3.442917876,6.211765463,6.971750847,V,0.001520087,1,-0.304282236,0.383512497,0.083233774,159 V,1,-0.159094552
95,159,E2: A domain,2.40630682,11.09291726,7,G,3.442917876,6.211765463,6.971750847,W,0.044071623,1,-0.00011159,0.000116073,8.15E-05,159 W,0,0.620008813
95,159,E2: A domain,2.40630682,11.09291726,7,G,3.442917876,6.211765463,6.971750847,Y,9.61E-05,1,-0.00011159,0.000116073,8.15E-05,159 Y,0,-0.211387493
96,160,E2: A domain,2.447559596,11.56010095,13,T,1.121558939,2.005938036,0.978830146,A,0.042971022,1,-0.134087197,-0.152104449,-0.268867887,160 A,1,-0.850459845
96,160,E2: A domain,2.447559596,11.56010095,13,T,1.121558939,2.005938036,0.978830146,C,4.56E-05,1,-0.000297298,0.000111835,-0.000231712,160 C,0,-0.460686518
96,160,E2: A domain,2.447559596,11.56010095,13,T,1.121558939,2.005938036,0.978830146,D,0.191267075,1,0.316311753,0.521624386,0.071565115,160 D,1,0.17262374
96,160,E2: A domain,2.447559596,11.56010095,13,T,1.121558939,2.005938036,0.978830146,E,3.53E-05,1,-0.043372018,-2.380143097,0.111118903,160 E,0,-1.765821316
96,160,E2: A domain,2.447559596,11.56010095,13,T,1.121558939,2.005938036,0.978830146,F,0.052196894,1,-0.000297298,0.000111835,-0.000231712,160 F,0,-0.388097954
96,160,E2: A domain,2.447559596,11.56010095,13,T,1.121558939,2.005938036,0.978830146,G,0.022928515,1,-1.095424229,-1.861649797,-1.390392678,160 G,1,-1.926988045
96,160,E2: A domain,2.447559596,11.56010095,13,T,1.121558939,2.005938036,0.978830146,H,0.000194302,1,-0.000297298,0.000111835,-0.000231712,160 H,0,0.245295895
96,160,E2: A domain,2.447559596,11.56010095,13,T,1.121558939,2.005938036,0.978830146,I,0.090124672,1,-3.915984684,-3.916637755,-3.930464841,160 I,1,2.786642553
96,160,E2: A domain,2.447559596,11.56010095,13,T,1.121558939,2.005938036,0.978830146,K,0.144043007,1,-0.049619771,-0.012393045,-0.089514735,160 K,1,-0.223327554
96,160,E2: A domain,2.447559596,11.56010095,13,T,1.121558939,2.005938036,0.978830146,L,0.026280809,1,0.350602173,0.363783731,0.273743571,160 L,1,-0.640775507
96,160,E2: A domain,2.447559596,11.56010095,13,T,1.121558939,2.005938036,0.978830146,M,0.06722288,1,0.454645013,0.727158576,0.51213195,160 M,1,0.539919562
96,160,E2: A domain,2.447559596,11.56010095,13,T,1.121558939,2.005938036,0.978830146,N,0.034468124,1,-0.000297298,0.000111835,-0.000231712,160 N,0,0.230072664
96,160,E2: A domain,2.447559596,11.56010095,13,T,1.121558939,2.005938036,0.978830146,P,4.14E-05,1,-0.000297298,0.000111835,-0.000231712,160 P,0,0.849389615
96,160,E2: A domain,2.447559596,11.56010095,13,T,1.121558939,2.005938036,0.978830146,Q,0.125519389,1,-0.083868691,-0.051293125,-0.12731725,160 Q,1,-0.169118149
96,160,E2: A domain,2.447559596,11.56010095,13,T,1.121558939,2.005938036,0.978830146,R,0.101292822,1,-0.232150975,-0.130842941,-0.005216793,160 R,1,-0.257237923
96,160,E2: A domain,2.447559596,11.56010095,13,T,1.121558939,2.005938036,0.978830146,S,0.029957268,1,-0.35447208,-0.155450948,-0.231894667,160 S,1,-0.711545097
96,160,E2: A domain,2.447559596,11.56010095,13,T,1.121558939,2.005938036,0.978830146,T,0.02906131,1,NA,NA,NA,160 T,1,0
96,160,E2: A domain,2.447559596,11.56010095,13,T,1.121558939,2.005938036,0.978830146,V,2.02E-05,1,-0.000297298,0.000111835,-0.000231712,160 V,0,-0.518765931
96,160,E2: A domain,2.447559596,11.56010095,13,T,1.121558939,2.005938036,0.978830146,W,0.024677202,1,-0.401569032,0.199275036,-0.042456,160 W,1,0.464642338
96,160,E2: A domain,2.447559596,11.56010095,13,T,1.121558939,2.005938036,0.978830146,Y,0.017652166,1,-0.327663535,0.193425298,0.010270607,160 Y,1,1.250866818
97,161,E2: A domain,1.55137682,4.717961499,11,M,0.357121198,5.841560944,3.87294508,A,0.010710807,1,-0.167104168,0.694996721,-0.015076528,161 A,1,-3.647159044
97,161,E2: A domain,1.55137682,4.717961499,11,M,0.357121198,5.841560944,3.87294508,C,0.018101451,1,-0.790864285,-0.078498674,-0.572057904,161 C,1,0.631013325
97,161,E2: A domain,1.55137682,4.717961499,11,M,0.357121198,5.841560944,3.87294508,D,0.000159392,1,-0.000605033,0.000607113,-0.000565233,161 D,0,-0.106390056
97,161,E2: A domain,1.55137682,4.717961499,11,M,0.357121198,5.841560944,3.87294508,E,0.000124774,1,-0.000605033,0.000607113,-0.000565233,161 E,0,-0.547167905
97,161,E2: A domain,1.55137682,4.717961499,11,M,0.357121198,5.841560944,3.87294508,F,2.05E-05,1,-0.000605033,3.767958018,3.619314679,161 F,0,-2.379149315
97,161,E2: A domain,1.55137682,4.717961499,11,M,0.357121198,5.841560944,3.87294508,G,0.016513308,1,-0.276334089,0.539919879,-0.198502374,161 G,1,0.315929391
97,161,E2: A domain,1.55137682,4.717961499,11,M,0.357121198,5.841560944,3.87294508,H,0.040360714,1,-0.234132612,0.091240529,-0.385564051,161 H,1,1.177800643
97,161,E2: A domain,1.55137682,4.717961499,11,M,0.357121198,5.841560944,3.87294508,I,7.68E-07,1,-0.000605033,0.000607113,-0.000565233,161 I,0,-0.25604127
97,161,E2: A domain,1.55137682,4.717961499,11,M,0.357121198,5.841560944,3.87294508,K,0.050532191,1,-0.000605033,0.000607113,-0.000565233,161 K,0,0.190924985
97,161,E2: A domain,1.55137682,4.717961499,11,M,0.357121198,5.841560944,3.87294508,L,0.053759201,1,-0.000605033,0.000607113,-0.000565233,161 L,0,-0.158120907
97,161,E2: A domain,1.55137682,4.717961499,11,M,0.357121198,5.841560944,3.87294508,M,0.028556614,1,NA,NA,NA,161 M,1,0
97,161,E2: A domain,1.55137682,4.717961499,11,M,0.357121198,5.841560944,3.87294508,N,0.021675234,1,-0.391606661,0.117566461,-0.552536681,161 N,1,1.223437848
97,161,E2: A domain,1.55137682,4.717961499,11,M,0.357121198,5.841560944,3.87294508,P,4.06E-05,1,-0.000605033,0.000607113,-0.000565233,161 P,0,0.375083467
97,161,E2: A domain,1.55137682,4.717961499,11,M,0.357121198,5.841560944,3.87294508,Q,3.10E-05,1,-0.000605033,0.000607113,-0.000565233,161 Q,0,0.024878103
97,161,E2: A domain,1.55137682,4.717961499,11,M,0.357121198,5.841560944,3.87294508,R,0.626782605,1,-0.44290696,0.12819924,-0.467527906,161 R,1,-0.015024464
97,161,E2: A domain,1.55137682,4.717961499,11,M,0.357121198,5.841560944,3.87294508,S,0.019426121,1,0.357121198,-0.450387854,0.253630401,161 S,1,0.743828075
97,161,E2: A domain,1.55137682,4.717961499,11,M,0.357121198,5.841560944,3.87294508,T,0.04537881,1,-0.06349588,0.496823197,-0.005606305,161 T,1,1.007301541
97,161,E2: A domain,1.55137682,4.717961499,11,M,0.357121198,5.841560944,3.87294508,V,0.023787467,1,-0.137474541,-0.489957593,-0.30514718,161 V,1,0.609608143
97,161,E2: A domain,1.55137682,4.717961499,11,M,0.357121198,5.841560944,3.87294508,W,0.043952775,1,-0.231051139,-0.077778539,-0.320238174,161 W,1,-0.061805439
97,161,E2: A domain,1.55137682,4.717961499,11,M,0.357121198,5.841560944,3.87294508,Y,8.57E-05,1,-0.000605033,0.000607113,-0.000565233,161 Y,0,-0.097443116
98,162,E2: A domain,2.206266116,9.081742834,12,G,2.516102475,4.99216114,1.091652534,A,0.021485054,1,-0.465053171,-0.423042283,0.055463529,162 A,1,-1.021061144
98,162,E2: A domain,2.206266116,9.081742834,12,G,2.516102475,4.99216114,1.091652534,C,0.050471481,1,-0.000378065,0.0012253,-0.00010611,162 C,0,0.902997279
98,162,E2: A domain,2.206266116,9.081742834,12,G,2.516102475,4.99216114,1.091652534,D,0.234187484,1,-0.471915901,1.385687145,-0.53410791,162 D,1,-0.672947885
98,162,E2: A domain,2.206266116,9.081742834,12,G,2.516102475,4.99216114,1.091652534,E,0.002028387,1,-0.000378065,0.0012253,-0.00010611,162 E,1,0.199511228
98,162,E2: A domain,2.206266116,9.081742834,12,G,2.516102475,4.99216114,1.091652534,F,0.000199005,1,-0.000378065,0.0012253,-0.00010611,162 F,0,0.273425372
98,162,E2: A domain,2.206266116,9.081742834,12,G,2.516102475,4.99216114,1.091652534,G,0.114164309,1,NA,NA,NA,162 G,1,0
98,162,E2: A domain,2.206266116,9.081742834,12,G,2.516102475,4.99216114,1.091652534,H,0.067930788,1,2.516102475,0.238399769,-0.11840345,162 H,1,-0.851281908
98,162,E2: A domain,2.206266116,9.081742834,12,G,2.516102475,4.99216114,1.091652534,I,0.016184578,1,-4.967450461,-4.964141483,-5.005014574,162 I,1,-2.40399891
98,162,E2: A domain,2.206266116,9.081742834,12,G,2.516102475,4.99216114,1.091652534,K,0.000505055,1,-0.000378065,0.0012253,-0.00010611,162 K,0,-0.604357533
98,162,E2: A domain,2.206266116,9.081742834,12,G,2.516102475,4.99216114,1.091652534,L,0.021658019,1,-0.778538665,-3.148194255,0.001931877,162 L,1,-0.763749521
98,162,E2: A domain,2.206266116,9.081742834,12,G,2.516102475,4.99216114,1.091652534,M,0.000129455,1,-0.000378065,0.0012253,-0.00010611,162 M,0,0.651782514
98,162,E2: A domain,2.206266116,9.081742834,12,G,2.516102475,4.99216114,1.091652534,N,0.030705347,1,-0.10149635,0.00726915,-0.305067969,162 N,1,-1.005058286
98,162,E2: A domain,2.206266116,9.081742834,12,G,2.516102475,4.99216114,1.091652534,P,0.000136298,1,-0.000378065,0.0012253,-0.00010611,162 P,0,0.404570626
98,162,E2: A domain,2.206266116,9.081742834,12,G,2.516102475,4.99216114,1.091652534,Q,0.065949984,1,-2.140262279,1.821753244,0.828318166,162 Q,1,-1.799315823
98,162,E2: A domain,2.206266116,9.081742834,12,G,2.516102475,4.99216114,1.091652534,R,5.66E-05,1,-0.000378065,0.0012253,-0.00010611,162 R,0,0.038850442
98,162,E2: A domain,2.206266116,9.081742834,12,G,2.516102475,4.99216114,1.091652534,S,0.061921892,1,-0.757193772,0.247068564,-0.533258722,162 S,1,-0.048274835
98,162,E2: A domain,2.206266116,9.081742834,12,G,2.516102475,4.99216114,1.091652534,T,0.115908476,1,-0.14673537,0.681851513,-0.126511486,162 T,1,0.064237722
98,162,E2: A domain,2.206266116,9.081742834,12,G,2.516102475,4.99216114,1.091652534,V,0.000289553,1,-0.000378065,0.0012253,-0.00010611,162 V,0,0.254823133
98,162,E2: A domain,2.206266116,9.081742834,12,G,2.516102475,4.99216114,1.091652534,W,0.000223938,1,-0.000378065,0.0012253,-0.00010611,162 W,0,0.25175859
98,162,E2: A domain,2.206266116,9.081742834,12,G,2.516102475,4.99216114,1.091652534,Y,0.195864306,1,-0.061924989,0.599104057,0.205938962,162 Y,1,-0.243478335
99,163,E2: A domain,2.112924728,8.27240046,9,H,7.294186713,3.565375577,0,A,0.204652469,1,-4.029335528,-1.451451724,-4.065249343,163 A,1,-1.112840532
99,163,E2: A domain,2.112924728,8.27240046,9,H,7.294186713,3.565375577,0,C,0.000288435,1,-0.00015138,7.21E-05,-0.000182022,163 C,0,-0.159624507
99,163,E2: A domain,2.112924728,8.27240046,9,H,7.294186713,3.565375577,0,D,0.000298644,1,-0.00015138,7.21E-05,-0.000182022,163 D,0,1.348834954
99,163,E2: A domain,2.112924728,8.27240046,9,H,7.294186713,3.565375577,0,E,0.000162228,1,-0.00015138,7.21E-05,-0.000182022,163 E,0,-0.97826185
99,163,E2: A domain,2.112924728,8.27240046,9,H,7.294186713,3.565375577,0,F,0.001000274,1,-0.00015138,7.21E-05,-0.000182022,163 F,0,-0.001784271
99,163,E2: A domain,2.112924728,8.27240046,9,H,7.294186713,3.565375577,0,G,0.000240527,1,-0.00015138,7.21E-05,-0.000182022,163 G,0,-0.389953236
99,163,E2: A domain,2.112924728,8.27240046,9,H,7.294186713,3.565375577,0,H,0.174751743,1,NA,NA,NA,163 H,1,0
99,163,E2: A domain,2.112924728,8.27240046,9,H,7.294186713,3.565375577,0,I,0.000328919,1,-0.00015138,7.21E-05,-0.000182022,163 I,0,0.333425768
99,163,E2: A domain,2.112924728,8.27240046,9,H,7.294186713,3.565375577,0,K,0.053527102,1,-0.00015138,7.21E-05,-0.000182022,163 K,0,-0.967540912
99,163,E2: A domain,2.112924728,8.27240046,9,H,7.294186713,3.565375577,0,L,0.000691304,1,-0.00015138,7.21E-05,-0.000182022,163 L,0,-1.040666939
99,163,E2: A domain,2.112924728,8.27240046,9,H,7.294186713,3.565375577,0,M,0.014274251,1,4.513980616,2.350291911,-0.000182022,163 M,1,-1.347177428
99,163,E2: A domain,2.112924728,8.27240046,9,H,7.294186713,3.565375577,0,N,3.54E-05,1,-0.00015138,7.21E-05,-0.000182022,163 N,0,-0.583046351
99,163,E2: A domain,2.112924728,8.27240046,9,H,7.294186713,3.565375577,0,P,0.047118693,1,-0.687352844,-0.267563425,-0.443443974,163 P,1,-1.847277027
99,163,E2: A domain,2.112924728,8.27240046,9,H,7.294186713,3.565375577,0,Q,0.053957575,1,-0.00015138,7.21E-05,-0.000182022,163 Q,0,-1.866620006
99,163,E2: A domain,2.112924728,8.27240046,9,H,7.294186713,3.565375577,0,R,0.012726575,1,-0.806576768,-0.633794837,-1.122824553,163 R,1,0.7377089
99,163,E2: A domain,2.112924728,8.27240046,9,H,7.294186713,3.565375577,0,S,0.028184187,1,-0.00015138,7.21E-05,-0.000182022,163 S,1,1.022317096
99,163,E2: A domain,2.112924728,8.27240046,9,H,7.294186713,3.565375577,0,T,0.079680538,1,-2.215354098,-2.211941862,-2.238839811,163 T,1,-0.849055083
99,163,E2: A domain,2.112924728,8.27240046,9,H,7.294186713,3.565375577,0,V,5.92E-05,1,2.780206097,7.21E-05,-0.000182022,163 V,0,-0.09515943
99,163,E2: A domain,2.112924728,8.27240046,9,H,7.294186713,3.565375577,0,W,0.203979546,1,-0.486755025,0.101950784,-0.265866177,163 W,1,-0.125400662
99,163,E2: A domain,2.112924728,8.27240046,9,H,7.294186713,3.565375577,0,Y,0.124042419,1,-1.500441735,1.112268254,-2.56817485,163 Y,1,-0.857831501
100,164,E2: A domain,2.00987576,7.462390159,8,F,0,0,0.30350254,A,0.00047105,1,-0.000143275,-0.000251177,-4.95E-05,164 A,0,0.726347072
100,164,E2: A domain,2.00987576,7.462390159,8,F,0,0,0.30350254,C,0.000172444,1,-0.000143275,-0.000251177,-4.95E-05,164 C,0,1.199542094
100,164,E2: A domain,2.00987576,7.462390159,8,F,0,0,0.30350254,D,0.045557392,1,-0.000143275,-0.000251177,-4.95E-05,164 D,0,-0.139722009
100,164,E2: A domain,2.00987576,7.462390159,8,F,0,0,0.30350254,E,0.00025213,1,-0.000143275,-0.000251177,-4.95E-05,164 E,0,0.125701176
100,164,E2: A domain,2.00987576,7.462390159,8,F,0,0,0.30350254,F,0.219951143,1,NA,NA,NA,164 F,1,0
100,164,E2: A domain,2.00987576,7.462390159,8,F,0,0,0.30350254,G,0.000193422,1,-0.000143275,-0.000251177,-4.95E-05,164 G,0,0.802292174
100,164,E2: A domain,2.00987576,7.462390159,8,F,0,0,0.30350254,H,0.080332314,1,-0.289564021,-0.412486658,0.09023049,164 H,1,0.496776705
100,164,E2: A domain,2.00987576,7.462390159,8,F,0,0,0.30350254,I,0.000300612,1,-0.000143275,-0.000251177,-4.95E-05,164 I,0,-1.839261722
100,164,E2: A domain,2.00987576,7.462390159,8,F,0,0,0.30350254,K,0.000399738,1,-0.000143275,-0.000251177,-4.95E-05,164 K,0,-0.112449015
100,164,E2: A domain,2.00987576,7.462390159,8,F,0,0,0.30350254,L,0.016385053,1,-0.354571584,-0.442957078,-0.383348052,164 L,1,-0.891633811
100,164,E2: A domain,2.00987576,7.462390159,8,F,0,0,0.30350254,M,0.000745801,1,-0.000143275,-0.000251177,-4.95E-05,164 M,0,0.0146869
100,164,E2: A domain,2.00987576,7.462390159,8,F,0,0,0.30350254,N,0.000117473,1,-0.000143275,-0.000251177,-4.95E-05,164 N,0,0.545466508
100,164,E2: A domain,2.00987576,7.462390159,8,F,0,0,0.30350254,P,0.062730621,1,-0.039111964,-0.055828419,0.21327205,164 P,1,0.062714445
100,164,E2: A domain,2.00987576,7.462390159,8,F,0,0,0.30350254,Q,0.248479112,1,-2.713824848,-2.774336697,-2.507148606,164 Q,1,0.29562469
100,164,E2: A domain,2.00987576,7.462390159,8,F,0,0,0.30350254,R,0.000285804,1,-0.000143275,-0.000251177,-4.95E-05,164 R,0,0.528468106
100,164,E2: A domain,2.00987576,7.462390159,8,F,0,0,0.30350254,S,0.090834314,1,-0.006132768,-0.254180826,-0.13378628,164 S,1,-0.535576381
100,164,E2: A domain,2.00987576,7.462390159,8,F,0,0,0.30350254,T,0.00012227,1,-0.000143275,-0.000251177,-4.95E-05,164 T,0,-0.089387499
100,164,E2: A domain,2.00987576,7.462390159,8,F,0,0,0.30350254,V,0.120344263,1,-0.221329445,-0.732671126,-0.066896721,164 V,1,0.108922183
100,164,E2: A domain,2.00987576,7.462390159,8,F,0,0,0.30350254,W,0.111692863,1,-0.388308453,-2.671165335,-0.211607322,164 W,1,-1.85132174
100,164,E2: A domain,2.00987576,7.462390159,8,F,0,0,0.30350254,Y,0.000632181,1,-0.000143275,-0.000251177,-4.95E-05,164 Y,0,0.406563903
101,165,E2: A domain,1.567975989,4.796929326,6,I,0.545393239,0.014858834,0.435571085,A,0.035957087,1,-0.908053479,-2.864333896,-0.057328,165 A,1,1.556682463
101,165,E2: A domain,1.567975989,4.796929326,6,I,0.545393239,0.014858834,0.435571085,C,0.000372679,1,-9.44E-06,-0.0001349,6.24E-05,165 C,0,-0.796191445
101,165,E2: A domain,1.567975989,4.796929326,6,I,0.545393239,0.014858834,0.435571085,D,0.000221991,1,-9.44E-06,-0.0001349,6.24E-05,165 D,0,0.819478441
101,165,E2: A domain,1.567975989,4.796929326,6,I,0.545393239,0.014858834,0.435571085,E,0.000407072,1,-9.44E-06,-0.0001349,6.24E-05,165 E,0,-0.591208441
101,165,E2: A domain,1.567975989,4.796929326,6,I,0.545393239,0.014858834,0.435571085,F,0.000760699,1,-9.44E-06,-0.0001349,6.24E-05,165 F,0,-1.32809767
101,165,E2: A domain,1.567975989,4.796929326,6,I,0.545393239,0.014858834,0.435571085,G,0.000218329,1,-9.44E-06,-0.0001349,6.24E-05,165 G,0,0.170680748
101,165,E2: A domain,1.567975989,4.796929326,6,I,0.545393239,0.014858834,0.435571085,H,0.000803904,1,-9.44E-06,-0.0001349,6.24E-05,165 H,0,-0.21226438
101,165,E2: A domain,1.567975989,4.796929326,6,I,0.545393239,0.014858834,0.435571085,I,0.191306651,1,NA,NA,NA,165 I,1,0
101,165,E2: A domain,1.567975989,4.796929326,6,I,0.545393239,0.014858834,0.435571085,K,0.047274583,1,-9.44E-06,-0.0001349,6.24E-05,165 K,0,0.119772476
101,165,E2: A domain,1.567975989,4.796929326,6,I,0.545393239,0.014858834,0.435571085,L,0.094347165,1,0.298458548,-0.884285071,0.213575335,165 L,1,1.305281611
101,165,E2: A domain,1.567975989,4.796929326,6,I,0.545393239,0.014858834,0.435571085,M,0.047375916,1,-9.44E-06,-0.0001349,6.24E-05,165 M,0,1.040676198
101,165,E2: A domain,1.567975989,4.796929326,6,I,0.545393239,0.014858834,0.435571085,N,0.000862342,1,-9.44E-06,-0.0001349,6.24E-05,165 N,0,-1.432304083
101,165,E2: A domain,1.567975989,4.796929326,6,I,0.545393239,0.014858834,0.435571085,P,0.028642651,1,0.246934691,-2.30822052,0.09231822,165 P,1,-1.481732303
101,165,E2: A domain,1.567975989,4.796929326,6,I,0.545393239,0.014858834,0.435571085,Q,0.00070372,1,-9.44E-06,-0.0001349,6.24E-05,165 Q,0,0.330472814
101,165,E2: A domain,1.567975989,4.796929326,6,I,0.545393239,0.014858834,0.435571085,R,0.001001375,1,-9.44E-06,-0.0001349,6.24E-05,165 R,0,-0.135687297
101,165,E2: A domain,1.567975989,4.796929326,6,I,0.545393239,0.014858834,0.435571085,S,0.000186227,1,-9.44E-06,-0.0001349,6.24E-05,165 S,0,0.766027669
101,165,E2: A domain,1.567975989,4.796929326,6,I,0.545393239,0.014858834,0.435571085,T,0.508735531,1,-0.03762418,0.014858834,0.128804046,165 T,1,-0.331636203
101,165,E2: A domain,1.567975989,4.796929326,6,I,0.545393239,0.014858834,0.435571085,V,0.040195303,1,-0.827925802,-0.298961467,-1.062565761,165 V,1,-0.630477673
101,165,E2: A domain,1.567975989,4.796929326,6,I,0.545393239,0.014858834,0.435571085,W,0.000411364,1,-9.44E-06,-0.0001349,6.24E-05,165 W,0,-0.304431741
101,165,E2: A domain,1.567975989,4.796929326,6,I,0.545393239,0.014858834,0.435571085,Y,0.000215412,1,-9.44E-06,-0.0001349,6.24E-05,165 Y,0,0.268282675
102,166,E2: A domain,2.157790608,8.65200086,6,L,3.147936547,3.170777079,2.915195283,A,0.123963785,1,-0.133901388,-0.336912581,0.021434746,166 A,1,2.037887825
102,166,E2: A domain,2.157790608,8.65200086,6,L,3.147936547,3.170777079,2.915195283,C,0.054623029,1,5.51E-05,2.09E-05,2.34E-05,166 C,0,-0.085078351
102,166,E2: A domain,2.157790608,8.65200086,6,L,3.147936547,3.170777079,2.915195283,D,0.000788422,1,5.51E-05,2.09E-05,2.34E-05,166 D,0,-0.23107033
102,166,E2: A domain,2.157790608,8.65200086,6,L,3.147936547,3.170777079,2.915195283,E,0.050681146,1,5.51E-05,2.09E-05,2.34E-05,166 E,0,-0.175321956
102,166,E2: A domain,2.157790608,8.65200086,6,L,3.147936547,3.170777079,2.915195283,F,0.046609722,1,5.51E-05,2.09E-05,2.34E-05,166 F,0,-0.298037025
102,166,E2: A domain,2.157790608,8.65200086,6,L,3.147936547,3.170777079,2.915195283,G,0.000210977,1,5.51E-05,2.09E-05,2.34E-05,166 G,0,2.191489787
102,166,E2: A domain,2.157790608,8.65200086,6,L,3.147936547,3.170777079,2.915195283,H,0.000208381,1,5.51E-05,2.09E-05,2.34E-05,166 H,0,0.195415404
102,166,E2: A domain,2.157790608,8.65200086,6,L,3.147936547,3.170777079,2.915195283,I,0.04858478,1,5.51E-05,2.09E-05,2.34E-05,166 I,0,0.313205724
102,166,E2: A domain,2.157790608,8.65200086,6,L,3.147936547,3.170777079,2.915195283,K,0.201401229,1,0.100442762,0.173417139,0.070616726,166 K,1,0.115194024
102,166,E2: A domain,2.157790608,8.65200086,6,L,3.147936547,3.170777079,2.915195283,L,0.233318639,1,NA,NA,NA,166 L,1,0
102,166,E2: A domain,2.157790608,8.65200086,6,L,3.147936547,3.170777079,2.915195283,M,1.77E-05,1,5.51E-05,2.09E-05,2.34E-05,166 M,0,0.000114792
102,166,E2: A domain,2.157790608,8.65200086,6,L,3.147936547,3.170777079,2.915195283,N,0.000123811,1,5.51E-05,2.09E-05,2.34E-05,166 N,0,-0.432753727
102,166,E2: A domain,2.157790608,8.65200086,6,L,3.147936547,3.170777079,2.915195283,P,0.124852871,1,0.259752621,0.158414679,0.086432411,166 P,1,-0.230974794
102,166,E2: A domain,2.157790608,8.65200086,6,L,3.147936547,3.170777079,2.915195283,Q,0.052639669,1,5.51E-05,2.09E-05,2.34E-05,166 Q,0,-1.519802244
102,166,E2: A domain,2.157790608,8.65200086,6,L,3.147936547,3.170777079,2.915195283,R,0.000718607,1,5.51E-05,2.09E-05,2.34E-05,166 R,0,0.834060122
102,166,E2: A domain,2.157790608,8.65200086,6,L,3.147936547,3.170777079,2.915195283,S,0.010677972,1,0.107821407,-2.318745357,-2.343954633,166 S,1,-0.945762298
102,166,E2: A domain,2.157790608,8.65200086,6,L,3.147936547,3.170777079,2.915195283,T,0.000199523,1,2.249180509,2.83869437,2.624395821,166 T,0,-0.583531839
102,166,E2: A domain,2.157790608,8.65200086,6,L,3.147936547,3.170777079,2.915195283,V,0.000610707,1,-2.592258606,-2.592709342,-2.604703306,166 V,0,0.971744401
102,166,E2: A domain,2.157790608,8.65200086,6,L,3.147936547,3.170777079,2.915195283,W,0.049348883,1,0.430078347,-0.292139024,0.112035055,166 W,1,0.185702384
102,166,E2: A domain,2.157790608,8.65200086,6,L,3.147936547,3.170777079,2.915195283,Y,0.000420192,1,5.51E-05,2.09E-05,2.34E-05,166 Y,0,-0.089663828
103,167,E2: A domain,2.039926696,7.690045467,4,A,0.051874505,0.143302187,0.458474048,A,0.038096013,1,NA,NA,NA,167 A,1,0
103,167,E2: A domain,2.039926696,7.690045467,4,A,0.051874505,0.143302187,0.458474048,C,0.048360475,1,-0.000303474,-4.81E-05,0.000227107,167 C,0,0.104149689
103,167,E2: A domain,2.039926696,7.690045467,4,A,0.051874505,0.143302187,0.458474048,D,2.73E-05,1,-0.000303474,-4.81E-05,0.000227107,167 D,0,0.038115171
103,167,E2: A domain,2.039926696,7.690045467,4,A,0.051874505,0.143302187,0.458474048,E,0.050637084,1,-0.000303474,-4.81E-05,0.000227107,167 E,0,-0.223812835
103,167,E2: A domain,2.039926696,7.690045467,4,A,0.051874505,0.143302187,0.458474048,F,0.053439041,1,-0.000303474,-4.81E-05,0.000227107,167 F,0,-0.009256504
103,167,E2: A domain,2.039926696,7.690045467,4,A,0.051874505,0.143302187,0.458474048,G,0.374917782,1,0.051874505,-0.068109891,0.206465789,167 G,1,1.002312376
103,167,E2: A domain,2.039926696,7.690045467,4,A,0.051874505,0.143302187,0.458474048,H,0.049650552,1,-0.000303474,-4.81E-05,0.000227107,167 H,0,0.4289935
103,167,E2: A domain,2.039926696,7.690045467,4,A,0.051874505,0.143302187,0.458474048,I,0.000315762,1,-0.000303474,-4.81E-05,0.000227107,167 I,0,-0.396784896
103,167,E2: A domain,2.039926696,7.690045467,4,A,0.051874505,0.143302187,0.458474048,K,5.27E-05,1,-0.000303474,-4.81E-05,0.000227107,167 K,0,-0.093752523
103,167,E2: A domain,2.039926696,7.690045467,4,A,0.051874505,0.143302187,0.458474048,L,0.000132346,1,-0.000303474,-4.81E-05,0.000227107,167 L,0,-0.058907637
103,167,E2: A domain,2.039926696,7.690045467,4,A,0.051874505,0.143302187,0.458474048,M,0.048449933,1,-0.000303474,-4.81E-05,0.000227107,167 M,0,0.206542235
103,167,E2: A domain,2.039926696,7.690045467,4,A,0.051874505,0.143302187,0.458474048,N,0.044799936,1,-0.000303474,-4.81E-05,0.000227107,167 N,0,-0.087972388
103,167,E2: A domain,2.039926696,7.690045467,4,A,0.051874505,0.143302187,0.458474048,P,3.29E-05,1,-0.000303474,-4.81E-05,0.000227107,167 P,0,-1.538841734
103,167,E2: A domain,2.039926696,7.690045467,4,A,0.051874505,0.143302187,0.458474048,Q,0.048655052,1,-0.000303474,-4.81E-05,0.000227107,167 Q,0,0.032226665
103,167,E2: A domain,2.039926696,7.690045467,4,A,0.051874505,0.143302187,0.458474048,R,4.89E-05,1,-0.000303474,-4.81E-05,0.000227107,167 R,0,-0.196577574
103,167,E2: A domain,2.039926696,7.690045467,4,A,0.051874505,0.143302187,0.458474048,S,3.06E-05,1,-2.339351888,-2.339116321,-2.349992752,167 S,0,4.084132388
103,167,E2: A domain,2.039926696,7.690045467,4,A,0.051874505,0.143302187,0.458474048,T,0.153114036,1,-1.33345472,0.046482617,0.068981935,167 T,1,-4.413237046
103,167,E2: A domain,2.039926696,7.690045467,4,A,0.051874505,0.143302187,0.458474048,V,0.088819185,1,-1.935578944,0.09681957,0.179619719,167 V,1,0.506850032
103,167,E2: A domain,2.039926696,7.690045467,4,A,0.051874505,0.143302187,0.458474048,W,0.000282569,1,-0.000303474,-4.81E-05,0.000227107,167 W,0,-0.059759859
103,167,E2: A domain,2.039926696,7.690045467,4,A,0.051874505,0.143302187,0.458474048,Y,0.000137865,1,-0.000303474,-4.81E-05,0.000227107,167 Y,0,-0.193483982
104,168,E2: A domain,2.357195982,10.56129583,7,R,4.87289311,0,0.792722516,A,0.188939217,1,-3.069294133,-0.713895075,0.439997677,168 A,1,5.480733942
104,168,E2: A domain,2.357195982,10.56129583,7,R,4.87289311,0,0.792722516,C,0.000368707,1,-0.00010176,-0.000443585,8.54E-05,168 C,0,-0.014618287
104,168,E2: A domain,2.357195982,10.56129583,7,R,4.87289311,0,0.792722516,D,0.035749943,1,-0.603613954,-1.481371324,-0.44402403,168 D,1,-0.947049952
104,168,E2: A domain,2.357195982,10.56129583,7,R,4.87289311,0,0.792722516,E,0.000493598,1,-0.00010176,-0.000443585,8.54E-05,168 E,0,-0.533569675
104,168,E2: A domain,2.357195982,10.56129583,7,R,4.87289311,0,0.792722516,F,0.000577636,1,-0.00010176,-0.000443585,8.54E-05,168 F,0,0.084743033
104,168,E2: A domain,2.357195982,10.56129583,7,R,4.87289311,0,0.792722516,G,0.000572369,1,-0.00010176,-0.000443585,8.54E-05,168 G,0,-1.624806042
104,168,E2: A domain,2.357195982,10.56129583,7,R,4.87289311,0,0.792722516,H,0.047898834,1,3.132791248,-2.558423929,-0.226896375,168 H,0,-0.326424792
104,168,E2: A domain,2.357195982,10.56129583,7,R,4.87289311,0,0.792722516,I,0.048733127,1,-0.00010176,-0.000443585,8.54E-05,168 I,0,-0.350026224
104,168,E2: A domain,2.357195982,10.56129583,7,R,4.87289311,0,0.792722516,K,0.001206414,1,-0.00010176,-0.000443585,8.54E-05,168 K,0,-0.51331795
104,168,E2: A domain,2.357195982,10.56129583,7,R,4.87289311,0,0.792722516,L,6.33E-06,1,1.485895722,-0.000443585,8.54E-05,168 L,0,-1.208212338
104,168,E2: A domain,2.357195982,10.56129583,7,R,4.87289311,0,0.792722516,M,0.047264831,1,-0.00010176,-0.000443585,8.54E-05,168 M,0,-0.089978937
104,168,E2: A domain,2.357195982,10.56129583,7,R,4.87289311,0,0.792722516,N,0.060791219,1,-0.00010176,-0.000443585,8.54E-05,168 N,0,-0.589142991
104,168,E2: A domain,2.357195982,10.56129583,7,R,4.87289311,0,0.792722516,P,0.000823261,1,-0.00010176,-0.000443585,8.54E-05,168 P,0,0.248322296
104,168,E2: A domain,2.357195982,10.56129583,7,R,4.87289311,0,0.792722516,Q,0.115537709,1,-0.776659237,-0.644889791,-0.021613325,168 Q,1,4.936815953
104,168,E2: A domain,2.357195982,10.56129583,7,R,4.87289311,0,0.792722516,R,0.14137506,1,NA,NA,NA,168 R,1,0
104,168,E2: A domain,2.357195982,10.56129583,7,R,4.87289311,0,0.792722516,S,0.000306758,1,-0.00010176,-0.000443585,8.54E-05,168 S,0,0.34456362
104,168,E2: A domain,2.357195982,10.56129583,7,R,4.87289311,0,0.792722516,T,0.046965265,1,-0.00010176,-0.000443585,8.54E-05,168 T,0,-0.091594895
104,168,E2: A domain,2.357195982,10.56129583,7,R,4.87289311,0,0.792722516,V,0.075547962,1,-0.007993099,-0.793948956,-0.042581888,168 V,1,-1.10662831
104,168,E2: A domain,2.357195982,10.56129583,7,R,4.87289311,0,0.792722516,W,0.139178497,1,0.25420614,-0.589775478,0.351615267,168 W,1,-1.490931751
104,168,E2: A domain,2.357195982,10.56129583,7,R,4.87289311,0,0.792722516,Y,0.047663258,1,-0.00010176,-0.000443585,8.54E-05,168 Y,0,0.158523006
105,169,E2: A domain,1.053774292,2.868457109,2,C,3.815706276,0,3.949217837,A,0.000595021,1,0.00013815,-1.06E-05,0.000171178,169 A,0,-0.525906118
105,169,E2: A domain,1.053774292,2.868457109,2,C,3.815706276,0,3.949217837,C,0.747848382,1,NA,NA,NA,169 C,1,0
105,169,E2: A domain,1.053774292,2.868457109,2,C,3.815706276,0,3.949217837,D,0.000997674,1,0.00013815,-1.06E-05,0.000171178,169 D,0,0.316653435
105,169,E2: A domain,1.053774292,2.868457109,2,C,3.815706276,0,3.949217837,E,0.004260734,1,0.00013815,-1.06E-05,0.000171178,169 E,0,-0.396891064
105,169,E2: A domain,1.053774292,2.868457109,2,C,3.815706276,0,3.949217837,F,5.17E-05,1,0.00013815,-1.06E-05,0.000171178,169 F,0,-1.168582152
105,169,E2: A domain,1.053774292,2.868457109,2,C,3.815706276,0,3.949217837,G,0.001360746,1,0.00013815,-1.06E-05,0.000171178,169 G,0,1.419005811
105,169,E2: A domain,1.053774292,2.868457109,2,C,3.815706276,0,3.949217837,H,0.003437397,1,0.00013815,-1.06E-05,0.000171178,169 H,0,-1.017885469
105,169,E2: A domain,1.053774292,2.868457109,2,C,3.815706276,0,3.949217837,I,0.051304427,1,0.00013815,-1.06E-05,0.000171178,169 I,0,-0.149191554
105,169,E2: A domain,1.053774292,2.868457109,2,C,3.815706276,0,3.949217837,K,0.002375066,1,0.00013815,-1.06E-05,0.000171178,169 K,0,0.268139323
105,169,E2: A domain,1.053774292,2.868457109,2,C,3.815706276,0,3.949217837,L,0.000283874,1,0.00013815,-1.06E-05,0.000171178,169 L,0,-0.518206268
105,169,E2: A domain,1.053774292,2.868457109,2,C,3.815706276,0,3.949217837,M,0.000653314,1,0.00013815,-1.06E-05,0.000171178,169 M,0,0.239153971
105,169,E2: A domain,1.053774292,2.868457109,2,C,3.815706276,0,3.949217837,N,0.001621972,1,0.00013815,-1.06E-05,0.000171178,169 N,0,-0.523540482
105,169,E2: A domain,1.053774292,2.868457109,2,C,3.815706276,0,3.949217837,P,0.003186538,1,0.00013815,-1.06E-05,0.000171178,169 P,0,-0.742137922
105,169,E2: A domain,1.053774292,2.868457109,2,C,3.815706276,0,3.949217837,Q,0.053501544,1,0.00013815,-1.06E-05,0.000171178,169 Q,0,0.036103378
105,169,E2: A domain,1.053774292,2.868457109,2,C,3.815706276,0,3.949217837,R,0.00054162,1,-0.114408381,-0.073204932,0.064447084,169 R,0,-0.529565239
105,169,E2: A domain,1.053774292,2.868457109,2,C,3.815706276,0,3.949217837,S,0.000974658,1,0.00013815,-1.06E-05,0.000171178,169 S,0,-0.531844334
105,169,E2: A domain,1.053774292,2.868457109,2,C,3.815706276,0,3.949217837,T,0.04857503,1,0.00013815,-1.06E-05,0.000171178,169 T,0,0.07297798
105,169,E2: A domain,1.053774292,2.868457109,2,C,3.815706276,0,3.949217837,V,0.001199552,1,0.00013815,-1.06E-05,0.000171178,169 V,0,-0.179882265
105,169,E2: A domain,1.053774292,2.868457109,2,C,3.815706276,0,3.949217837,W,0.050061205,1,0.00013815,-1.06E-05,0.000171178,169 W,0,2.008636721
105,169,E2: A domain,1.053774292,2.868457109,2,C,3.815706276,0,3.949217837,Y,0.027169517,1,3.813357719,-1.06E-05,3.881860723,169 Y,1,-0.830100265
106,170,E2: A domain,1.240697051,3.458023045,9,P,1.569251759,1.39345601,3.100480251,A,6.47E-05,1,0.0001474,-0.004201286,0.000774872,170 A,0,0.064557299
106,170,E2: A domain,1.240697051,3.458023045,9,P,1.569251759,1.39345601,3.100480251,C,0.000237607,1,0.0001474,-0.004201286,0.000774872,170 C,0,0.121202072
106,170,E2: A domain,1.240697051,3.458023045,9,P,1.569251759,1.39345601,3.100480251,D,0.049793687,1,-2.278102305,-2.277279196,-0.028636191,170 D,0,-3.6056441
106,170,E2: A domain,1.240697051,3.458023045,9,P,1.569251759,1.39345601,3.100480251,E,0.03478139,1,0.398757688,0.024871241,0.525197414,170 E,1,0.502682502
106,170,E2: A domain,1.240697051,3.458023045,9,P,1.569251759,1.39345601,3.100480251,F,0.000264228,1,0.0001474,-0.004201286,0.000774872,170 F,0,-0.542427977
106,170,E2: A domain,1.240697051,3.458023045,9,P,1.569251759,1.39345601,3.100480251,G,0.028818203,1,0.034315039,-0.135343233,0.32019848,170 G,1,-0.895412707
106,170,E2: A domain,1.240697051,3.458023045,9,P,1.569251759,1.39345601,3.100480251,H,0.049951666,1,0.0001474,-0.004201286,0.000774872,170 H,0,0.037507348
106,170,E2: A domain,1.240697051,3.458023045,9,P,1.569251759,1.39345601,3.100480251,I,0.703104763,1,-0.125199871,0.790141214,0.713806591,170 I,1,-2.845366186
106,170,E2: A domain,1.240697051,3.458023045,9,P,1.569251759,1.39345601,3.100480251,K,1.47E-05,1,0.0001474,-0.004201286,0.000774872,170 K,0,-0.900957851
106,170,E2: A domain,1.240697051,3.458023045,9,P,1.569251759,1.39345601,3.100480251,L,0.001103157,1,-2.491596236,-0.362175968,0.776407422,170 L,1,0.321739212
106,170,E2: A domain,1.240697051,3.458023045,9,P,1.569251759,1.39345601,3.100480251,M,4.96E-05,1,0.0001474,-0.004201286,0.000774872,170 M,0,-0.311075336
106,170,E2: A domain,1.240697051,3.458023045,9,P,1.569251759,1.39345601,3.100480251,N,0.014115393,1,1.009066548,-2.643235972,0.274412583,170 N,1,4.371641518
106,170,E2: A domain,1.240697051,3.458023045,9,P,1.569251759,1.39345601,3.100480251,P,0.035393867,1,NA,NA,NA,170 P,1,0
106,170,E2: A domain,1.240697051,3.458023045,9,P,1.569251759,1.39345601,3.100480251,Q,2.92E-06,1,0.028392919,-6.280627091,0.024067956,170 Q,0,-0.011994655
106,170,E2: A domain,1.240697051,3.458023045,9,P,1.569251759,1.39345601,3.100480251,R,0.04319761,1,0.097540365,0.292300939,0.226293267,170 R,1,-0.715371212
106,170,E2: A domain,1.240697051,3.458023045,9,P,1.569251759,1.39345601,3.100480251,S,0.030522589,1,-0.160061389,0.074754828,0.15793094,170 S,1,-0.482917746
106,170,E2: A domain,1.240697051,3.458023045,9,P,1.569251759,1.39345601,3.100480251,T,1.38E-06,1,-7.758704699,0.211387788,0.075966619,170 T,0,1.318548984
106,170,E2: A domain,1.240697051,3.458023045,9,P,1.569251759,1.39345601,3.100480251,V,2.97E-05,1,0.0001474,-0.004201286,0.000774872,170 V,0,0.212476034
106,170,E2: A domain,1.240697051,3.458023045,9,P,1.569251759,1.39345601,3.100480251,W,4.27E-05,1,0.0001474,-0.004201286,0.000774872,170 W,0,-0.354180665
106,170,E2: A domain,1.240697051,3.458023045,9,P,1.569251759,1.39345601,3.100480251,Y,0.008510207,1,-0.052066488,-2.284212478,-2.291706378,170 Y,1,2.218870233
107,171,E2: A domain,1.581770639,4.8635598,13,K,1.039747218,3.200440135,1.813690079,A,0.010848644,1,-0.181043074,0.920217293,0.23944133,171 A,1,0.985030743
107,171,E2: A domain,1.581770639,4.8635598,13,K,1.039747218,3.200440135,1.813690079,C,3.01E-05,1,0.000273828,0.001347434,0.000238688,171 C,0,-0.056095998
107,171,E2: A domain,1.581770639,4.8635598,13,K,1.039747218,3.200440135,1.813690079,D,0.012229721,1,-0.199124209,-0.136141457,-0.253686112,171 D,1,0.15078171
107,171,E2: A domain,1.581770639,4.8635598,13,K,1.039747218,3.200440135,1.813690079,E,0.631396682,1,-0.459444101,0.226121342,-0.078226656,171 E,1,-3.422881877
107,171,E2: A domain,1.581770639,4.8635598,13,K,1.039747218,3.200440135,1.813690079,F,0.00422693,1,-0.241562455,-0.41953815,0.227031519,171 F,1,-0.826275701
107,171,E2: A domain,1.581770639,4.8635598,13,K,1.039747218,3.200440135,1.813690079,G,0.01220333,1,0.169617343,-0.160558255,0.279387741,171 G,1,-0.011406032
107,171,E2: A domain,1.581770639,4.8635598,13,K,1.039747218,3.200440135,1.813690079,H,0.049311924,1,0.000273828,0.001347434,0.000238688,171 H,0,0.175312392
107,171,E2: A domain,1.581770639,4.8635598,13,K,1.039747218,3.200440135,1.813690079,I,0.050742077,1,0.000273828,0.001347434,0.000238688,171 I,0,-1.063245638
107,171,E2: A domain,1.581770639,4.8635598,13,K,1.039747218,3.200440135,1.813690079,K,0.006265047,1,NA,NA,NA,171 K,1,0
107,171,E2: A domain,1.581770639,4.8635598,13,K,1.039747218,3.200440135,1.813690079,L,0.001148088,1,-0.36498129,-2.985421366,-0.331085131,171 L,1,2.217004961
107,171,E2: A domain,1.581770639,4.8635598,13,K,1.039747218,3.200440135,1.813690079,M,0.048737718,1,0.000273828,0.001347434,0.000238688,171 M,0,-0.278112114
107,171,E2: A domain,1.581770639,4.8635598,13,K,1.039747218,3.200440135,1.813690079,N,0.045081829,1,0.000273828,0.001347434,0.000238688,171 N,0,-0.430095129
107,171,E2: A domain,1.581770639,4.8635598,13,K,1.039747218,3.200440135,1.813690079,P,0.027217752,1,0.244279626,0.379861737,0.137027612,171 P,1,-0.368979201
107,171,E2: A domain,1.581770639,4.8635598,13,K,1.039747218,3.200440135,1.813690079,Q,0.014712021,1,0.180961118,-0.531579628,-0.013884083,171 Q,1,-0.221139854
107,171,E2: A domain,1.581770639,4.8635598,13,K,1.039747218,3.200440135,1.813690079,R,0.011308041,1,0.325008662,0.578272262,0.321461475,171 R,1,-0.107575126
107,171,E2: A domain,1.581770639,4.8635598,13,K,1.039747218,3.200440135,1.813690079,S,0.002348698,1,-0.046064829,0.147584173,0.313222073,171 S,1,-1.492432968
107,171,E2: A domain,1.581770639,4.8635598,13,K,1.039747218,3.200440135,1.813690079,T,3.62E-05,1,0.000273828,0.001347434,0.000238688,171 T,0,2.024188545
107,171,E2: A domain,1.581770639,4.8635598,13,K,1.039747218,3.200440135,1.813690079,V,0.015603951,1,0.117963676,0.938951289,-0.122574102,171 V,1,-0.142520513
107,171,E2: A domain,1.581770639,4.8635598,13,K,1.039747218,3.200440135,1.813690079,W,0.014622015,1,-0.154091806,-0.722953362,0.294447511,171 W,1,1.59741658
107,171,E2: A domain,1.581770639,4.8635598,13,K,1.039747218,3.200440135,1.813690079,Y,0.041929203,1,0.000273828,0.001347434,0.000238688,171 Y,0,-0.073696145
108,172,E2: A domain,1.725747338,5.616717046,6,G,0.481631569,3.427632464,3.674701409,A,0.000143582,1,4.84E-05,0.00025863,0.000162853,172 A,0,0.443011277
108,172,E2: A domain,1.725747338,5.616717046,6,G,0.481631569,3.427632464,3.674701409,C,0.000173566,1,4.84E-05,0.00025863,0.000162853,172 C,0,-0.343720352
108,172,E2: A domain,1.725747338,5.616717046,6,G,0.481631569,3.427632464,3.674701409,D,0.050604595,1,4.84E-05,0.00025863,0.000162853,172 D,0,0.052539823
108,172,E2: A domain,1.725747338,5.616717046,6,G,0.481631569,3.427632464,3.674701409,E,0.050826431,1,-2.197204005,-2.193070982,0.591094954,172 E,0,-0.173943636
108,172,E2: A domain,1.725747338,5.616717046,6,G,0.481631569,3.427632464,3.674701409,F,0.000861126,1,4.84E-05,0.00025863,0.000162853,172 F,0,-0.129294383
108,172,E2: A domain,1.725747338,5.616717046,6,G,0.481631569,3.427632464,3.674701409,G,0.355028633,1,NA,NA,NA,172 G,1,0
108,172,E2: A domain,1.725747338,5.616717046,6,G,0.481631569,3.427632464,3.674701409,H,0.109538542,1,0.332846462,-0.102341238,0.257035555,172 H,1,-1.049030002
108,172,E2: A domain,1.725747338,5.616717046,6,G,0.481631569,3.427632464,3.674701409,I,0.001575713,1,4.84E-05,0.00025863,0.000162853,172 I,0,-0.158270423
108,172,E2: A domain,1.725747338,5.616717046,6,G,0.481631569,3.427632464,3.674701409,K,0.000292014,1,4.84E-05,0.00025863,0.000162853,172 K,0,0.504703034
108,172,E2: A domain,1.725747338,5.616717046,6,G,0.481631569,3.427632464,3.674701409,L,0.000129083,1,4.84E-05,0.00025863,0.000162853,172 L,0,0.471188916
108,172,E2: A domain,1.725747338,5.616717046,6,G,0.481631569,3.427632464,3.674701409,M,0.000228072,1,4.84E-05,0.00025863,0.000162853,172 M,0,-0.287155864
108,172,E2: A domain,1.725747338,5.616717046,6,G,0.481631569,3.427632464,3.674701409,N,0.000251802,1,4.84E-05,0.00025863,0.000162853,172 N,0,0.129621336
108,172,E2: A domain,1.725747338,5.616717046,6,G,0.481631569,3.427632464,3.674701409,P,0.000294898,1,4.84E-05,0.00025863,0.000162853,172 P,0,-0.374627249
108,172,E2: A domain,1.725747338,5.616717046,6,G,0.481631569,3.427632464,3.674701409,Q,0.002660698,1,4.84E-05,0.00025863,0.000162853,172 Q,0,0.157269543
108,172,E2: A domain,1.725747338,5.616717046,6,G,0.481631569,3.427632464,3.674701409,R,0.007040022,1,4.84E-05,0.00025863,2.470298191,172 R,1,-0.090315794
108,172,E2: A domain,1.725747338,5.616717046,6,G,0.481631569,3.427632464,3.674701409,S,0.261525206,1,0.148107206,0.685011909,0.338116261,172 S,1,0.249981701
108,172,E2: A domain,1.725747338,5.616717046,6,G,0.481631569,3.427632464,3.674701409,T,0.000459269,1,4.84E-05,0.00025863,0.000162853,172 T,0,0.220704666
108,172,E2: A domain,1.725747338,5.616717046,6,G,0.481631569,3.427632464,3.674701409,V,0.00010297,1,4.84E-05,0.00025863,0.000162853,172 V,0,-0.143904243
108,172,E2: A domain,1.725747338,5.616717046,6,G,0.481631569,3.427632464,3.674701409,W,0.120620569,1,-0.045080373,2.738999738,-0.243363893,172 W,1,0.495601443
108,172,E2: A domain,1.725747338,5.616717046,6,G,0.481631569,3.427632464,3.674701409,Y,0.037643211,1,-2.206718049,-2.277455186,0.016039353,172 Y,1,1.499618542
109,173,E2: A domain,1.142865483,3.135740915,18,E,1.236109741,11.73772971,1.358482989,A,0.002356663,1,0.324554312,0.962560632,-0.270240607,173 A,1,1.417588999
109,173,E2: A domain,1.142865483,3.135740915,18,E,1.236109741,11.73772971,1.358482989,C,0.00312196,1,-0.988293183,-4.438425672,-0.901378488,173 C,1,0.554614613
109,173,E2: A domain,1.142865483,3.135740915,18,E,1.236109741,11.73772971,1.358482989,D,0.050535895,1,-0.000402943,0.000693915,-0.000717109,173 D,0,-0.164133627
109,173,E2: A domain,1.142865483,3.135740915,18,E,1.236109741,11.73772971,1.358482989,E,0.007746457,1,NA,NA,NA,173 E,1,0
109,173,E2: A domain,1.142865483,3.135740915,18,E,1.236109741,11.73772971,1.358482989,F,0.00178911,1,-3.319287028,0.51829581,-2.959636551,173 F,1,-1.002082541
109,173,E2: A domain,1.142865483,3.135740915,18,E,1.236109741,11.73772971,1.358482989,G,0.004339227,1,0.094506439,-0.002818223,-0.331839951,173 G,1,-0.788943495
109,173,E2: A domain,1.142865483,3.135740915,18,E,1.236109741,11.73772971,1.358482989,H,0.07548921,1,0.039165202,0.419394881,-0.006636394,173 H,1,-0.265116196
109,173,E2: A domain,1.142865483,3.135740915,18,E,1.236109741,11.73772971,1.358482989,I,5.54E-05,1,-2.21860081,0.042941964,-2.23835415,173 I,0,-0.399586582
109,173,E2: A domain,1.142865483,3.135740915,18,E,1.236109741,11.73772971,1.358482989,K,0.003022582,1,-0.771356603,-0.172955581,0.53693823,173 K,1,-0.066236469
109,173,E2: A domain,1.142865483,3.135740915,18,E,1.236109741,11.73772971,1.358482989,L,0.013117292,1,-0.268080819,-0.083873173,-0.237947314,173 L,1,-0.074189954
109,173,E2: A domain,1.142865483,3.135740915,18,E,1.236109741,11.73772971,1.358482989,M,0.010593417,1,0.145921835,0.31877161,0.206486809,173 M,1,0.465027398
109,173,E2: A domain,1.142865483,3.135740915,18,E,1.236109741,11.73772971,1.358482989,N,0.005442481,1,0.549062039,1.041687985,0.437058089,173 N,1,-0.974342903
109,173,E2: A domain,1.142865483,3.135740915,18,E,1.236109741,11.73772971,1.358482989,P,0.008617258,1,-0.142566913,-0.176459297,-0.432435917,173 P,1,0.186510655
109,173,E2: A domain,1.142865483,3.135740915,18,E,1.236109741,11.73772971,1.358482989,Q,0.00400225,1,-0.204577489,-0.130432935,0.177999861,173 Q,1,-2.037592117
109,173,E2: A domain,1.142865483,3.135740915,18,E,1.236109741,11.73772971,1.358482989,R,0.003275031,1,0.082899915,0.669680228,-0.511708425,173 R,1,2.632293173
109,173,E2: A domain,1.142865483,3.135740915,18,E,1.236109741,11.73772971,1.358482989,S,0.012494125,1,-0.261912125,0.067636451,-0.17616252,173 S,1,0.066339349
109,173,E2: A domain,1.142865483,3.135740915,18,E,1.236109741,11.73772971,1.358482989,T,0.003421639,1,-0.005225449,-0.173181374,-0.700165701,173 T,1,-0.176411825
109,173,E2: A domain,1.142865483,3.135740915,18,E,1.236109741,11.73772971,1.358482989,V,0.017550872,1,-0.11404005,0.157114327,-0.240327461,173 V,1,-0.035921639
109,173,E2: A domain,1.142865483,3.135740915,18,E,1.236109741,11.73772971,1.358482989,W,0.026282383,1,-0.025228617,-0.612633051,-0.532442333,173 W,1,-0.062521013
109,173,E2: A domain,1.142865483,3.135740915,18,E,1.236109741,11.73772971,1.358482989,Y,0.746746705,1,-0.000402943,7.538951906,-0.000717109,173 Y,1,0.947155239
110,174,E2: A domain,2.431586276,11.37691471,14,T,1.748971913,3.25859333,1.965280677,A,0.03291187,1,0.076797719,0.055227597,0.259542252,174 A,1,0.06120237
110,174,E2: A domain,2.431586276,11.37691471,14,T,1.748971913,3.25859333,1.965280677,C,0.120420622,1,0.440819843,0.45407458,0.407208918,174 C,1,-0.849444716
110,174,E2: A domain,2.431586276,11.37691471,14,T,1.748971913,3.25859333,1.965280677,D,8.54E-05,1,0.000704864,0.00102478,0.000459194,174 D,0,-0.357582929
110,174,E2: A domain,2.431586276,11.37691471,14,T,1.748971913,3.25859333,1.965280677,E,0.073194392,1,-0.239363197,0.492323849,-0.001336456,174 E,1,0.619512875
110,174,E2: A domain,2.431586276,11.37691471,14,T,1.748971913,3.25859333,1.965280677,F,0.072629733,1,0.473024994,-0.828428424,0.331065721,174 F,1,-0.4332242
110,174,E2: A domain,2.431586276,11.37691471,14,T,1.748971913,3.25859333,1.965280677,G,0.171036075,1,0.016277222,0.435600756,-0.237372976,174 G,1,-0.161188191
110,174,E2: A domain,2.431586276,11.37691471,14,T,1.748971913,3.25859333,1.965280677,H,0.053467166,1,0.103124591,0.071134159,0.197087604,174 H,1,0.320628315
110,174,E2: A domain,2.431586276,11.37691471,14,T,1.748971913,3.25859333,1.965280677,I,0.083153655,1,-0.040812456,0.421849659,-0.022976223,174 I,1,-1.317286796
110,174,E2: A domain,2.431586276,11.37691471,14,T,1.748971913,3.25859333,1.965280677,K,0.180653572,1,0.196533441,0.313342896,0.1241124,174 K,1,0.045281035
110,174,E2: A domain,2.431586276,11.37691471,14,T,1.748971913,3.25859333,1.965280677,L,0.040660615,1,0.180734583,0.227744711,0.030166243,174 L,1,0.754650088
110,174,E2: A domain,2.431586276,11.37691471,14,T,1.748971913,3.25859333,1.965280677,M,0.019178641,1,-0.289631472,0.219760347,0.303393842,174 M,1,-0.221971119
110,174,E2: A domain,2.431586276,11.37691471,14,T,1.748971913,3.25859333,1.965280677,N,0.000481126,1,-2.173342035,-2.175721848,-1.443893894,174 N,1,-0.85342909
110,174,E2: A domain,2.431586276,11.37691471,14,T,1.748971913,3.25859333,1.965280677,P,5.66E-05,1,0.000704864,0.00102478,0.000459194,174 P,0,-0.938019177
110,174,E2: A domain,2.431586276,11.37691471,14,T,1.748971913,3.25859333,1.965280677,Q,0.033919689,1,-0.037636386,-0.259098339,-0.075668006,174 Q,1,-2.020318893
110,174,E2: A domain,2.431586276,11.37691471,14,T,1.748971913,3.25859333,1.965280677,R,0.041597226,1,0.05312081,0.562410877,0.057618731,174 R,1,0.160868571
110,174,E2: A domain,2.431586276,11.37691471,14,T,1.748971913,3.25859333,1.965280677,S,0.000183949,1,0.205014392,-4.174119728,0.252788996,174 S,0,-0.524353774
110,174,E2: A domain,2.431586276,11.37691471,14,T,1.748971913,3.25859333,1.965280677,T,0.050696158,1,NA,NA,NA,174 T,1,0
110,174,E2: A domain,2.431586276,11.37691471,14,T,1.748971913,3.25859333,1.965280677,V,0.000374759,1,0.000704864,0.00102478,0.000459194,174 V,0,-0.740582594
110,174,E2: A domain,2.431586276,11.37691471,14,T,1.748971913,3.25859333,1.965280677,W,0.000181434,1,0.000704864,0.00102478,0.000459194,174 W,0,-0.065201806
110,174,E2: A domain,2.431586276,11.37691471,14,T,1.748971913,3.25859333,1.965280677,Y,0.025117285,1,0.000704864,0.00102478,0.000459194,174 Y,0,0.135172144
111,175,E2: A domain,1.524214175,4.591534007,3,L,0.160774843,0.175450081,0.200138174,A,0.14878842,1,-0.151355742,0.005518911,-0.959209189,175 A,1,-1.034999995
111,175,E2: A domain,1.524214175,4.591534007,3,L,0.160774843,0.175450081,0.200138174,C,0.00126971,1,2.79E-05,-0.000613462,-0.000373634,175 C,0,-0.088995349
111,175,E2: A domain,1.524214175,4.591534007,3,L,0.160774843,0.175450081,0.200138174,D,0.000389153,1,2.79E-05,-0.000613462,-0.000373634,175 D,0,-0.012563925
111,175,E2: A domain,1.524214175,4.591534007,3,L,0.160774843,0.175450081,0.200138174,E,0.00056554,1,2.79E-05,-0.000613462,-0.000373634,175 E,0,0.411985951
111,175,E2: A domain,1.524214175,4.591534007,3,L,0.160774843,0.175450081,0.200138174,F,0.342075312,1,0.146227831,0.00976505,0.200138174,175 F,1,0.176130283
111,175,E2: A domain,1.524214175,4.591534007,3,L,0.160774843,0.175450081,0.200138174,G,0.000294562,1,2.79E-05,-0.000613462,-0.000373634,175 G,0,0.027492373
111,175,E2: A domain,1.524214175,4.591534007,3,L,0.160774843,0.175450081,0.200138174,H,0.050274658,1,2.79E-05,-0.000613462,-0.000373634,175 H,0,-0.310867346
111,175,E2: A domain,1.524214175,4.591534007,3,L,0.160774843,0.175450081,0.200138174,I,0.046609024,1,2.79E-05,-0.000613462,-0.000373634,175 I,0,-1.004929392
111,175,E2: A domain,1.524214175,4.591534007,3,L,0.160774843,0.175450081,0.200138174,K,0.000116358,1,2.79E-05,-0.000613462,-0.000373634,175 K,0,-0.448561865
111,175,E2: A domain,1.524214175,4.591534007,3,L,0.160774843,0.175450081,0.200138174,L,0.353190594,1,NA,NA,NA,175 L,1,0
111,175,E2: A domain,1.524214175,4.591534007,3,L,0.160774843,0.175450081,0.200138174,M,4.62E-05,1,2.79E-05,-0.000613462,-0.000373634,175 M,0,1.510135153
111,175,E2: A domain,1.524214175,4.591534007,3,L,0.160774843,0.175450081,0.200138174,N,0.001882916,1,2.79E-05,-0.000613462,-0.000373634,175 N,0,0.228729922
111,175,E2: A domain,1.524214175,4.591534007,3,L,0.160774843,0.175450081,0.200138174,P,0.000109035,1,-0.102350653,0.160166119,-0.155331002,175 P,0,-4.796145279
111,175,E2: A domain,1.524214175,4.591534007,3,L,0.160774843,0.175450081,0.200138174,Q,0.049620595,1,2.79E-05,-0.000613462,-0.000373634,175 Q,0,-1.440865211
111,175,E2: A domain,1.524214175,4.591534007,3,L,0.160774843,0.175450081,0.200138174,R,0.000110577,1,2.79E-05,-0.000613462,-0.000373634,175 R,0,1.997344841
111,175,E2: A domain,1.524214175,4.591534007,3,L,0.160774843,0.175450081,0.200138174,S,0.000160695,1,2.79E-05,-0.000613462,-0.000373634,175 S,0,-0.973138235
111,175,E2: A domain,1.524214175,4.591534007,3,L,0.160774843,0.175450081,0.200138174,T,0.000821202,1,2.79E-05,-0.000613462,-0.000373634,175 T,0,0.051393541
111,175,E2: A domain,1.524214175,4.591534007,3,L,0.160774843,0.175450081,0.200138174,V,0.000603378,1,0.014127926,-6.239432098,-2.045431014,175 V,0,-1.60592262
111,175,E2: A domain,1.524214175,4.591534007,3,L,0.160774843,0.175450081,0.200138174,W,0.000297037,1,2.79E-05,-0.000613462,-0.000373634,175 W,0,-1.601906164
111,175,E2: A domain,1.524214175,4.591534007,3,L,0.160774843,0.175450081,0.200138174,Y,0.002775028,1,2.79E-05,-0.000613462,-0.000373634,175 Y,0,-0.269873908
112,176,E2: A domain,2.307465981,10.04892819,12,T,1.049160738,1.142229762,2.076874035,A,0.070330445,1,-0.219154643,0.030944096,0.231077389,176 A,1,-1.657499382
112,176,E2: A domain,2.307465981,10.04892819,12,T,1.049160738,1.142229762,2.076874035,C,0.034551116,1,-2.263503193,-5.058885262,-2.375314005,176 C,1,2.609748233
112,176,E2: A domain,2.307465981,10.04892819,12,T,1.049160738,1.142229762,2.076874035,D,0.001202521,1,-0.000131837,0.000149045,1.73E-05,176 D,0,-0.276147501
112,176,E2: A domain,2.307465981,10.04892819,12,T,1.049160738,1.142229762,2.076874035,E,0.096947307,1,-0.077407716,-0.442397097,-0.274250939,176 E,1,-0.094334221
112,176,E2: A domain,2.307465981,10.04892819,12,T,1.049160738,1.142229762,2.076874035,F,0.000160747,1,-0.000131837,0.000149045,1.73E-05,176 F,0,-0.431916227
112,176,E2: A domain,2.307465981,10.04892819,12,T,1.049160738,1.142229762,2.076874035,G,0.074690963,1,0.470281274,-0.102290315,0.376699036,176 G,1,-0.261311591
112,176,E2: A domain,2.307465981,10.04892819,12,T,1.049160738,1.142229762,2.076874035,H,0.081608012,1,-0.193611416,0.121905009,-0.455867596,176 H,1,0.400524061
112,176,E2: A domain,2.307465981,10.04892819,12,T,1.049160738,1.142229762,2.076874035,I,0.031120821,1,0.066404821,-2.775037934,-0.496854006,176 I,1,-0.931741825
112,176,E2: A domain,2.307465981,10.04892819,12,T,1.049160738,1.142229762,2.076874035,K,7.56E-06,1,-0.000131837,0.000149045,1.73E-05,176 K,0,1.022251308
112,176,E2: A domain,2.307465981,10.04892819,12,T,1.049160738,1.142229762,2.076874035,L,0.196620584,1,-0.181830667,0.145103177,-0.439015166,176 L,1,0.226476486
112,176,E2: A domain,2.307465981,10.04892819,12,T,1.049160738,1.142229762,2.076874035,M,0.026782251,1,-2.955097154,0.278614128,0.68394342,176 M,1,2.230540307
112,176,E2: A domain,2.307465981,10.04892819,12,T,1.049160738,1.142229762,2.076874035,N,0.063038953,1,0.512474643,0.308212336,0.252391261,176 N,1,0.586772981
112,176,E2: A domain,2.307465981,10.04892819,12,T,1.049160738,1.142229762,2.076874035,P,0.00024104,1,-0.000131837,0.000149045,1.73E-05,176 P,0,-1.453043993
112,176,E2: A domain,2.307465981,10.04892819,12,T,1.049160738,1.142229762,2.076874035,Q,0.027699483,1,-0.376353636,-0.486303023,-0.418915916,176 Q,1,1.812749212
112,176,E2: A domain,2.307465981,10.04892819,12,T,1.049160738,1.142229762,2.076874035,R,0.13740185,1,-0.520251919,0.256258659,0.532624849,176 R,1,-0.249229375
112,176,E2: A domain,2.307465981,10.04892819,12,T,1.049160738,1.142229762,2.076874035,S,0.000177522,1,-0.000131837,0.000149045,1.73E-05,176 S,0,-1.412483366
112,176,E2: A domain,2.307465981,10.04892819,12,T,1.049160738,1.142229762,2.076874035,T,0.156765499,1,NA,NA,NA,176 T,1,0
112,176,E2: A domain,2.307465981,10.04892819,12,T,1.049160738,1.142229762,2.076874035,V,5.29E-05,1,-0.000131837,0.000149045,1.73E-05,176 V,0,-0.027475895
112,176,E2: A domain,2.307465981,10.04892819,12,T,1.049160738,1.142229762,2.076874035,W,0.000180063,1,-0.000131837,0.000149045,1.73E-05,176 W,0,-0.195564381
112,176,E2: A domain,2.307465981,10.04892819,12,T,1.049160738,1.142229762,2.076874035,Y,0.000420319,1,-0.000131837,0.000149045,1.73E-05,176 Y,0,-0.590569676
113,177,E2: A domain,1.838421102,6.286604516,6,V,2.68721993,2.792724016,1.033634299,A,0.140024213,1,-0.175746613,0.277213179,-0.176177138,177 A,1,-0.338444765
113,177,E2: A domain,1.838421102,6.286604516,6,V,2.68721993,2.792724016,1.033634299,C,0.312125596,1,0.042344165,0.134412041,0.2994694,177 C,1,0.413456838
113,177,E2: A domain,1.838421102,6.286604516,6,V,2.68721993,2.792724016,1.033634299,D,8.77E-05,1,-2.34E-05,0.000438845,0.000492898,177 D,0,0.422323141
113,177,E2: A domain,1.838421102,6.286604516,6,V,2.68721993,2.792724016,1.033634299,E,0.057179896,1,-2.34E-05,0.000438845,0.000492898,177 E,0,0.003177287
113,177,E2: A domain,1.838421102,6.286604516,6,V,2.68721993,2.792724016,1.033634299,F,6.05E-05,1,-2.34E-05,0.000438845,0.000492898,177 F,0,-0.221832857
113,177,E2: A domain,1.838421102,6.286604516,6,V,2.68721993,2.792724016,1.033634299,G,0.000137012,1,-2.34E-05,0.000438845,0.000492898,177 G,0,2.046955691
113,177,E2: A domain,1.838421102,6.286604516,6,V,2.68721993,2.792724016,1.033634299,H,0.000167224,1,-2.34E-05,0.000438845,0.000492898,177 H,0,-0.009123791
113,177,E2: A domain,1.838421102,6.286604516,6,V,2.68721993,2.792724016,1.033634299,I,0.000151646,1,2.163012956,2.234064165,-0.084655648,177 I,0,0.185371062
113,177,E2: A domain,1.838421102,6.286604516,6,V,2.68721993,2.792724016,1.033634299,K,5.39E-05,1,-2.34E-05,0.000438845,0.000492898,177 K,0,-0.419832185
113,177,E2: A domain,1.838421102,6.286604516,6,V,2.68721993,2.792724016,1.033634299,L,0.00020011,1,-2.34E-05,0.000438845,0.000492898,177 L,0,-1.303670904
113,177,E2: A domain,1.838421102,6.286604516,6,V,2.68721993,2.792724016,1.033634299,M,0.056470194,1,0.024234813,-4.173538315,0.336110242,177 M,1,0.373312744
113,177,E2: A domain,1.838421102,6.286604516,6,V,2.68721993,2.792724016,1.033634299,N,7.15E-05,1,-2.34E-05,0.000438845,0.000492898,177 N,0,0.26099469
113,177,E2: A domain,1.838421102,6.286604516,6,V,2.68721993,2.792724016,1.033634299,P,4.16E-05,1,-2.34E-05,0.000438845,0.000492898,177 P,0,-0.14979223
113,177,E2: A domain,1.838421102,6.286604516,6,V,2.68721993,2.792724016,1.033634299,Q,0.051827217,1,-2.34E-05,0.000438845,0.000492898,177 Q,0,-0.352416363
113,177,E2: A domain,1.838421102,6.286604516,6,V,2.68721993,2.792724016,1.033634299,R,3.06E-05,1,-2.34E-05,0.000438845,0.000492898,177 R,0,0.265077049
113,177,E2: A domain,1.838421102,6.286604516,6,V,2.68721993,2.792724016,1.033634299,S,0.030261025,1,0.175657341,-0.397059716,0.07480534,177 S,1,-1.262006173
113,177,E2: A domain,1.838421102,6.286604516,6,V,2.68721993,2.792724016,1.033634299,T,0.215257308,1,0.281970654,0.141329647,0.316841648,177 T,1,0.16342974
113,177,E2: A domain,1.838421102,6.286604516,6,V,2.68721993,2.792724016,1.033634299,V,0.135333118,1,NA,NA,NA,177 V,1,0
113,177,E2: A domain,1.838421102,6.286604516,6,V,2.68721993,2.792724016,1.033634299,W,0.000106423,1,-2.34E-05,0.000438845,0.000492898,177 W,0,-0.325109748
113,177,E2: A domain,1.838421102,6.286604516,6,V,2.68721993,2.792724016,1.033634299,Y,0.000413261,1,-2.34E-05,0.000438845,0.000492898,177 Y,0,-0.22791103
114,178,E2: A domain,2.389094126,10.90361217,10,G,6.708923291,5.243661695,3.053575948,A,0.036657142,1,-0.18335132,-0.151746617,0.120774449,178 A,1,0.283538563
114,178,E2: A domain,2.389094126,10.90361217,10,G,6.708923291,5.243661695,3.053575948,C,0.054642803,1,0.000169693,0.000344032,1.25E-05,178 C,0,0.792909798
114,178,E2: A domain,2.389094126,10.90361217,10,G,6.708923291,5.243661695,3.053575948,D,0.130081418,1,-0.254927225,-0.711803758,-0.357718818,178 D,1,1.521620366
114,178,E2: A domain,2.389094126,10.90361217,10,G,6.708923291,5.243661695,3.053575948,E,0.072580545,1,0.713141188,0.965010942,0.536831405,178 E,1,0.180056461
114,178,E2: A domain,2.389094126,10.90361217,10,G,6.708923291,5.243661695,3.053575948,F,0.052689815,1,0.000169693,0.000344032,1.25E-05,178 F,0,-0.895286022
114,178,E2: A domain,2.389094126,10.90361217,10,G,6.708923291,5.243661695,3.053575948,G,0.154262982,1,NA,NA,NA,178 G,1,0
114,178,E2: A domain,2.389094126,10.90361217,10,G,6.708923291,5.243661695,3.053575948,H,0.000101534,1,0.000169693,0.000344032,1.25E-05,178 H,0,-0.093627285
114,178,E2: A domain,2.389094126,10.90361217,10,G,6.708923291,5.243661695,3.053575948,I,0.053213321,1,0.000169693,0.000344032,1.25E-05,178 I,0,-0.090087694
114,178,E2: A domain,2.389094126,10.90361217,10,G,6.708923291,5.243661695,3.053575948,K,0.000293079,1,0.000169693,0.000344032,1.25E-05,178 K,0,-0.190633827
114,178,E2: A domain,2.389094126,10.90361217,10,G,6.708923291,5.243661695,3.053575948,L,0.003821232,1,-0.073677987,-5.266539509,-0.15763686,178 L,1,-0.71292726
114,178,E2: A domain,2.389094126,10.90361217,10,G,6.708923291,5.243661695,3.053575948,M,0.011082061,1,2.249295127,0.000344032,2.229124004,178 M,1,1.857751147
114,178,E2: A domain,2.389094126,10.90361217,10,G,6.708923291,5.243661695,3.053575948,N,0.000199261,1,0.000169693,0.000344032,1.25E-05,178 N,0,-0.449222962
114,178,E2: A domain,2.389094126,10.90361217,10,G,6.708923291,5.243661695,3.053575948,P,6.80E-05,1,0.000169693,0.000344032,1.25E-05,178 P,0,-0.294990689
114,178,E2: A domain,2.389094126,10.90361217,10,G,6.708923291,5.243661695,3.053575948,Q,0.000913468,1,2.645708224,2.491270359,1.25E-05,178 Q,0,0.987643592
114,178,E2: A domain,2.389094126,10.90361217,10,G,6.708923291,5.243661695,3.053575948,R,0.034270095,1,0.931644036,0.89288943,-0.179504405,178 R,1,-0.187455429
114,178,E2: A domain,2.389094126,10.90361217,10,G,6.708923291,5.243661695,3.053575948,S,0.187061092,1,-0.195762289,0.319789689,-0.11155227,178 S,1,1.640724368
114,178,E2: A domain,2.389094126,10.90361217,10,G,6.708923291,5.243661695,3.053575948,T,0.048113487,1,0.101568044,0.029467689,0.166721415,178 T,1,-0.506811638
114,178,E2: A domain,2.389094126,10.90361217,10,G,6.708923291,5.243661695,3.053575948,V,5.74E-06,1,0.000169693,0.000344032,1.25E-05,178 V,0,-0.134968636
114,178,E2: A domain,2.389094126,10.90361217,10,G,6.708923291,5.243661695,3.053575948,W,0.053906538,1,0.000169693,0.000344032,1.25E-05,178 W,0,-0.256041642
114,178,E2: A domain,2.389094126,10.90361217,10,G,6.708923291,5.243661695,3.053575948,Y,0.106036413,1,0.066039434,0.541793265,-0.182153923,178 Y,1,1.919590888
115,179,E2: A domain,1.591330687,4.910278625,6,F,2.871020564,0.216596314,1.212498712,A,0.00029396,1,-0.000962809,-0.000553472,-0.00042898,179 A,0,-0.445418953
115,179,E2: A domain,1.591330687,4.910278625,6,F,2.871020564,0.216596314,1.212498712,C,0.00046144,1,-0.000962809,-0.000553472,-0.00042898,179 C,0,-0.837330937
115,179,E2: A domain,1.591330687,4.910278625,6,F,2.871020564,0.216596314,1.212498712,D,0.000320236,1,-0.000962809,-0.000553472,-0.00042898,179 D,0,-0.875479447
115,179,E2: A domain,1.591330687,4.910278625,6,F,2.871020564,0.216596314,1.212498712,E,0.00275159,1,-0.000962809,-0.000553472,-0.00042898,179 E,0,0.155513091
115,179,E2: A domain,1.591330687,4.910278625,6,F,2.871020564,0.216596314,1.212498712,F,0.448799559,1,NA,NA,NA,179 F,1,0
115,179,E2: A domain,1.591330687,4.910278625,6,F,2.871020564,0.216596314,1.212498712,G,0.000232449,1,-0.000962809,-0.000553472,-0.00042898,179 G,0,-0.350373045
115,179,E2: A domain,1.591330687,4.910278625,6,F,2.871020564,0.216596314,1.212498712,H,0.000283308,1,-0.000962809,-0.000553472,-0.00042898,179 H,0,-0.114646736
115,179,E2: A domain,1.591330687,4.910278625,6,F,2.871020564,0.216596314,1.212498712,I,0.058344249,1,-2.724624134,-2.642910108,-0.523845711,179 I,1,-0.922190035
115,179,E2: A domain,1.591330687,4.910278625,6,F,2.871020564,0.216596314,1.212498712,K,0.000235454,1,-0.000962809,-0.000553472,-0.00042898,179 K,0,-0.459123225
115,179,E2: A domain,1.591330687,4.910278625,6,F,2.871020564,0.216596314,1.212498712,L,0.148131311,1,-0.658076384,-0.309258844,-0.324043582,179 L,1,-0.355883142
115,179,E2: A domain,1.591330687,4.910278625,6,F,2.871020564,0.216596314,1.212498712,M,0.134104327,1,0.283280151,-2.211754268,0.144205289,179 M,1,-0.515160154
115,179,E2: A domain,1.591330687,4.910278625,6,F,2.871020564,0.216596314,1.212498712,N,0.000159175,1,-0.000962809,-0.000553472,-0.00042898,179 N,0,-0.740338795
115,179,E2: A domain,1.591330687,4.910278625,6,F,2.871020564,0.216596314,1.212498712,P,0.000156145,1,-0.000962809,-0.000553472,-0.00042898,179 P,0,-0.228464922
115,179,E2: A domain,1.591330687,4.910278625,6,F,2.871020564,0.216596314,1.212498712,Q,0.000535672,1,2.551205521,-0.000553472,-0.00042898,179 Q,0,-0.247915569
115,179,E2: A domain,1.591330687,4.910278625,6,F,2.871020564,0.216596314,1.212498712,R,0.0001149,1,-0.000962809,-0.000553472,-0.00042898,179 R,0,-0.270606675
115,179,E2: A domain,1.591330687,4.910278625,6,F,2.871020564,0.216596314,1.212498712,S,0.1197086,1,-0.316002091,0.216596314,0.042807929,179 S,1,0.135642895
115,179,E2: A domain,1.591330687,4.910278625,6,F,2.871020564,0.216596314,1.212498712,T,0.000541715,1,-0.000962809,-0.000553472,-0.00042898,179 T,0,-0.37441995
115,179,E2: A domain,1.591330687,4.910278625,6,F,2.871020564,0.216596314,1.212498712,V,0.000408866,1,-0.000962809,-0.000553472,-0.00042898,179 V,0,-1.568995198
115,179,E2: A domain,1.591330687,4.910278625,6,F,2.871020564,0.216596314,1.212498712,W,0.000865381,1,-0.000962809,-0.000553472,-0.00042898,179 W,0,0.149182692
115,179,E2: A domain,1.591330687,4.910278625,6,F,2.871020564,0.216596314,1.212498712,Y,0.083551666,1,0.036534892,-0.43653849,1.025485494,179 Y,1,-0.760472623
116,180,E2: A domain,2.766909516,15.90939024,19,T,1.565521674,1.536886224,2.28761521,A,0.056581187,1,-0.275625209,-0.244670012,-0.130079102,180 A,1,-0.212858678
116,180,E2: A domain,2.766909516,15.90939024,19,T,1.565521674,1.536886224,2.28761521,C,0.120812241,1,-0.010987837,-0.189493488,-0.177290072,180 C,1,-0.217144605
116,180,E2: A domain,2.766909516,15.90939024,19,T,1.565521674,1.536886224,2.28761521,D,0.052948959,1,0.115661638,0.274264106,0.26685031,180 D,1,-0.119337385
116,180,E2: A domain,2.766909516,15.90939024,19,T,1.565521674,1.536886224,2.28761521,E,0.01444751,1,-0.09016632,0.186845949,0.431517458,180 E,1,0.167017337
116,180,E2: A domain,2.766909516,15.90939024,19,T,1.565521674,1.536886224,2.28761521,F,0.015728086,1,0.194451881,-0.125471467,0.001584945,180 F,1,-1.356753284
116,180,E2: A domain,2.766909516,15.90939024,19,T,1.565521674,1.536886224,2.28761521,G,0.039897244,1,-0.047209496,-0.234942245,0.126610155,180 G,1,-0.703383025
116,180,E2: A domain,2.766909516,15.90939024,19,T,1.565521674,1.536886224,2.28761521,H,0.083481331,1,0.140908895,0.141790128,0.196894867,180 H,1,0.116849102
116,180,E2: A domain,2.766909516,15.90939024,19,T,1.565521674,1.536886224,2.28761521,I,0.025971709,1,-0.190254941,0.110887804,0.220351351,180 I,1,-0.719569633
116,180,E2: A domain,2.766909516,15.90939024,19,T,1.565521674,1.536886224,2.28761521,K,0.013192106,1,-2.027488242,-2.459106573,-2.005924335,180 K,1,0.590477275
116,180,E2: A domain,2.766909516,15.90939024,19,T,1.565521674,1.536886224,2.28761521,L,0.054743559,1,-0.088233342,0.164735327,0.165409297,180 L,1,0.5047162
116,180,E2: A domain,2.766909516,15.90939024,19,T,1.565521674,1.536886224,2.28761521,M,0.050583319,1,0.183486025,-0.251722251,0.244810484,180 M,1,0.412028787
116,180,E2: A domain,2.766909516,15.90939024,19,T,1.565521674,1.536886224,2.28761521,N,2.93E-06,1,-0.000930459,-0.001549449,-0.00023359,180 N,0,-2.176121326
116,180,E2: A domain,2.766909516,15.90939024,19,T,1.565521674,1.536886224,2.28761521,P,0.003402829,1,-0.019166987,0.246556704,0.036454065,180 P,1,0.649020713
116,180,E2: A domain,2.766909516,15.90939024,19,T,1.565521674,1.536886224,2.28761521,Q,0.069979789,1,0.04029898,0.179345883,-0.312331394,180 Q,1,-0.327555573
116,180,E2: A domain,2.766909516,15.90939024,19,T,1.565521674,1.536886224,2.28761521,R,0.058724883,1,-1.760822962,-2.168657918,-1.61092803,180 R,1,0.131536415
116,180,E2: A domain,2.766909516,15.90939024,19,T,1.565521674,1.536886224,2.28761521,S,0.040301713,1,0.065413132,0.063674235,0.176214254,180 S,1,0.391706031
116,180,E2: A domain,2.766909516,15.90939024,19,T,1.565521674,1.536886224,2.28761521,T,0.050325316,1,NA,NA,NA,180 T,1,0
116,180,E2: A domain,2.766909516,15.90939024,19,T,1.565521674,1.536886224,2.28761521,V,0.084059695,1,0.121790591,-0.297715736,0.107328882,180 V,1,0.079409604
116,180,E2: A domain,2.766909516,15.90939024,19,T,1.565521674,1.536886224,2.28761521,W,0.095645453,1,0.427361312,0.061944623,-0.079131253,180 W,1,0.658039328
116,180,E2: A domain,2.766909516,15.90939024,19,T,1.565521674,1.536886224,2.28761521,Y,0.069170143,1,0.27614922,0.106841465,0.313589143,180 Y,1,0.261004469
117,181,E2: A domain,0.971395042,2.641627071,7,D,0,0,0,A,0.000123856,1,-0.001635079,-0.001464411,-0.001550564,181 A,0,-0.773767948
117,181,E2: A domain,0.971395042,2.641627071,7,D,0,0,0,C,0.67212323,1,-2.690666389,-1.765507865,-2.417522582,181 C,1,-0.652551931
117,181,E2: A domain,0.971395042,2.641627071,7,D,0,0,0,D,0.039373155,1,NA,NA,NA,181 D,1,0
117,181,E2: A domain,0.971395042,2.641627071,7,D,0,0,0,E,2.22E-06,1,-0.001635079,-0.001464411,-0.001550564,181 E,0,0.611946803
117,181,E2: A domain,0.971395042,2.641627071,7,D,0,0,0,F,0.003902261,1,-5.331141094,-5.328761892,-5.361084817,181 F,1,0.905422554
117,181,E2: A domain,0.971395042,2.641627071,7,D,0,0,0,G,0.040063166,1,-1.19740452,-0.678093337,-0.176063888,181 G,1,-0.778669172
117,181,E2: A domain,0.971395042,2.641627071,7,D,0,0,0,H,5.46E-05,1,-2.201902005,-2.202837259,-2.21132001,181 H,0,0.834224271
117,181,E2: A domain,0.971395042,2.641627071,7,D,0,0,0,I,0.000210012,1,-0.001635079,-0.001464411,-0.001550564,181 I,0,0.08671327
117,181,E2: A domain,0.971395042,2.641627071,7,D,0,0,0,K,1.28E-05,1,-0.001635079,-0.001464411,-0.001550564,181 K,0,-0.351397932
117,181,E2: A domain,0.971395042,2.641627071,7,D,0,0,0,L,0.003817163,1,-1.564123168,-5.997326638,-1.123156439,181 L,1,-0.310122847
117,181,E2: A domain,0.971395042,2.641627071,7,D,0,0,0,M,9.47E-05,1,-0.001635079,-0.001464411,-0.001550564,181 M,0,0.20805535
117,181,E2: A domain,0.971395042,2.641627071,7,D,0,0,0,N,0.225512332,1,-0.18090581,-0.20167054,-0.48494915,181 N,1,-1.572398624
117,181,E2: A domain,0.971395042,2.641627071,7,D,0,0,0,P,3.94E-05,1,-2.242608661,-2.239164188,-2.262395067,181 P,0,-1.583228385
117,181,E2: A domain,0.971395042,2.641627071,7,D,0,0,0,Q,0.00014032,1,-0.001635079,-0.001464411,-0.001550564,181 Q,0,0.187863667
117,181,E2: A domain,0.971395042,2.641627071,7,D,0,0,0,R,3.90E-05,1,-0.001635079,-0.001464411,-0.001550564,181 R,0,-0.328995969
117,181,E2: A domain,0.971395042,2.641627071,7,D,0,0,0,S,0.01426,1,-0.144804853,-0.550012154,-0.149953497,181 S,1,-1.52108078
117,181,E2: A domain,0.971395042,2.641627071,7,D,0,0,0,T,0.000119349,1,-0.001635079,-0.001464411,-0.001550564,181 T,0,-0.213136293
117,181,E2: A domain,0.971395042,2.641627071,7,D,0,0,0,V,5.54E-05,1,-0.001635079,-0.001464411,-0.001550564,181 V,0,0.95626217
117,181,E2: A domain,0.971395042,2.641627071,7,D,0,0,0,W,5.12E-05,1,-0.001635079,-0.001464411,-0.001550564,181 W,0,-0.648596146
117,181,E2: A domain,0.971395042,2.641627071,7,D,0,0,0,Y,5.69E-06,1,-0.001635079,-0.001464411,-0.001550564,181 Y,0,0.015875662
118,182,E2: A domain,2.556216981,12.88697332,12,G,2.853029761,4.964163502,1.265505196,A,0.038992167,1,-0.121266755,0.225515147,-0.100662059,182 A,1,-0.601143193
118,182,E2: A domain,2.556216981,12.88697332,12,G,2.853029761,4.964163502,1.265505196,C,4.02E-06,1,0.000176432,0.001260748,-0.000352173,182 C,0,-0.067668848
118,182,E2: A domain,2.556216981,12.88697332,12,G,2.853029761,4.964163502,1.265505196,D,0.048798816,1,1.262983632,1.530514715,0.515787477,182 D,1,-1.672832362
118,182,E2: A domain,2.556216981,12.88697332,12,G,2.853029761,4.964163502,1.265505196,E,0.051992236,1,0.000176432,0.001260748,-0.000352173,182 E,0,-0.732719795
118,182,E2: A domain,2.556216981,12.88697332,12,G,2.853029761,4.964163502,1.265505196,F,0.052551982,1,0.405615353,0.076068768,0.02904809,182 F,1,1.047688746
118,182,E2: A domain,2.556216981,12.88697332,12,G,2.853029761,4.964163502,1.265505196,G,0.04781555,1,NA,NA,NA,182 G,1,0
118,182,E2: A domain,2.556216981,12.88697332,12,G,2.853029761,4.964163502,1.265505196,H,0.123890046,1,-0.79793665,1.050993269,-1.015540808,182 H,1,-0.593658057
118,182,E2: A domain,2.556216981,12.88697332,12,G,2.853029761,4.964163502,1.265505196,I,0.000101612,1,0.000176432,0.001260748,-0.000352173,182 I,0,0.43711205
118,182,E2: A domain,2.556216981,12.88697332,12,G,2.853029761,4.964163502,1.265505196,K,0.023648955,1,-4.554501142,0.608192496,-4.584116295,182 K,1,-1.532001989
118,182,E2: A domain,2.556216981,12.88697332,12,G,2.853029761,4.964163502,1.265505196,L,0.081352556,1,0.318888624,-0.508381036,0.077533301,182 L,1,-0.926179875
118,182,E2: A domain,2.556216981,12.88697332,12,G,2.853029761,4.964163502,1.265505196,M,0.092852024,1,0.326801125,0.485156762,0.461897641,182 M,1,0.384383044
118,182,E2: A domain,2.556216981,12.88697332,12,G,2.853029761,4.964163502,1.265505196,N,4.73E-05,1,0.000176432,0.001260748,-0.000352173,182 N,0,-0.488058028
118,182,E2: A domain,2.556216981,12.88697332,12,G,2.853029761,4.964163502,1.265505196,P,0.060056525,1,-0.72606724,0.170567952,-0.650733906,182 P,1,-0.853663473
118,182,E2: A domain,2.556216981,12.88697332,12,G,2.853029761,4.964163502,1.265505196,Q,0.158913134,1,0.460352977,0.648548219,0.155539828,182 Q,1,0.283975177
118,182,E2: A domain,2.556216981,12.88697332,12,G,2.853029761,4.964163502,1.265505196,R,1.58E-05,1,0.000176432,0.001260748,-0.000352173,182 R,0,0.153309588
118,182,E2: A domain,2.556216981,12.88697332,12,G,2.853029761,4.964163502,1.265505196,S,0.116826603,1,0.076976595,0.158520188,0.025698859,182 S,1,0.048033707
118,182,E2: A domain,2.556216981,12.88697332,12,G,2.853029761,4.964163502,1.265505196,T,0.023236637,1,-0.069338374,-0.206392532,-0.351466322,182 T,1,0.184241146
118,182,E2: A domain,2.556216981,12.88697332,12,G,2.853029761,4.964163502,1.265505196,V,0.036143524,1,0.000176432,0.001260748,-0.000352173,182 V,0,-2.348740839
118,182,E2: A domain,2.556216981,12.88697332,12,G,2.853029761,4.964163502,1.265505196,W,0.042699988,1,0.000176432,0.001260748,-0.000352173,182 W,0,-0.199694464
118,182,E2: A domain,2.556216981,12.88697332,12,G,2.853029761,4.964163502,1.265505196,Y,6.06E-05,1,0.000176432,0.001260748,-0.000352173,182 Y,0,-0.706773759
119,183,E2: A domain,2.436342336,11.43115287,12,R,1.923375612,2.258334313,2.115372901,A,0.117987578,1,-0.568420824,-0.360858801,-0.38303882,183 A,1,-0.998562429
119,183,E2: A domain,2.436342336,11.43115287,12,R,1.923375612,2.258334313,2.115372901,C,4.61E-05,1,0.000267462,-7.17E-05,0.000327564,183 C,0,1.247750575
119,183,E2: A domain,2.436342336,11.43115287,12,R,1.923375612,2.258334313,2.115372901,D,0.018172729,1,0.450904013,-0.494919473,0.423257947,183 D,1,-0.468916724
119,183,E2: A domain,2.436342336,11.43115287,12,R,1.923375612,2.258334313,2.115372901,E,0.000146475,1,0.000267462,-7.17E-05,0.000327564,183 E,0,0.128749004
119,183,E2: A domain,2.436342336,11.43115287,12,R,1.923375612,2.258334313,2.115372901,F,0.082795035,1,-0.148900336,0.038221721,0.114159474,183 F,1,-2.191901706
119,183,E2: A domain,2.436342336,11.43115287,12,R,1.923375612,2.258334313,2.115372901,G,0.042332658,1,0.190581045,-0.534058824,0.118302153,183 G,1,-0.245453558
119,183,E2: A domain,2.436342336,11.43115287,12,R,1.923375612,2.258334313,2.115372901,H,0.053801542,1,0.000267462,-7.17E-05,0.000327564,183 H,0,0.286370676
119,183,E2: A domain,2.436342336,11.43115287,12,R,1.923375612,2.258334313,2.115372901,I,5.59E-05,1,0.000267462,-7.17E-05,0.000327564,183 I,0,-0.211410526
119,183,E2: A domain,2.436342336,11.43115287,12,R,1.923375612,2.258334313,2.115372901,K,0.066871989,1,-0.632296863,1.192348966,-0.638052095,183 K,1,-3.123514081
119,183,E2: A domain,2.436342336,11.43115287,12,R,1.923375612,2.258334313,2.115372901,L,0.136058153,1,0.030510296,0.108387943,-0.092084551,183 L,1,-0.288633255
119,183,E2: A domain,2.436342336,11.43115287,12,R,1.923375612,2.258334313,2.115372901,M,2.90E-06,1,0.000267462,-7.17E-05,0.000327564,183 M,0,-0.662212041
119,183,E2: A domain,2.436342336,11.43115287,12,R,1.923375612,2.258334313,2.115372901,N,0.029935329,1,0.543003513,0.4731025,-0.012256577,183 N,1,-0.578587289
119,183,E2: A domain,2.436342336,11.43115287,12,R,1.923375612,2.258334313,2.115372901,P,0.080411131,1,0.205986426,0.446273183,0.279668954,183 P,1,0.532413143
119,183,E2: A domain,2.436342336,11.43115287,12,R,1.923375612,2.258334313,2.115372901,Q,0.025667768,1,0.195728292,-0.268864776,0.137593268,183 Q,1,0.030063479
119,183,E2: A domain,2.436342336,11.43115287,12,R,1.923375612,2.258334313,2.115372901,R,0.081475574,1,NA,NA,NA,183 R,1,0
119,183,E2: A domain,2.436342336,11.43115287,12,R,1.923375612,2.258334313,2.115372901,S,0.000194589,1,0.000267462,-7.17E-05,0.000327564,183 S,0,-0.659545655
119,183,E2: A domain,2.436342336,11.43115287,12,R,1.923375612,2.258334313,2.115372901,T,0.194874371,1,0.304522328,-0.334471923,1.039770594,183 T,1,-0.128848408
119,183,E2: A domain,2.436342336,11.43115287,12,R,1.923375612,2.258334313,2.115372901,V,0.031771081,1,-0.279128992,-1.265818772,-0.122197238,183 V,1,-0.137729389
119,183,E2: A domain,2.436342336,11.43115287,12,R,1.923375612,2.258334313,2.115372901,W,0.037331433,1,0.000267462,-7.17E-05,0.000327564,183 W,0,-0.730237172
119,183,E2: A domain,2.436342336,11.43115287,12,R,1.923375612,2.258334313,2.115372901,Y,6.77E-05,1,0.000267462,-7.17E-05,0.000327564,183 Y,0,0.075069576
120,184,E2: A domain,2.294193277,9.916432973,12,K,4.39462513,1.887132259,2.830166649,A,0.036496677,1,-0.086261065,0.481176114,-0.030809206,184 A,1,0.042650424
120,184,E2: A domain,2.294193277,9.916432973,12,K,4.39462513,1.887132259,2.830166649,C,5.63E-05,1,0.000152872,0.000714257,2.214203344,184 C,0,1.712455358
120,184,E2: A domain,2.294193277,9.916432973,12,K,4.39462513,1.887132259,2.830166649,D,9.68E-05,1,-2.286865165,0.112999287,-2.305717269,184 D,0,0.97491836
120,184,E2: A domain,2.294193277,9.916432973,12,K,4.39462513,1.887132259,2.830166649,E,0.024474121,1,-1.502057627,-0.283574293,-0.029877321,184 E,1,0.281454882
120,184,E2: A domain,2.294193277,9.916432973,12,K,4.39462513,1.887132259,2.830166649,F,0.197790807,1,-0.069188668,-0.055465531,-0.025137926,184 F,1,-0.295490052
120,184,E2: A domain,2.294193277,9.916432973,12,K,4.39462513,1.887132259,2.830166649,G,0.120878478,1,0.050794904,0.488725367,-0.073720966,184 G,1,-0.152603397
120,184,E2: A domain,2.294193277,9.916432973,12,K,4.39462513,1.887132259,2.830166649,H,0.000468448,1,0.000152872,0.000714257,1.34E-05,184 H,0,0.39109604
120,184,E2: A domain,2.294193277,9.916432973,12,K,4.39462513,1.887132259,2.830166649,I,0.080304924,1,0.478886777,0.159525493,0.327478897,184 I,1,0.444036911
120,184,E2: A domain,2.294193277,9.916432973,12,K,4.39462513,1.887132259,2.830166649,K,0.096166436,1,NA,NA,NA,184 K,1,0
120,184,E2: A domain,2.294193277,9.916432973,12,K,4.39462513,1.887132259,2.830166649,L,0.020398881,1,-0.440698303,-0.275202017,-0.026582389,184 L,1,3.000786959
120,184,E2: A domain,2.294193277,9.916432973,12,K,4.39462513,1.887132259,2.830166649,M,0.047333148,1,0.000152872,0.000714257,1.34E-05,184 M,0,0.711618551
120,184,E2: A domain,2.294193277,9.916432973,12,K,4.39462513,1.887132259,2.830166649,N,3.96E-06,1,0.000152872,0.000714257,1.34E-05,184 N,0,0.31652362
120,184,E2: A domain,2.294193277,9.916432973,12,K,4.39462513,1.887132259,2.830166649,P,9.47E-05,1,0.000152872,0.000714257,1.34E-05,184 P,0,-0.172966313
120,184,E2: A domain,2.294193277,9.916432973,12,K,4.39462513,1.887132259,2.830166649,Q,0.04569036,1,0.000152872,0.000714257,1.34E-05,184 Q,0,-0.667911332
120,184,E2: A domain,2.294193277,9.916432973,12,K,4.39462513,1.887132259,2.830166649,R,0.020334743,1,-0.347753901,-0.729120363,-0.16859787,184 R,1,-0.708062858
120,184,E2: A domain,2.294193277,9.916432973,12,K,4.39462513,1.887132259,2.830166649,S,0.068389492,1,-0.013166171,0.449842398,-0.008226348,184 S,1,-0.122484549
120,184,E2: A domain,2.294193277,9.916432973,12,K,4.39462513,1.887132259,2.830166649,T,0.214374808,1,0.248893421,0.008074979,0.017468689,184 T,1,0.860125504
120,184,E2: A domain,2.294193277,9.916432973,12,K,4.39462513,1.887132259,2.830166649,V,0.014021412,1,0.147250047,-0.175171001,0.27093535,184 V,1,-0.52162356
120,184,E2: A domain,2.294193277,9.916432973,12,K,4.39462513,1.887132259,2.830166649,W,0.012576585,1,-0.525212224,0.181788822,-0.407510632,184 W,1,0.635592733
120,184,E2: A domain,2.294193277,9.916432973,12,K,4.39462513,1.887132259,2.830166649,Y,4.90E-05,1,3.467882746,0.000714257,1.34E-05,184 Y,0,-0.245469789
121,185,E2: A domain,2.578862402,13.18213366,11,I,2.302166682,1.956343973,0.845433669,A,5.50E-05,1,0.000738857,0.000623086,0.000533323,185 A,0,-1.175983124
121,185,E2: A domain,2.578862402,13.18213366,11,I,2.302166682,1.956343973,0.845433669,C,5.38E-05,1,0.000738857,0.000623086,0.000533323,185 C,0,-0.061195262
121,185,E2: A domain,2.578862402,13.18213366,11,I,2.302166682,1.956343973,0.845433669,D,0.046797704,1,0.000738857,0.000623086,0.000533323,185 D,0,0.383773661
121,185,E2: A domain,2.578862402,13.18213366,11,I,2.302166682,1.956343973,0.845433669,E,0.00011392,1,0.000738857,0.000623086,0.000533323,185 E,0,0.488383376
121,185,E2: A domain,2.578862402,13.18213366,11,I,2.302166682,1.956343973,0.845433669,F,0.112506174,1,0.353110934,0.371708044,-0.152079759,185 F,1,-0.902272778
121,185,E2: A domain,2.578862402,13.18213366,11,I,2.302166682,1.956343973,0.845433669,G,0.040373767,1,0.47770526,0.573529996,-0.065265203,185 G,1,1.628745367
121,185,E2: A domain,2.578862402,13.18213366,11,I,2.302166682,1.956343973,0.845433669,H,0.011072867,1,-0.508227064,-5.482855097,-0.467962644,185 H,1,0.932682478
121,185,E2: A domain,2.578862402,13.18213366,11,I,2.302166682,1.956343973,0.845433669,I,0.034645973,1,NA,NA,NA,185 I,1,0
121,185,E2: A domain,2.578862402,13.18213366,11,I,2.302166682,1.956343973,0.845433669,K,0.041886845,1,0.500669575,0.115692802,-0.258622749,185 K,1,-2.044171836
121,185,E2: A domain,2.578862402,13.18213366,11,I,2.302166682,1.956343973,0.845433669,L,5.33E-05,1,0.000738857,0.000623086,0.000533323,185 L,0,0.770218211
121,185,E2: A domain,2.578862402,13.18213366,11,I,2.302166682,1.956343973,0.845433669,M,0.045960156,1,0.000738857,0.000623086,0.000533323,185 M,0,0.786190718
121,185,E2: A domain,2.578862402,13.18213366,11,I,2.302166682,1.956343973,0.845433669,N,0.079973479,1,0.382767697,0.299208398,0.57830434,185 N,1,-0.63135234
121,185,E2: A domain,2.578862402,13.18213366,11,I,2.302166682,1.956343973,0.845433669,P,0.049482523,1,0.000738857,0.000623086,0.000533323,185 P,0,0.05403791
121,185,E2: A domain,2.578862402,13.18213366,11,I,2.302166682,1.956343973,0.845433669,Q,0.053364261,1,0.000738857,0.000623086,0.000533323,185 Q,0,0.389659126
121,185,E2: A domain,2.578862402,13.18213366,11,I,2.302166682,1.956343973,0.845433669,R,0.067403349,1,-0.350667682,-0.111739226,-0.161573089,185 R,1,-0.297795132
121,185,E2: A domain,2.578862402,13.18213366,11,I,2.302166682,1.956343973,0.845433669,S,0.13119457,1,0.303749446,0.219160616,0.262329419,185 S,1,-0.177049711
121,185,E2: A domain,2.578862402,13.18213366,11,I,2.302166682,1.956343973,0.845433669,T,0.04191436,1,0.277514053,0.167413013,-0.308823258,185 T,1,-1.136913322
121,185,E2: A domain,2.578862402,13.18213366,11,I,2.302166682,1.956343973,0.845433669,V,0.177553803,1,-1.05585151,0.204023326,-0.901244608,185 V,1,0.803218305
121,185,E2: A domain,2.578862402,13.18213366,11,I,2.302166682,1.956343973,0.845433669,W,0.023471747,1,-4.810836628,-4.803009484,-4.83981754,185 W,1,-1.772867077
121,185,E2: A domain,2.578862402,13.18213366,11,I,2.302166682,1.956343973,0.845433669,Y,0.04212236,1,0.000738857,0.000623086,0.000533323,185 Y,0,0.139094519
122,186,E2: A domain,2.895657946,18.09540332,18,S,0.610851461,2.662522442,1.763626195,A,0.071332725,1,-0.013266736,0.051244454,-0.038411461,186 A,1,-0.137169684
122,186,E2: A domain,2.895657946,18.09540332,18,S,0.610851461,2.662522442,1.763626195,C,0.048590929,1,-0.00145763,-0.000501904,-0.001460281,186 C,0,0.540357426
122,186,E2: A domain,2.895657946,18.09540332,18,S,0.610851461,2.662522442,1.763626195,D,0.022501309,1,-0.162331388,-0.191628415,0.489043156,186 D,1,1.300730305
122,186,E2: A domain,2.895657946,18.09540332,18,S,0.610851461,2.662522442,1.763626195,E,0.054350859,1,0.192122979,0.170096645,0.264230341,186 E,1,0.085836622
122,186,E2: A domain,2.895657946,18.09540332,18,S,0.610851461,2.662522442,1.763626195,F,0.030798559,1,0.002045257,-0.452572276,-0.392185716,186 F,1,-0.613454776
122,186,E2: A domain,2.895657946,18.09540332,18,S,0.610851461,2.662522442,1.763626195,G,0.035283393,1,-0.031134835,-0.251508727,-0.034385079,186 G,1,1.03514437
122,186,E2: A domain,2.895657946,18.09540332,18,S,0.610851461,2.662522442,1.763626195,H,0.072834051,1,0.208704917,0.023781848,0.294348716,186 H,1,0.222849858
122,186,E2: A domain,2.895657946,18.09540332,18,S,0.610851461,2.662522442,1.763626195,I,0.0495866,1,-0.00145763,-0.000501904,-0.001460281,186 I,0,0.370899836
122,186,E2: A domain,2.895657946,18.09540332,18,S,0.610851461,2.662522442,1.763626195,K,0.021226388,1,-0.018333833,-0.586608921,-0.020845381,186 K,1,0.19426464
122,186,E2: A domain,2.895657946,18.09540332,18,S,0.610851461,2.662522442,1.763626195,L,0.05277133,1,0.148260015,0.335537194,0.052277838,186 L,1,0.272140405
122,186,E2: A domain,2.895657946,18.09540332,18,S,0.610851461,2.662522442,1.763626195,M,0.050072998,1,-0.007906619,0.300820331,0.033815681,186 M,1,-0.594710893
122,186,E2: A domain,2.895657946,18.09540332,18,S,0.610851461,2.662522442,1.763626195,N,0.072788433,1,0.035738057,-0.042964726,0.096097309,186 N,1,0.642061048
122,186,E2: A domain,2.895657946,18.09540332,18,S,0.610851461,2.662522442,1.763626195,P,0.010773569,1,-0.053208341,-0.496596797,0.44618746,186 P,1,-0.8444288
122,186,E2: A domain,2.895657946,18.09540332,18,S,0.610851461,2.662522442,1.763626195,Q,0.100362467,1,-0.512266555,0.398045427,-0.270532714,186 Q,1,0.041369555
122,186,E2: A domain,2.895657946,18.09540332,18,S,0.610851461,2.662522442,1.763626195,R,0.046629649,1,-0.161012099,0.244584267,-0.163822679,186 R,1,-0.164818417
122,186,E2: A domain,2.895657946,18.09540332,18,S,0.610851461,2.662522442,1.763626195,S,0.043933404,1,NA,NA,NA,186 S,1,0
122,186,E2: A domain,2.895657946,18.09540332,18,S,0.610851461,2.662522442,1.763626195,T,0.027161544,1,-0.672730854,0.721314573,-0.176028884,186 T,1,-0.973957498
122,186,E2: A domain,2.895657946,18.09540332,18,S,0.610851461,2.662522442,1.763626195,V,0.081203903,1,-0.337284655,-0.621025453,-0.48028284,186 V,1,0.145493888
122,186,E2: A domain,2.895657946,18.09540332,18,S,0.610851461,2.662522442,1.763626195,W,0.042653728,1,-0.296524893,0.417097703,-0.245969084,186 W,1,-0.761402498
122,186,E2: A domain,2.895657946,18.09540332,18,S,0.610851461,2.662522442,1.763626195,Y,0.065144164,1,0.023980235,-0.225821085,0.087625695,186 Y,1,0.24294691
123,187,E2: A domain,0.700202978,2.014161497,11,H,0.95470742,3.837330385,0.465345076,A,0.052084018,1,-0.000103119,0.000388436,-8.78E-05,187 A,0,0.005630763
123,187,E2: A domain,0.700202978,2.014161497,11,H,0.95470742,3.837330385,0.465345076,C,2.63E-05,1,-0.000103119,0.000388436,-8.78E-05,187 C,0,0.685383907
123,187,E2: A domain,0.700202978,2.014161497,11,H,0.95470742,3.837330385,0.465345076,D,8.79E-06,1,-0.000103119,0.000388436,-8.78E-05,187 D,0,-0.15900315
123,187,E2: A domain,0.700202978,2.014161497,11,H,0.95470742,3.837330385,0.465345076,E,0.04718549,1,0.153017157,0.000388436,-8.78E-05,187 E,0,0.338229807
123,187,E2: A domain,0.700202978,2.014161497,11,H,0.95470742,3.837330385,0.465345076,F,0.00290678,1,0.1935921,0.471098703,-0.28721154,187 F,1,-1.298580863
123,187,E2: A domain,0.700202978,2.014161497,11,H,0.95470742,3.837330385,0.465345076,G,2.74E-06,1,-0.000103119,0.000388436,-8.78E-05,187 G,0,-0.418060387
123,187,E2: A domain,0.700202978,2.014161497,11,H,0.95470742,3.837330385,0.465345076,H,0.004201275,1,NA,NA,NA,187 H,1,0
123,187,E2: A domain,0.700202978,2.014161497,11,H,0.95470742,3.837330385,0.465345076,I,0.006476802,1,-3.160341545,0.688294933,-3.214977137,187 I,1,-0.108585663
123,187,E2: A domain,0.700202978,2.014161497,11,H,0.95470742,3.837330385,0.465345076,K,0.016771656,1,-0.090924145,0.355733587,0.178218665,187 K,1,0.4982529
123,187,E2: A domain,0.700202978,2.014161497,11,H,0.95470742,3.837330385,0.465345076,L,5.75E-06,1,-0.000103119,0.000388436,-8.78E-05,187 L,0,-0.74033492
123,187,E2: A domain,0.700202978,2.014161497,11,H,0.95470742,3.837330385,0.465345076,M,0.003855032,1,0.448282902,1.240970075,-0.059093774,187 M,1,-0.794490529
123,187,E2: A domain,0.700202978,2.014161497,11,H,0.95470742,3.837330385,0.465345076,N,5.69E-05,1,-0.800832701,-0.262423676,-3.160039317,187 N,1,-1.923279242
123,187,E2: A domain,0.700202978,2.014161497,11,H,0.95470742,3.837330385,0.465345076,P,0.001077269,1,-0.657239201,-0.644025847,-0.759274887,187 P,1,-1.249850703
123,187,E2: A domain,0.700202978,2.014161497,11,H,0.95470742,3.837330385,0.465345076,Q,0.847167131,1,-0.02933066,0.369788917,-0.020837005,187 Q,1,-0.84091293
123,187,E2: A domain,0.700202978,2.014161497,11,H,0.95470742,3.837330385,0.465345076,R,0.002797642,1,0.159815261,-0.670752631,-0.018262267,187 R,1,-0.207335307
123,187,E2: A domain,0.700202978,2.014161497,11,H,0.95470742,3.837330385,0.465345076,S,0.005166575,1,-0.192396819,0.479153996,0.287126412,187 S,1,-0.220083243
123,187,E2: A domain,0.700202978,2.014161497,11,H,0.95470742,3.837330385,0.465345076,T,1.67E-05,1,-0.000103119,0.000388436,-8.78E-05,187 T,0,-0.366218418
123,187,E2: A domain,0.700202978,2.014161497,11,H,0.95470742,3.837330385,0.465345076,V,6.08E-06,1,-0.000103119,0.000388436,-8.78E-05,187 V,0,-0.237387175
123,187,E2: A domain,0.700202978,2.014161497,11,H,0.95470742,3.837330385,0.465345076,W,8.33E-06,1,-0.000103119,0.000388436,-8.78E-05,187 W,0,0.268954483
123,187,E2: A domain,0.700202978,2.014161497,11,H,0.95470742,3.837330385,0.465345076,Y,0.010178742,1,-0.041427185,0.228794253,-0.024690822,187 Y,1,0.439777294
124,188,E2: A domain,1.04347827,2.839074931,11,S,1.641042956,1.062300013,1.200744145,A,0.03487298,1,-0.02263437,-0.442553441,-0.045542161,188 A,1,0.256408257
124,188,E2: A domain,1.04347827,2.839074931,11,S,1.641042956,1.062300013,1.200744145,C,1.42E-05,1,0.000186268,-0.000129778,0.000151087,188 C,0,-0.031671626
124,188,E2: A domain,1.04347827,2.839074931,11,S,1.641042956,1.062300013,1.200744145,D,7.23E-05,1,0.000186268,-0.000129778,0.000151087,188 D,0,-0.182516899
124,188,E2: A domain,1.04347827,2.839074931,11,S,1.641042956,1.062300013,1.200744145,E,9.62E-05,1,0.000186268,-0.000129778,0.000151087,188 E,0,0.058321992
124,188,E2: A domain,1.04347827,2.839074931,11,S,1.641042956,1.062300013,1.200744145,F,0.026158102,1,0.114163587,-0.251231755,-0.20248321,188 F,1,0.117877247
124,188,E2: A domain,1.04347827,2.839074931,11,S,1.641042956,1.062300013,1.200744145,G,0.012461832,1,0.358313058,0.112096265,0.328953246,188 G,1,0.301731902
124,188,E2: A domain,1.04347827,2.839074931,11,S,1.641042956,1.062300013,1.200744145,H,0.021748138,1,0.100494145,0.016578645,0.022461271,188 H,1,0.007416669
124,188,E2: A domain,1.04347827,2.839074931,11,S,1.641042956,1.062300013,1.200744145,I,0.000116236,1,0.000186268,-0.000129778,0.000151087,188 I,0,-1.166389927
124,188,E2: A domain,1.04347827,2.839074931,11,S,1.641042956,1.062300013,1.200744145,K,4.10E-05,1,-0.066629158,-2.332085583,-2.355085071,188 K,0,1.471845846
124,188,E2: A domain,1.04347827,2.839074931,11,S,1.641042956,1.062300013,1.200744145,L,0.001540072,1,0.538607228,-0.055282198,0.098305028,188 L,1,0.107436186
124,188,E2: A domain,1.04347827,2.839074931,11,S,1.641042956,1.062300013,1.200744145,M,4.29E-05,1,0.000186268,-0.000129778,0.000151087,188 M,0,0.151748196
124,188,E2: A domain,1.04347827,2.839074931,11,S,1.641042956,1.062300013,1.200744145,N,0.003163544,1,-0.549710077,-3.144664128,-0.069173793,188 N,1,-0.512963096
124,188,E2: A domain,1.04347827,2.839074931,11,S,1.641042956,1.062300013,1.200744145,P,0.027882934,1,-0.243087867,0.742014273,0.46648748,188 P,1,-2.516645749
124,188,E2: A domain,1.04347827,2.839074931,11,S,1.641042956,1.062300013,1.200744145,Q,0.007832811,1,0.463593168,-1.153042454,0.135218196,188 Q,1,-1.23321211
124,188,E2: A domain,1.04347827,2.839074931,11,S,1.641042956,1.062300013,1.200744145,R,0.032850905,1,0.064381629,0.191610829,0.148110231,188 R,1,0.195087109
124,188,E2: A domain,1.04347827,2.839074931,11,S,1.641042956,1.062300013,1.200744145,S,0.014027946,1,NA,NA,NA,188 S,1,0
124,188,E2: A domain,1.04347827,2.839074931,11,S,1.641042956,1.062300013,1.200744145,T,0.049244858,1,0.000186268,-0.000129778,0.000151087,188 T,0,-0.651806123
124,188,E2: A domain,1.04347827,2.839074931,11,S,1.641042956,1.062300013,1.200744145,V,9.64E-06,1,0.000186268,-0.000129778,0.000151087,188 V,0,-0.04729216
124,188,E2: A domain,1.04347827,2.839074931,11,S,1.641042956,1.062300013,1.200744145,W,2.73E-05,1,0.000186268,-0.000129778,0.000151087,188 W,0,-0.076124078
124,188,E2: A domain,1.04347827,2.839074931,11,S,1.641042956,1.062300013,1.200744145,Y,0.767796022,1,-3.415479989,-3.558986058,-0.005103146,188 Y,1,0.559557786
125,189,E2: A domain,1.156584467,3.179056539,2,C,0,0.195835608,0.071770424,A,0.002052663,1,-6.65E-06,9.44E-06,5.86E-06,189 A,0,-0.297509594
125,189,E2: A domain,1.156584467,3.179056539,2,C,0,0.195835608,0.071770424,C,0.723851824,1,NA,NA,NA,189 C,1,0
125,189,E2: A domain,1.156584467,3.179056539,2,C,0,0.195835608,0.071770424,D,0.000922516,1,-6.65E-06,9.44E-06,5.86E-06,189 D,0,-0.082148422
125,189,E2: A domain,1.156584467,3.179056539,2,C,0,0.195835608,0.071770424,E,0.005479777,1,-6.65E-06,9.44E-06,5.86E-06,189 E,0,-0.48508084
125,189,E2: A domain,1.156584467,3.179056539,2,C,0,0.195835608,0.071770424,F,0.047792171,1,-6.65E-06,9.44E-06,5.86E-06,189 F,0,-2.979606058
125,189,E2: A domain,1.156584467,3.179056539,2,C,0,0.195835608,0.071770424,G,0.050134291,1,-6.65E-06,9.44E-06,5.86E-06,189 G,0,0.342029327
125,189,E2: A domain,1.156584467,3.179056539,2,C,0,0.195835608,0.071770424,H,0.000520121,1,-6.65E-06,9.44E-06,5.86E-06,189 H,0,0.125580958
125,189,E2: A domain,1.156584467,3.179056539,2,C,0,0.195835608,0.071770424,I,0.049528486,1,-6.65E-06,9.44E-06,5.86E-06,189 I,0,0.455205438
125,189,E2: A domain,1.156584467,3.179056539,2,C,0,0.195835608,0.071770424,K,0.000951673,1,-6.65E-06,9.44E-06,5.86E-06,189 K,0,-0.465457427
125,189,E2: A domain,1.156584467,3.179056539,2,C,0,0.195835608,0.071770424,L,0.000549822,1,-6.65E-06,9.44E-06,5.86E-06,189 L,0,-1.15576659
125,189,E2: A domain,1.156584467,3.179056539,2,C,0,0.195835608,0.071770424,M,0.000931678,1,-6.65E-06,9.44E-06,5.86E-06,189 M,0,-0.156999839
125,189,E2: A domain,1.156584467,3.179056539,2,C,0,0.195835608,0.071770424,N,0.000951621,1,-6.65E-06,9.44E-06,5.86E-06,189 N,0,0.332307837
125,189,E2: A domain,1.156584467,3.179056539,2,C,0,0.195835608,0.071770424,P,0.044668071,1,-6.65E-06,9.44E-06,5.86E-06,189 P,0,-1.011815414
125,189,E2: A domain,1.156584467,3.179056539,2,C,0,0.195835608,0.071770424,Q,0.003274345,1,-6.65E-06,9.44E-06,5.86E-06,189 Q,0,0.187101057
125,189,E2: A domain,1.156584467,3.179056539,2,C,0,0.195835608,0.071770424,R,0.000773166,1,-0.152261808,0.195665681,0.071665017,189 R,0,-1.230106581
125,189,E2: A domain,1.156584467,3.179056539,2,C,0,0.195835608,0.071770424,S,0.000778695,1,-6.65E-06,9.44E-06,5.86E-06,189 S,0,-0.269090468
125,189,E2: A domain,1.156584467,3.179056539,2,C,0,0.195835608,0.071770424,T,0.002648606,1,-6.65E-06,9.44E-06,5.86E-06,189 T,0,-0.443599146
125,189,E2: A domain,1.156584467,3.179056539,2,C,0,0.195835608,0.071770424,V,0.000941739,1,-6.65E-06,9.44E-06,5.86E-06,189 V,0,-0.050723756
125,189,E2: A domain,1.156584467,3.179056539,2,C,0,0.195835608,0.071770424,W,0.045691663,1,-6.65E-06,9.44E-06,5.86E-06,189 W,0,2.539221018
125,189,E2: A domain,1.156584467,3.179056539,2,C,0,0.195835608,0.071770424,Y,0.017557073,1,-6.65E-06,9.44E-06,5.86E-06,189 Y,1,0.151750452
126,190,E2: A domain,2.406437384,11.09436569,12,T,3.33601322,7.370899898,1.921509353,A,0.078409772,1,-0.03428375,0.205892485,0.569213142,190 A,1,0.936875716
126,190,E2: A domain,2.406437384,11.09436569,12,T,3.33601322,7.370899898,1.921509353,C,0.023557824,1,2.495315638,2.976406612,0.307323357,190 C,1,-0.904229859
126,190,E2: A domain,2.406437384,11.09436569,12,T,3.33601322,7.370899898,1.921509353,D,0.000147591,1,0.000170398,0.000609936,0.000281165,190 D,0,-0.236753402
126,190,E2: A domain,2.406437384,11.09436569,12,T,3.33601322,7.370899898,1.921509353,E,0.073207646,1,-0.752555596,-0.42251835,-0.057163646,190 E,1,-1.049723753
126,190,E2: A domain,2.406437384,11.09436569,12,T,3.33601322,7.370899898,1.921509353,F,0.000184648,1,0.000170398,0.000609936,0.000281165,190 F,0,-0.184074587
126,190,E2: A domain,2.406437384,11.09436569,12,T,3.33601322,7.370899898,1.921509353,G,0.007770159,1,-0.422334567,-2.493110868,-0.250014628,190 G,1,-2.615226498
126,190,E2: A domain,2.406437384,11.09436569,12,T,3.33601322,7.370899898,1.921509353,H,0.195298421,1,-0.360101228,0.55958149,-0.601640959,190 H,1,-0.879631685
126,190,E2: A domain,2.406437384,11.09436569,12,T,3.33601322,7.370899898,1.921509353,I,0.056922196,1,0.000170398,0.000609936,0.000281165,190 I,0,0.04208697
126,190,E2: A domain,2.406437384,11.09436569,12,T,3.33601322,7.370899898,1.921509353,K,0.044323586,1,0.000170398,0.000609936,0.000281165,190 K,0,0.000146382
126,190,E2: A domain,2.406437384,11.09436569,12,T,3.33601322,7.370899898,1.921509353,L,0.079756863,1,0.226456369,0.551382637,-0.010201303,190 L,1,-0.515090295
126,190,E2: A domain,2.406437384,11.09436569,12,T,3.33601322,7.370899898,1.921509353,M,0.151103184,1,0.340565495,0.426297775,0.627512737,190 M,1,0.714416041
126,190,E2: A domain,2.406437384,11.09436569,12,T,3.33601322,7.370899898,1.921509353,N,0.044091643,1,0.000170398,0.000609936,0.000281165,190 N,0,0.743465436
126,190,E2: A domain,2.406437384,11.09436569,12,T,3.33601322,7.370899898,1.921509353,P,4.34E-05,1,0.000170398,0.000609936,0.000281165,190 P,0,-3.128832394
126,190,E2: A domain,2.406437384,11.09436569,12,T,3.33601322,7.370899898,1.921509353,Q,0.065452884,1,-4.877184801,-2.621542727,-4.907929399,190 Q,1,-0.849822989
126,190,E2: A domain,2.406437384,11.09436569,12,T,3.33601322,7.370899898,1.921509353,R,0.006909031,1,-0.289181139,-0.134241816,0.414929631,190 R,1,2.798656545
126,190,E2: A domain,2.406437384,11.09436569,12,T,3.33601322,7.370899898,1.921509353,S,0.000960679,1,0.000170398,2.610746881,0.000281165,190 S,1,-0.36897061
126,190,E2: A domain,2.406437384,11.09436569,12,T,3.33601322,7.370899898,1.921509353,T,0.072342454,1,NA,NA,NA,190 T,1,0
126,190,E2: A domain,2.406437384,11.09436569,12,T,3.33601322,7.370899898,1.921509353,V,0.099272248,1,0.27214214,0.03571253,-0.129143599,190 V,1,-0.430146899
126,190,E2: A domain,2.406437384,11.09436569,12,T,3.33601322,7.370899898,1.921509353,W,3.62E-05,1,0.000170398,0.000609936,0.000281165,190 W,0,0.010584758
126,190,E2: A domain,2.406437384,11.09436569,12,T,3.33601322,7.370899898,1.921509353,Y,0.000209557,1,0.000170398,0.000609936,0.000281165,190 Y,0,0.301671442
127,191,E2: A domain,1.214986323,3.370247968,9,H,1.211270817,4.262229063,1.337872896,A,1.10E-05,1,0.000115792,2.58559798,0.000450681,191 A,0,-1.246682534
127,191,E2: A domain,1.214986323,3.370247968,9,H,1.211270817,4.262229063,1.337872896,C,0.00421779,1,0.493693779,-1.153722025,0.067481915,191 C,1,-3.073006834
127,191,E2: A domain,1.214986323,3.370247968,9,H,1.211270817,4.262229063,1.337872896,D,1.70E-05,1,0.000115792,0.00063548,0.000450681,191 D,0,1.628342243
127,191,E2: A domain,1.214986323,3.370247968,9,H,1.211270817,4.262229063,1.337872896,E,0.050437842,1,0.000115792,0.00063548,0.000450681,191 E,0,-0.705443637
127,191,E2: A domain,1.214986323,3.370247968,9,H,1.211270817,4.262229063,1.337872896,F,0.001407366,1,0.110894177,-2.820159393,0.005013652,191 F,1,-0.872387799
127,191,E2: A domain,1.214986323,3.370247968,9,H,1.211270817,4.262229063,1.337872896,G,0.004449592,1,-0.078592834,0.167862938,0.074688561,191 G,1,0.046695608
127,191,E2: A domain,1.214986323,3.370247968,9,H,1.211270817,4.262229063,1.337872896,H,0.003096829,1,NA,NA,NA,191 H,1,0
127,191,E2: A domain,1.214986323,3.370247968,9,H,1.211270817,4.262229063,1.337872896,I,1.64E-05,1,0.000115792,0.00063548,0.000450681,191 I,0,-0.103561881
127,191,E2: A domain,1.214986323,3.370247968,9,H,1.211270817,4.262229063,1.337872896,K,2.78E-06,1,0.000115792,0.00063548,0.000450681,191 K,0,0.320830091
127,191,E2: A domain,1.214986323,3.370247968,9,H,1.211270817,4.262229063,1.337872896,L,0.004422998,1,-0.291402906,0.211244848,-0.090216432,191 L,1,-0.005373432
127,191,E2: A domain,1.214986323,3.370247968,9,H,1.211270817,4.262229063,1.337872896,M,0.050022911,1,0.000115792,0.00063548,0.000450681,191 M,0,-0.244650696
127,191,E2: A domain,1.214986323,3.370247968,9,H,1.211270817,4.262229063,1.337872896,N,3.38E-06,1,0.000115792,0.00063548,0.000450681,191 N,0,-0.538398854
127,191,E2: A domain,1.214986323,3.370247968,9,H,1.211270817,4.262229063,1.337872896,P,2.60E-06,1,0.000115792,0.00063548,0.000450681,191 P,0,-1.167696785
127,191,E2: A domain,1.214986323,3.370247968,9,H,1.211270817,4.262229063,1.337872896,Q,0.708351872,1,0.149587386,0.184681743,0.218221244,191 Q,1,0.853493011
127,191,E2: A domain,1.214986323,3.370247968,9,H,1.211270817,4.262229063,1.337872896,R,0.006009944,1,-0.326059429,0.459809914,0.323622126,191 R,1,-0.968865445
127,191,E2: A domain,1.214986323,3.370247968,9,H,1.211270817,4.262229063,1.337872896,S,0.048307952,1,0.000115792,0.00063548,0.000450681,191 S,0,-0.02306628
127,191,E2: A domain,1.214986323,3.370247968,9,H,1.211270817,4.262229063,1.337872896,T,0.008369966,1,0.060254377,0.231504013,0.185578139,191 T,1,-0.299828418
127,191,E2: A domain,1.214986323,3.370247968,9,H,1.211270817,4.262229063,1.337872896,V,0.047733636,1,0.000115792,0.00063548,0.000450681,191 V,0,-0.183991695
127,191,E2: A domain,1.214986323,3.370247968,9,H,1.211270817,4.262229063,1.337872896,W,0.048101947,1,0.000115792,0.00063548,0.000450681,191 W,0,-0.264445857
127,191,E2: A domain,1.214986323,3.370247968,9,H,1.211270817,4.262229063,1.337872896,Y,0.015016219,1,0.39556739,0.41517283,0.458309764,191 Y,1,3.045765575
128,192,E2: A domain,2.46477819,11.76087319,9,P,2.764179199,0.317876869,0.481532824,A,0.052160032,1,0.00023748,0.001253635,0.000130856,192 A,0,0.591332587
128,192,E2: A domain,2.46477819,11.76087319,9,P,2.764179199,0.317876869,0.481532824,C,4.02E-05,1,2.364799365,0.001253635,0.000130856,192 C,0,1.308639885
128,192,E2: A domain,2.46477819,11.76087319,9,P,2.764179199,0.317876869,0.481532824,D,0.122609469,1,-0.004558122,0.037768178,0.006622736,192 D,1,-1.065034967
128,192,E2: A domain,2.46477819,11.76087319,9,P,2.764179199,0.317876869,0.481532824,E,0.050190551,1,0.00023748,0.001253635,0.000130856,192 E,0,-0.241056801
128,192,E2: A domain,2.46477819,11.76087319,9,P,2.764179199,0.317876869,0.481532824,F,0.05398955,1,0.00023748,0.001253635,0.000130856,192 F,0,-1.030893397
128,192,E2: A domain,2.46477819,11.76087319,9,P,2.764179199,0.317876869,0.481532824,G,4.19E-05,1,0.00023748,0.001253635,0.000130856,192 G,0,-0.008578889
128,192,E2: A domain,2.46477819,11.76087319,9,P,2.764179199,0.317876869,0.481532824,H,0.05329172,1,0.00023748,0.001253635,0.000130856,192 H,0,-0.050465213
128,192,E2: A domain,2.46477819,11.76087319,9,P,2.764179199,0.317876869,0.481532824,I,0.01237003,1,-2.457412069,-0.058437965,-0.159685315,192 I,1,2.014663686
128,192,E2: A domain,2.46477819,11.76087319,9,P,2.764179199,0.317876869,0.481532824,K,0.000147839,1,0.00023748,0.001253635,0.000130856,192 K,0,-0.238872609
128,192,E2: A domain,2.46477819,11.76087319,9,P,2.764179199,0.317876869,0.481532824,L,0.057095137,1,-0.350194046,-0.742493077,-0.589528419,192 L,1,0.99355883
128,192,E2: A domain,2.46477819,11.76087319,9,P,2.764179199,0.317876869,0.481532824,M,0.172260923,1,0.344791284,-0.21683034,-0.393231688,192 M,1,0.620053602
128,192,E2: A domain,2.46477819,11.76087319,9,P,2.764179199,0.317876869,0.481532824,N,0.057203746,1,0.00023748,0.001253635,0.000130856,192 N,0,-0.607140509
128,192,E2: A domain,2.46477819,11.76087319,9,P,2.764179199,0.317876869,0.481532824,P,0.056678275,1,NA,NA,NA,192 P,1,0
128,192,E2: A domain,2.46477819,11.76087319,9,P,2.764179199,0.317876869,0.481532824,Q,0.124590567,1,0.051976271,0.265065068,0.050663204,192 Q,1,-0.146071219
128,192,E2: A domain,2.46477819,11.76087319,9,P,2.764179199,0.317876869,0.481532824,R,0.011178672,1,-4.623261722,-4.616034626,-2.274063576,192 R,1,1.144714734
128,192,E2: A domain,2.46477819,11.76087319,9,P,2.764179199,0.317876869,0.481532824,S,0.005756104,1,0.00023748,0.001253635,0.000130856,192 S,1,0.861251893
128,192,E2: A domain,2.46477819,11.76087319,9,P,2.764179199,0.317876869,0.481532824,T,0.125789425,1,-3.525132977,-3.456088681,0.422676607,192 T,1,-2.511202423
128,192,E2: A domain,2.46477819,11.76087319,9,P,2.764179199,0.317876869,0.481532824,V,0.000125209,1,0.00023748,0.001253635,0.000130856,192 V,0,0.33748439
128,192,E2: A domain,2.46477819,11.76087319,9,P,2.764179199,0.317876869,0.481532824,W,0.044433574,1,0.00023748,0.001253635,0.000130856,192 W,0,-0.136934684
128,192,E2: A domain,2.46477819,11.76087319,9,P,2.764179199,0.317876869,0.481532824,Y,4.71E-05,1,0.00023748,0.001253635,0.000130856,192 Y,0,-0.576977892
129,193,E2: A domain,2.176641284,8.816643874,9,F,0.366429018,0.45412818,0.695025033,A,5.90E-05,1,-0.000608761,0.00043718,-0.000428966,193 A,0,-0.330561572
129,193,E2: A domain,2.176641284,8.816643874,9,F,0.366429018,0.45412818,0.695025033,C,0.051461007,1,-0.000608761,0.00043718,-0.000428966,193 C,0,-1.193497558
129,193,E2: A domain,2.176641284,8.816643874,9,F,0.366429018,0.45412818,0.695025033,D,5.58E-05,1,-0.000608761,0.00043718,-0.000428966,193 D,0,0.137718427
129,193,E2: A domain,2.176641284,8.816643874,9,F,0.366429018,0.45412818,0.695025033,E,8.63E-05,1,-0.000608761,0.00043718,-0.000428966,193 E,0,0.282768016
129,193,E2: A domain,2.176641284,8.816643874,9,F,0.366429018,0.45412818,0.695025033,F,0.186293602,1,NA,NA,NA,193 F,1,0
129,193,E2: A domain,2.176641284,8.816643874,9,F,0.366429018,0.45412818,0.695025033,G,3.91E-05,1,-0.000608761,0.00043718,-0.000428966,193 G,0,1.70147E-05
129,193,E2: A domain,2.176641284,8.816643874,9,F,0.366429018,0.45412818,0.695025033,H,0.190602409,1,0.285372304,-0.012894628,0.114819365,193 H,1,0.317341278
129,193,E2: A domain,2.176641284,8.816643874,9,F,0.366429018,0.45412818,0.695025033,I,0.047014494,1,-0.000608761,0.00043718,-0.000428966,193 I,0,1.020521949
129,193,E2: A domain,2.176641284,8.816643874,9,F,0.366429018,0.45412818,0.695025033,K,0.013970973,1,-4.968150635,-4.961151229,0.020919255,193 K,1,-2.425845962
129,193,E2: A domain,2.176641284,8.816643874,9,F,0.366429018,0.45412818,0.695025033,L,0.154815056,1,-0.418826583,0.249430399,-0.329847268,193 L,1,0.220331976
129,193,E2: A domain,2.176641284,8.816643874,9,F,0.366429018,0.45412818,0.695025033,M,0.000157994,1,-0.000608761,0.00043718,-0.000428966,193 M,0,0.056061309
129,193,E2: A domain,2.176641284,8.816643874,9,F,0.366429018,0.45412818,0.695025033,N,4.69E-05,1,-0.000608761,0.00043718,-0.000428966,193 N,0,0.306078188
129,193,E2: A domain,2.176641284,8.816643874,9,F,0.366429018,0.45412818,0.695025033,P,7.04E-05,1,-0.000608761,0.00043718,-0.000428966,193 P,0,0.150046042
129,193,E2: A domain,2.176641284,8.816643874,9,F,0.366429018,0.45412818,0.695025033,Q,0.082171152,1,-0.453184277,-0.059895854,-0.122149598,193 Q,1,-1.306707994
129,193,E2: A domain,2.176641284,8.816643874,9,F,0.366429018,0.45412818,0.695025033,R,0.008223289,1,-0.123178931,-2.405099351,-0.228880944,193 R,1,-0.051444168
129,193,E2: A domain,2.176641284,8.816643874,9,F,0.366429018,0.45412818,0.695025033,S,0.038395652,1,-0.000608761,0.00043718,-0.000428966,193 S,1,-1.67246892
129,193,E2: A domain,2.176641284,8.816643874,9,F,0.366429018,0.45412818,0.695025033,T,6.54E-05,1,-0.000608761,0.00043718,-0.000428966,193 T,0,-0.312119609
129,193,E2: A domain,2.176641284,8.816643874,9,F,0.366429018,0.45412818,0.695025033,V,0.04128005,1,0.081056713,0.107926229,0.559286413,193 V,1,0.106910249
129,193,E2: A domain,2.176641284,8.816643874,9,F,0.366429018,0.45412818,0.695025033,W,0.154339712,1,-0.376223772,0.091525393,-0.371054181,193 W,1,0.854451504
129,193,E2: A domain,2.176641284,8.816643874,9,F,0.366429018,0.45412818,0.695025033,Y,0.030851757,1,-0.000608761,0.00043718,-0.000428966,193 Y,0,0.525633982
130,194,E2: A domain,2.514618967,12.36189759,16,H,0.490396227,1.133231158,0.940765965,A,0.034133316,1,-0.259477885,-0.041834262,0.086334494,194 A,1,0.013002718
130,194,E2: A domain,2.514618967,12.36189759,16,H,0.490396227,1.133231158,0.940765965,C,0.00012701,1,-0.000321216,-0.001057963,-0.000421241,194 C,0,0.732044332
130,194,E2: A domain,2.514618967,12.36189759,16,H,0.490396227,1.133231158,0.940765965,D,5.90E-05,1,-0.000321216,-0.001057963,-0.000421241,194 D,0,-1.817174705
130,194,E2: A domain,2.514618967,12.36189759,16,H,0.490396227,1.133231158,0.940765965,E,0.083101339,1,-0.121681506,0.027779616,-0.569677342,194 E,1,0.166912294
130,194,E2: A domain,2.514618967,12.36189759,16,H,0.490396227,1.133231158,0.940765965,F,0.009395764,1,0.020819555,0.499774324,0.416808578,194 F,1,-1.759215306
130,194,E2: A domain,2.514618967,12.36189759,16,H,0.490396227,1.133231158,0.940765965,G,0.01861453,1,-2.680365527,-0.176537753,-0.105661399,194 G,1,2.505100851
130,194,E2: A domain,2.514618967,12.36189759,16,H,0.490396227,1.133231158,0.940765965,H,0.077637341,1,NA,NA,NA,194 H,1,0
130,194,E2: A domain,2.514618967,12.36189759,16,H,0.490396227,1.133231158,0.940765965,I,0.01481141,1,-1.094326426,0.061226555,-1.033193056,194 I,1,2.473436115
130,194,E2: A domain,2.514618967,12.36189759,16,H,0.490396227,1.133231158,0.940765965,K,0.063835158,1,0.006530226,-0.166768202,-0.658110925,194 K,1,0.877321423
130,194,E2: A domain,2.514618967,12.36189759,16,H,0.490396227,1.133231158,0.940765965,L,0.114673092,1,-0.042063102,-0.102632082,-0.143701175,194 L,1,-0.187045568
130,194,E2: A domain,2.514618967,12.36189759,16,H,0.490396227,1.133231158,0.940765965,M,7.45E-05,1,-2.225694265,-2.223143654,-2.245219732,194 M,0,0.418942403
130,194,E2: A domain,2.514618967,12.36189759,16,H,0.490396227,1.133231158,0.940765965,N,0.002200973,1,-0.859967772,-3.135985114,-0.139718711,194 N,1,-0.553041268
130,194,E2: A domain,2.514618967,12.36189759,16,H,0.490396227,1.133231158,0.940765965,P,0.074584261,1,0.131166322,-0.224483239,0.045414026,194 P,1,-0.209350876
130,194,E2: A domain,2.514618967,12.36189759,16,H,0.490396227,1.133231158,0.940765965,Q,0.047467687,1,-0.000321216,-0.001057963,-0.000421241,194 Q,0,-0.372984781
130,194,E2: A domain,2.514618967,12.36189759,16,H,0.490396227,1.133231158,0.940765965,R,0.06181807,1,0.10199783,-0.003211952,0.237770163,194 R,1,0.392679643
130,194,E2: A domain,2.514618967,12.36189759,16,H,0.490396227,1.133231158,0.940765965,S,0.081334769,1,-0.084889553,-0.371861918,-0.105123803,194 S,1,0.177556989
130,194,E2: A domain,2.514618967,12.36189759,16,H,0.490396227,1.133231158,0.940765965,T,0.190629025,1,-0.263461889,-0.656754726,-0.083608621,194 T,1,1.060004281
130,194,E2: A domain,2.514618967,12.36189759,16,H,0.490396227,1.133231158,0.940765965,V,0.042821262,1,-0.338780965,0.544450663,-0.46986413,194 V,1,-0.032664625
130,194,E2: A domain,2.514618967,12.36189759,16,H,0.490396227,1.133231158,0.940765965,W,0.000394072,1,-0.000321216,-0.001057963,-0.000421241,194 W,0,-0.204042162
130,194,E2: A domain,2.514618967,12.36189759,16,H,0.490396227,1.133231158,0.940765965,Y,0.082287375,1,0.229882294,-2.948461632,0.154438704,194 Y,1,-0.883393139
131,195,E2: A domain,2.449977669,11.58808794,12,H,0.765215255,1.247868386,2.509295082,A,0.024399804,1,-0.45691115,-0.418582998,-0.360784587,195 A,1,1.774975289
131,195,E2: A domain,2.449977669,11.58808794,12,H,0.765215255,1.247868386,2.509295082,C,0.069493706,1,-0.184032568,0.01910985,0.161984392,195 C,1,-2.0630779
131,195,E2: A domain,2.449977669,11.58808794,12,H,0.765215255,1.247868386,2.509295082,D,0.000148354,1,3.28E-05,-5.94E-05,-0.000158383,195 D,0,0.312841002
131,195,E2: A domain,2.449977669,11.58808794,12,H,0.765215255,1.247868386,2.509295082,E,0.000152135,1,3.28E-05,-5.94E-05,-0.000158383,195 E,0,0.030390978
131,195,E2: A domain,2.449977669,11.58808794,12,H,0.765215255,1.247868386,2.509295082,F,0.039253449,1,0.373187342,0.48363564,0.123012796,195 F,1,-1.154258103
131,195,E2: A domain,2.449977669,11.58808794,12,H,0.765215255,1.247868386,2.509295082,G,0.000113265,1,3.28E-05,-5.94E-05,-0.000158383,195 G,0,0.286005565
131,195,E2: A domain,2.449977669,11.58808794,12,H,0.765215255,1.247868386,2.509295082,H,0.150510513,1,NA,NA,NA,195 H,1,0
131,195,E2: A domain,2.449977669,11.58808794,12,H,0.765215255,1.247868386,2.509295082,I,0.000120538,1,3.28E-05,-5.94E-05,-0.000158383,195 I,0,-0.268262528
131,195,E2: A domain,2.449977669,11.58808794,12,H,0.765215255,1.247868386,2.509295082,K,0.000165451,1,3.28E-05,-5.94E-05,-0.000158383,195 K,0,0.632302075
131,195,E2: A domain,2.449977669,11.58808794,12,H,0.765215255,1.247868386,2.509295082,L,0.075681305,1,-0.059468282,-0.001985648,0.031137436,195 L,1,-0.155572384
131,195,E2: A domain,2.449977669,11.58808794,12,H,0.765215255,1.247868386,2.509295082,M,0.048512191,1,3.28E-05,-5.94E-05,-0.000158383,195 M,0,-0.000320947
131,195,E2: A domain,2.449977669,11.58808794,12,H,0.765215255,1.247868386,2.509295082,N,0.076279275,1,-0.188456663,-0.639955513,-0.075496826,195 N,1,1.054872973
131,195,E2: A domain,2.449977669,11.58808794,12,H,0.765215255,1.247868386,2.509295082,P,4.25E-05,1,3.28E-05,-5.94E-05,2.193160457,195 P,0,-1.595802381
131,195,E2: A domain,2.449977669,11.58808794,12,H,0.765215255,1.247868386,2.509295082,Q,0.047830855,1,3.28E-05,-5.94E-05,-0.000158383,195 Q,0,-0.45342877
131,195,E2: A domain,2.449977669,11.58808794,12,H,0.765215255,1.247868386,2.509295082,R,0.03058448,1,-0.405639662,-0.32271716,-0.09805654,195 R,1,-0.578497465
131,195,E2: A domain,2.449977669,11.58808794,12,H,0.765215255,1.247868386,2.509295082,S,0.043326549,1,0.040590855,-0.292237401,-0.023530088,195 S,1,-0.289806554
131,195,E2: A domain,2.449977669,11.58808794,12,H,0.765215255,1.247868386,2.509295082,T,0.142263888,1,0.351174868,0.28871657,-0.044602126,195 T,1,-0.119603315
131,195,E2: A domain,2.449977669,11.58808794,12,H,0.765215255,1.247868386,2.509295082,V,0.01969236,1,-4.664471668,0.456406325,-4.694151799,195 V,1,-0.077963076
131,195,E2: A domain,2.449977669,11.58808794,12,H,0.765215255,1.247868386,2.509295082,W,0.168565729,1,-0.097514718,-2.943106043,-2.939052336,195 W,1,0.261878675
131,195,E2: A domain,2.449977669,11.58808794,12,H,0.765215255,1.247868386,2.509295082,Y,0.062863622,1,-0.450290086,-5.181589448,-2.975937954,195 Y,1,1.126576974
132,196,E2: A domain,2.278414462,9.761191398,16,D,1.73240841,1.508148682,1.954071866,A,0.04182704,1,-0.022110619,0.022329152,0.290371714,196 A,1,0.057077603
132,196,E2: A domain,2.278414462,9.761191398,16,D,1.73240841,1.508148682,1.954071866,C,0.080325311,1,-0.046986744,-0.583224296,-0.375716431,196 C,1,1.119628391
132,196,E2: A domain,2.278414462,9.761191398,16,D,1.73240841,1.508148682,1.954071866,D,0.049290957,1,NA,NA,NA,196 D,1,0
132,196,E2: A domain,2.278414462,9.761191398,16,D,1.73240841,1.508148682,1.954071866,E,2.27E-06,1,-0.000196814,0.000178558,2.02E-06,196 E,0,-0.000449565
132,196,E2: A domain,2.278414462,9.761191398,16,D,1.73240841,1.508148682,1.954071866,F,0.04270626,1,0.01680305,0.330738115,-0.051272004,196 F,1,-0.115254878
132,196,E2: A domain,2.278414462,9.761191398,16,D,1.73240841,1.508148682,1.954071866,G,0.018784102,1,-0.554980625,-0.077527623,-0.331438258,196 G,1,0.784117833
132,196,E2: A domain,2.278414462,9.761191398,16,D,1.73240841,1.508148682,1.954071866,H,0.026842324,1,-0.223890477,-0.086956089,-0.348811232,196 H,1,-0.465192459
132,196,E2: A domain,2.278414462,9.761191398,16,D,1.73240841,1.508148682,1.954071866,I,0.031027239,1,-0.478711321,-0.698571773,-0.328384192,196 I,1,0.161058577
132,196,E2: A domain,2.278414462,9.761191398,16,D,1.73240841,1.508148682,1.954071866,K,0.000198942,1,-0.000196814,0.000178558,2.02E-06,196 K,0,0.33147794
132,196,E2: A domain,2.278414462,9.761191398,16,D,1.73240841,1.508148682,1.954071866,L,0.012542753,1,-0.012746616,0.037263839,-0.133185089,196 L,1,0.25847424
132,196,E2: A domain,2.278414462,9.761191398,16,D,1.73240841,1.508148682,1.954071866,M,0.257803432,1,0.106031989,-0.054455979,0.111111329,196 M,1,-0.377842225
132,196,E2: A domain,2.278414462,9.761191398,16,D,1.73240841,1.508148682,1.954071866,N,0.024018462,1,-0.060118821,0.509014228,0.045031025,196 N,1,0.113673443
132,196,E2: A domain,2.278414462,9.761191398,16,D,1.73240841,1.508148682,1.954071866,P,6.11E-05,1,-0.000196814,0.000178558,2.02E-06,196 P,0,0.021121155
132,196,E2: A domain,2.278414462,9.761191398,16,D,1.73240841,1.508148682,1.954071866,Q,0.166396598,1,-0.407902133,0.352129985,-0.191325867,196 Q,1,0.100500178
132,196,E2: A domain,2.278414462,9.761191398,16,D,1.73240841,1.508148682,1.954071866,R,4.24E-05,1,-0.000196814,0.000178558,2.02E-06,196 R,0,-0.399295198
132,196,E2: A domain,2.278414462,9.761191398,16,D,1.73240841,1.508148682,1.954071866,S,0.050588594,1,-0.075099485,-0.016694944,-0.14039018,196 S,1,-0.384361265
132,196,E2: A domain,2.278414462,9.761191398,16,D,1.73240841,1.508148682,1.954071866,T,0.01453394,1,0.411022613,-0.050448479,0.19671034,196 T,1,1.040435954
132,196,E2: A domain,2.278414462,9.761191398,16,D,1.73240841,1.508148682,1.954071866,V,0.016630968,1,-3.334272302,-0.424845022,-0.079874966,196 V,1,0.813031461
132,196,E2: A domain,2.278414462,9.761191398,16,D,1.73240841,1.508148682,1.954071866,W,0.165312199,1,0.203698619,0.255959132,0.496839134,196 W,1,-0.693635236
132,196,E2: A domain,2.278414462,9.761191398,16,D,1.73240841,1.508148682,1.954071866,Y,0.001065153,1,0.994852139,-0.239307063,0.814000248,196 Y,1,-0.524329075
133,197,E2: A domain,2.55477488,12.86840239,19,P,7.478376623,0.356903028,5.017271213,A,0.074072916,1,-0.123899864,-0.036429886,-0.057106811,197 A,1,0.122382462
133,197,E2: A domain,2.55477488,12.86840239,19,P,7.478376623,0.356903028,5.017271213,C,0.003440629,1,-2.608379994,-5.316255906,-0.16902884,197 C,1,-0.979236352
133,197,E2: A domain,2.55477488,12.86840239,19,P,7.478376623,0.356903028,5.017271213,D,0.007916594,1,0.194390854,-0.48488243,0.080757403,197 D,1,1.513753034
133,197,E2: A domain,2.55477488,12.86840239,19,P,7.478376623,0.356903028,5.017271213,E,0.009116643,1,-0.108703582,-0.110388694,0.075097664,197 E,1,0.02919871
133,197,E2: A domain,2.55477488,12.86840239,19,P,7.478376623,0.356903028,5.017271213,F,0.030194417,1,0.139815432,-1.159538597,-0.162036077,197 F,1,0.277432451
133,197,E2: A domain,2.55477488,12.86840239,19,P,7.478376623,0.356903028,5.017271213,G,0.155121191,1,0.204472306,-0.449611202,0.311272867,197 G,1,0.048239536
133,197,E2: A domain,2.55477488,12.86840239,19,P,7.478376623,0.356903028,5.017271213,H,0.164576278,1,-0.570796709,-0.594615616,-0.475721255,197 H,1,0.71849282
133,197,E2: A domain,2.55477488,12.86840239,19,P,7.478376623,0.356903028,5.017271213,I,0.101097319,1,0.351306111,-0.105662974,-0.020507551,197 I,1,0.245746035
133,197,E2: A domain,2.55477488,12.86840239,19,P,7.478376623,0.356903028,5.017271213,K,0.003202989,1,3.487333809,0.059521515,2.798721979,197 K,1,1.591895713
133,197,E2: A domain,2.55477488,12.86840239,19,P,7.478376623,0.356903028,5.017271213,L,0.060179124,1,-0.266709994,-0.741713005,-0.297082455,197 L,1,0.629017996
133,197,E2: A domain,2.55477488,12.86840239,19,P,7.478376623,0.356903028,5.017271213,M,0.077135593,1,0.030265968,-0.221787548,-0.198228421,197 M,1,0.884326466
133,197,E2: A domain,2.55477488,12.86840239,19,P,7.478376623,0.356903028,5.017271213,N,0.02909591,1,-4.041361287,-7.990823859,-0.212558751,197 N,1,0.52516372
133,197,E2: A domain,2.55477488,12.86840239,19,P,7.478376623,0.356903028,5.017271213,P,0.066518044,1,NA,NA,NA,197 P,1,0
133,197,E2: A domain,2.55477488,12.86840239,19,P,7.478376623,0.356903028,5.017271213,Q,0.018613014,1,-0.582099247,-0.088370729,-0.328120262,197 Q,1,-1.019383698
133,197,E2: A domain,2.55477488,12.86840239,19,P,7.478376623,0.356903028,5.017271213,R,0.041799088,1,0.130186436,0.199733809,0.010400862,197 R,1,0.463308976
133,197,E2: A domain,2.55477488,12.86840239,19,P,7.478376623,0.356903028,5.017271213,S,0.025036609,1,2.270378665,-3.460941383,1.196398119,197 S,1,-2.147900725
133,197,E2: A domain,2.55477488,12.86840239,19,P,7.478376623,0.356903028,5.017271213,T,0.002165479,1,0.222925779,0.06927564,0.185197525,197 T,1,0.507169321
133,197,E2: A domain,2.55477488,12.86840239,19,P,7.478376623,0.356903028,5.017271213,V,0.069210332,1,0.308800069,0.028372064,0.359424794,197 V,1,-0.535970502
133,197,E2: A domain,2.55477488,12.86840239,19,P,7.478376623,0.356903028,5.017271213,W,0.061405716,1,0.138501193,-0.449669553,-0.327510486,197 W,1,-0.243858386
133,197,E2: A domain,2.55477488,12.86840239,19,P,7.478376623,0.356903028,5.017271213,Y,0.000102114,1,-0.002025636,-0.00442331,-0.002024899,197 Y,0,0.419094989
134,198,E2: A domain,2.799594211,16.43797506,18,P,1.582648229,3.387932541,1.440623692,A,0.048895758,1,0.093980966,0.053372545,-0.162334525,198 A,1,0.082711957
134,198,E2: A domain,2.799594211,16.43797506,18,P,1.582648229,3.387932541,1.440623692,C,0.049734455,1,-0.294258161,0.785779336,-0.093822079,198 C,1,-0.820192572
134,198,E2: A domain,2.799594211,16.43797506,18,P,1.582648229,3.387932541,1.440623692,D,0.093861913,1,0.177091216,-0.25468165,0.144603771,198 D,1,0.51160373
134,198,E2: A domain,2.799594211,16.43797506,18,P,1.582648229,3.387932541,1.440623692,E,0.05852542,1,0.308687125,0.383098624,-0.076832332,198 E,1,-0.924107158
134,198,E2: A domain,2.799594211,16.43797506,18,P,1.582648229,3.387932541,1.440623692,F,0.04427048,1,-0.194456447,-0.414719799,-0.018059786,198 F,1,0.191710896
134,198,E2: A domain,2.799594211,16.43797506,18,P,1.582648229,3.387932541,1.440623692,G,0.065312668,1,-0.139371489,0.253814005,0.012750921,198 G,1,0.446928519
134,198,E2: A domain,2.799594211,16.43797506,18,P,1.582648229,3.387932541,1.440623692,H,1.85E-06,1,-0.000348346,0.000207917,-7.82E-05,198 H,0,-0.727727856
134,198,E2: A domain,2.799594211,16.43797506,18,P,1.582648229,3.387932541,1.440623692,I,0.02521631,1,0.297584619,0.482393009,0.131835512,198 I,1,-0.123168258
134,198,E2: A domain,2.799594211,16.43797506,18,P,1.582648229,3.387932541,1.440623692,K,0.036468393,1,-0.268274815,-0.561834515,-0.535353556,198 K,1,1.158958686
134,198,E2: A domain,2.799594211,16.43797506,18,P,1.582648229,3.387932541,1.440623692,L,0.096694771,1,-0.001350342,0.177319138,0.078050874,198 L,1,-0.317827014
134,198,E2: A domain,2.799594211,16.43797506,18,P,1.582648229,3.387932541,1.440623692,M,0.033426622,1,0.295294788,0.895903805,0.424741651,198 M,1,-0.44727082
134,198,E2: A domain,2.799594211,16.43797506,18,P,1.582648229,3.387932541,1.440623692,N,0.072594052,1,0.075414531,-0.182556286,0.126317801,198 N,1,-0.507134641
134,198,E2: A domain,2.799594211,16.43797506,18,P,1.582648229,3.387932541,1.440623692,P,0.056609288,1,NA,NA,NA,198 P,1,0
134,198,E2: A domain,2.799594211,16.43797506,18,P,1.582648229,3.387932541,1.440623692,Q,0.104246194,1,-0.084334002,-0.016995062,0.061455646,198 Q,1,-0.185954917
134,198,E2: A domain,2.799594211,16.43797506,18,P,1.582648229,3.387932541,1.440623692,R,0.014537914,1,-0.44975938,-0.49768226,-0.307312257,198 R,1,-0.541937627
134,198,E2: A domain,2.799594211,16.43797506,18,P,1.582648229,3.387932541,1.440623692,S,0.064450254,1,-0.161407932,0.043062082,-0.117145091,198 S,1,0.369534494
134,198,E2: A domain,2.799594211,16.43797506,18,P,1.582648229,3.387932541,1.440623692,T,0.051231956,1,-0.081167268,-0.181066952,-0.079723624,198 T,1,-0.295851799
134,198,E2: A domain,2.799594211,16.43797506,18,P,1.582648229,3.387932541,1.440623692,V,0.036846487,1,0.075752989,0.312774163,-0.336544355,198 V,1,0.848925199
134,198,E2: A domain,2.799594211,16.43797506,18,P,1.582648229,3.387932541,1.440623692,W,9.33E-05,1,-0.000348346,0.000207917,-7.82E-05,198 W,0,0.596401249
134,198,E2: A domain,2.799594211,16.43797506,18,P,1.582648229,3.387932541,1.440623692,Y,0.046981918,1,0.258841994,-0.155035676,0.460867516,198 Y,1,-0.132864645
135,199,E2: Arch 1,2.839373785,17.10505074,17,V,1.284157629,1.906788543,2.460141569,A,0.048423676,1,-0.057252413,-0.287036308,0.296608039,199 A,1,0.385869164
135,199,E2: Arch 1,2.839373785,17.10505074,17,V,1.284157629,1.906788543,2.460141569,C,0.017024437,1,0.273442301,-0.638922598,0.609984822,199 C,1,-1.109323358
135,199,E2: Arch 1,2.839373785,17.10505074,17,V,1.284157629,1.906788543,2.460141569,D,0.063203834,1,-0.155365313,-0.168320275,-0.4198192,199 D,1,-0.087500423
135,199,E2: Arch 1,2.839373785,17.10505074,17,V,1.284157629,1.906788543,2.460141569,E,0.047682462,1,-0.000614129,-0.002475841,-0.000126977,199 E,0,0.525240748
135,199,E2: Arch 1,2.839373785,17.10505074,17,V,1.284157629,1.906788543,2.460141569,F,0.079552273,1,-0.366026642,-0.17384974,-0.316668373,199 F,1,0.361357421
135,199,E2: Arch 1,2.839373785,17.10505074,17,V,1.284157629,1.906788543,2.460141569,G,0.048775321,1,-5.181250544,-5.179720111,-5.201183921,199 G,0,-0.093377246
135,199,E2: Arch 1,2.839373785,17.10505074,17,V,1.284157629,1.906788543,2.460141569,H,0.052558891,1,-0.227198326,0.621503249,0.112771571,199 H,1,2.084286182
135,199,E2: Arch 1,2.839373785,17.10505074,17,V,1.284157629,1.906788543,2.460141569,I,0.026160638,1,0.171532378,0.072268689,-0.134808729,199 I,1,-1.268110269
135,199,E2: Arch 1,2.839373785,17.10505074,17,V,1.284157629,1.906788543,2.460141569,K,0.031549775,1,0.004069855,0.4782197,0.191035974,199 K,1,0.651688965
135,199,E2: Arch 1,2.839373785,17.10505074,17,V,1.284157629,1.906788543,2.460141569,L,0.044266488,1,0.126206556,-1.999778755,0.169723573,199 L,1,-0.368314554
135,199,E2: Arch 1,2.839373785,17.10505074,17,V,1.284157629,1.906788543,2.460141569,M,0.062687213,1,0.066915708,-0.08012019,0.023843028,199 M,1,0.684563468
135,199,E2: Arch 1,2.839373785,17.10505074,17,V,1.284157629,1.906788543,2.460141569,N,0.076095374,1,0.190984722,0.294928781,0.232728332,199 N,1,0.345452334
135,199,E2: Arch 1,2.839373785,17.10505074,17,V,1.284157629,1.906788543,2.460141569,P,0.016706219,1,-0.059205016,-0.385701801,0.333701781,199 P,1,1.026595047
135,199,E2: Arch 1,2.839373785,17.10505074,17,V,1.284157629,1.906788543,2.460141569,Q,3.77E-05,1,-0.000614129,-0.002475841,-0.000126977,199 Q,0,-0.132567406
135,199,E2: Arch 1,2.839373785,17.10505074,17,V,1.284157629,1.906788543,2.460141569,R,0.077896453,1,0.08313818,-0.022950279,0.029482964,199 R,1,-0.273775158
135,199,E2: Arch 1,2.839373785,17.10505074,17,V,1.284157629,1.906788543,2.460141569,S,0.020243305,1,0.038619122,-0.149630913,0.075605221,199 S,1,-0.285333214
135,199,E2: Arch 1,2.839373785,17.10505074,17,V,1.284157629,1.906788543,2.460141569,T,0.043311178,1,0.318510071,0.103609384,0.384656264,199 T,1,0.112346159
135,199,E2: Arch 1,2.839373785,17.10505074,17,V,1.284157629,1.906788543,2.460141569,V,0.059366885,1,NA,NA,NA,199 V,1,0
135,199,E2: Arch 1,2.839373785,17.10505074,17,V,1.284157629,1.906788543,2.460141569,W,0.104060537,1,0.010738737,0.336258739,-0.072746446,199 W,1,-0.058621701
135,199,E2: Arch 1,2.839373785,17.10505074,17,V,1.284157629,1.906788543,2.460141569,Y,0.080397358,1,-0.1069454,-0.003884216,-0.049327051,199 Y,1,-0.416207601
136,200,E2: Arch 1,2.527444501,12.52146662,14,I,3.274984564,1.566862552,1.273303716,A,4.47E-05,1,2.321762195,-0.000468969,-0.000415718,200 A,0,-1.16980601
136,200,E2: Arch 1,2.527444501,12.52146662,14,I,3.274984564,1.566862552,1.273303716,C,0.18728581,1,-0.259337118,-0.358773009,-0.01198473,200 C,1,-0.27775323
136,200,E2: Arch 1,2.527444501,12.52146662,14,I,3.274984564,1.566862552,1.273303716,D,0.000104994,1,-0.0001659,-0.000468969,-0.000415718,200 D,0,0.296952476
136,200,E2: Arch 1,2.527444501,12.52146662,14,I,3.274984564,1.566862552,1.273303716,E,0.048842223,1,-0.0001659,-0.000468969,-0.000415718,200 E,0,0.342727128
136,200,E2: Arch 1,2.527444501,12.52146662,14,I,3.274984564,1.566862552,1.273303716,F,0.063331661,1,-0.131523568,-4.03477166,-3.990801309,200 F,1,-2.728348564
136,200,E2: Arch 1,2.527444501,12.52146662,14,I,3.274984564,1.566862552,1.273303716,G,0.034304297,1,0.145169108,0.160815722,0.562534311,200 G,1,-0.18960401
136,200,E2: Arch 1,2.527444501,12.52146662,14,I,3.274984564,1.566862552,1.273303716,H,0.060736877,1,-0.064343385,-0.152637187,0.238029341,200 H,1,-0.096362887
136,200,E2: Arch 1,2.527444501,12.52146662,14,I,3.274984564,1.566862552,1.273303716,I,0.111116537,1,NA,NA,NA,200 I,1,0
136,200,E2: Arch 1,2.527444501,12.52146662,14,I,3.274984564,1.566862552,1.273303716,K,0.000104108,1,-0.0001659,-0.000468969,-0.000415718,200 K,0,-0.718333965
136,200,E2: Arch 1,2.527444501,12.52146662,14,I,3.274984564,1.566862552,1.273303716,L,0.044260698,1,-0.183335891,0.255727338,-0.329530212,200 L,1,-0.265794052
136,200,E2: Arch 1,2.527444501,12.52146662,14,I,3.274984564,1.566862552,1.273303716,M,0.050444387,1,-0.022665678,-0.252964444,-0.00794669,200 M,1,0.128820055
136,200,E2: Arch 1,2.527444501,12.52146662,14,I,3.274984564,1.566862552,1.273303716,N,0.082259465,1,0.101793742,-0.35561897,-0.0165566,200 N,1,-0.201017509
136,200,E2: Arch 1,2.527444501,12.52146662,14,I,3.274984564,1.566862552,1.273303716,P,0.055333337,1,-0.015097434,-0.515895437,-0.411095147,200 P,1,0.411120738
136,200,E2: Arch 1,2.527444501,12.52146662,14,I,3.274984564,1.566862552,1.273303716,Q,3.75E-05,1,-0.0001659,-0.000468969,-0.000415718,200 Q,0,-0.39815586
136,200,E2: Arch 1,2.527444501,12.52146662,14,I,3.274984564,1.566862552,1.273303716,R,5.48E-05,1,-2.329597331,-2.327661694,-2.33945167,200 R,0,0.738058669
136,200,E2: Arch 1,2.527444501,12.52146662,14,I,3.274984564,1.566862552,1.273303716,S,0.011318307,1,-0.144825434,-0.473588353,-0.001866348,200 S,1,0.65535332
136,200,E2: Arch 1,2.527444501,12.52146662,14,I,3.274984564,1.566862552,1.273303716,T,0.040821625,1,0.363420788,-0.597730431,-0.070651264,200 T,1,-1.475923546
136,200,E2: Arch 1,2.527444501,12.52146662,14,I,3.274984564,1.566862552,1.273303716,V,0.1232442,1,-0.312143165,0.687244743,-0.175151499,200 V,1,-0.678180031
136,200,E2: Arch 1,2.527444501,12.52146662,14,I,3.274984564,1.566862552,1.273303716,W,0.059987938,1,0.2465954,0.223903491,0.368266203,200 W,1,-1.733744981
136,200,E2: Arch 1,2.527444501,12.52146662,14,I,3.274984564,1.566862552,1.273303716,Y,0.026366569,1,0.096243331,0.239171258,0.104473861,200 Y,1,0.604200282
137,201,E2: Arch 1,1.208184982,3.347403537,6,G,0.163080297,0.341585152,4.221869176,A,0.037503823,1,0.082058703,-2.91784374,-0.167087727,201 A,1,0.14862487
137,201,E2: Arch 1,1.208184982,3.347403537,6,G,0.163080297,0.341585152,4.221869176,C,0.010560621,1,-0.686188908,-5.35702553,-0.540696043,201 C,1,1.20402799
137,201,E2: Arch 1,1.208184982,3.347403537,6,G,0.163080297,0.341585152,4.221869176,D,0.077880873,1,-6.42E-05,-0.000122386,4.191111237,201 D,1,-0.604450379
137,201,E2: Arch 1,1.208184982,3.347403537,6,G,0.163080297,0.341585152,4.221869176,E,0.000697127,1,-6.42E-05,-0.000122386,0.000180085,201 E,0,-0.404119215
137,201,E2: Arch 1,1.208184982,3.347403537,6,G,0.163080297,0.341585152,4.221869176,F,0.000378032,1,-6.42E-05,-0.000122386,0.000180085,201 F,0,-0.195710551
137,201,E2: Arch 1,1.208184982,3.347403537,6,G,0.163080297,0.341585152,4.221869176,G,0.623536333,1,NA,NA,NA,201 G,1,0
137,201,E2: Arch 1,1.208184982,3.347403537,6,G,0.163080297,0.341585152,4.221869176,H,0.000684468,1,-6.42E-05,-0.000122386,0.000180085,201 H,0,0.11904179
137,201,E2: Arch 1,1.208184982,3.347403537,6,G,0.163080297,0.341585152,4.221869176,I,0.000177717,1,-6.42E-05,-0.000122386,0.000180085,201 I,0,-0.219411386
137,201,E2: Arch 1,1.208184982,3.347403537,6,G,0.163080297,0.341585152,4.221869176,K,0.001747572,1,-6.42E-05,-0.000122386,0.000180085,201 K,0,0.050158311
137,201,E2: Arch 1,1.208184982,3.347403537,6,G,0.163080297,0.341585152,4.221869176,L,0.000135143,1,-6.42E-05,-0.000122386,0.000180085,201 L,0,0.300095374
137,201,E2: Arch 1,1.208184982,3.347403537,6,G,0.163080297,0.341585152,4.221869176,M,0.001665508,1,-6.42E-05,-0.000122386,0.000180085,201 M,0,0.146031498
137,201,E2: Arch 1,1.208184982,3.347403537,6,G,0.163080297,0.341585152,4.221869176,N,0.000288356,1,-6.42E-05,-0.000122386,0.000180085,201 N,0,1.894824994
137,201,E2: Arch 1,1.208184982,3.347403537,6,G,0.163080297,0.341585152,4.221869176,P,0.00017973,1,-6.42E-05,-0.000122386,0.000180085,201 P,0,-0.333792684
137,201,E2: Arch 1,1.208184982,3.347403537,6,G,0.163080297,0.341585152,4.221869176,Q,0.000542062,1,-6.42E-05,-0.000122386,0.000180085,201 Q,0,0.065358808
137,201,E2: Arch 1,1.208184982,3.347403537,6,G,0.163080297,0.341585152,4.221869176,R,0.06513031,1,-0.773133623,-4.142477909,-0.937012148,201 R,1,0.111040154
137,201,E2: Arch 1,1.208184982,3.347403537,6,G,0.163080297,0.341585152,4.221869176,S,0.177036306,1,0.081021594,0.341585152,0.02823675,201 S,1,-0.682502838
137,201,E2: Arch 1,1.208184982,3.347403537,6,G,0.163080297,0.341585152,4.221869176,T,0.000155971,1,-6.42E-05,-0.000122386,0.000180085,201 T,0,0.678400025
137,201,E2: Arch 1,1.208184982,3.347403537,6,G,0.163080297,0.341585152,4.221869176,V,0.000297384,1,-6.42E-05,-0.000122386,0.000180085,201 V,0,0.534408178
137,201,E2: Arch 1,1.208184982,3.347403537,6,G,0.163080297,0.341585152,4.221869176,W,0.0003212,1,-6.42E-05,-0.000122386,0.000180085,201 W,0,0.127954679
137,201,E2: Arch 1,1.208184982,3.347403537,6,G,0.163080297,0.341585152,4.221869176,Y,0.001081463,1,-6.42E-05,-0.000122386,0.000180085,201 Y,0,0.021989814
138,202,E2: Arch 1,1.949197082,7.023046385,11,R,0.26918734,0.959241951,1.945917689,A,0.121962489,1,-0.078826574,-0.506395277,0.144658095,202 A,1,-0.063100392
138,202,E2: Arch 1,1.949197082,7.023046385,11,R,0.26918734,0.959241951,1.945917689,C,0.063804808,1,-0.733264527,-1.491389326,-0.247646234,202 C,1,-0.473912338
138,202,E2: Arch 1,1.949197082,7.023046385,11,R,0.26918734,0.959241951,1.945917689,D,0.00024965,1,-0.000277296,-0.000630378,4.80E-05,202 D,0,-0.246904889
138,202,E2: Arch 1,1.949197082,7.023046385,11,R,0.26918734,0.959241951,1.945917689,E,8.70E-05,1,-0.000277296,-0.000630378,4.80E-05,202 E,0,-0.322059697
138,202,E2: Arch 1,1.949197082,7.023046385,11,R,0.26918734,0.959241951,1.945917689,F,0.180674557,1,0.081896375,-0.143911116,0.123203431,202 F,1,0.364624252
138,202,E2: Arch 1,1.949197082,7.023046385,11,R,0.26918734,0.959241951,1.945917689,G,0.000106705,1,-0.000277296,-0.000630378,4.80E-05,202 G,0,-0.063868484
138,202,E2: Arch 1,1.949197082,7.023046385,11,R,0.26918734,0.959241951,1.945917689,H,0.035468258,1,-0.126786572,-0.072834037,-0.618983582,202 H,1,-0.607744052
138,202,E2: Arch 1,1.949197082,7.023046385,11,R,0.26918734,0.959241951,1.945917689,I,4.79E-05,1,-0.000277296,-0.000630378,4.80E-05,202 I,0,-1.07531912
138,202,E2: Arch 1,1.949197082,7.023046385,11,R,0.26918734,0.959241951,1.945917689,K,0.244332756,1,0.187290965,0.43717235,0.146864155,202 K,1,0.223932608
138,202,E2: Arch 1,1.949197082,7.023046385,11,R,0.26918734,0.959241951,1.945917689,L,0.000904338,1,-0.313053448,0.522069602,0.189409383,202 L,1,-0.067635421
138,202,E2: Arch 1,1.949197082,7.023046385,11,R,0.26918734,0.959241951,1.945917689,M,0.20148969,1,-0.382758056,-0.939689145,-0.679498571,202 M,1,0.058922219
138,202,E2: Arch 1,1.949197082,7.023046385,11,R,0.26918734,0.959241951,1.945917689,N,5.34E-05,1,-0.000277296,-0.000630378,4.80E-05,202 N,0,-0.075412108
138,202,E2: Arch 1,1.949197082,7.023046385,11,R,0.26918734,0.959241951,1.945917689,P,9.65E-06,1,-0.312031814,-0.173345967,-0.173813484,202 P,0,-0.112618964
138,202,E2: Arch 1,1.949197082,7.023046385,11,R,0.26918734,0.959241951,1.945917689,Q,0.021158924,1,-0.605659223,-0.147103583,0.055234698,202 Q,1,4.150704515
138,202,E2: Arch 1,1.949197082,7.023046385,11,R,0.26918734,0.959241951,1.945917689,R,0.109359658,1,NA,NA,NA,202 R,1,0
138,202,E2: Arch 1,1.949197082,7.023046385,11,R,0.26918734,0.959241951,1.945917689,S,0.018129363,1,-0.168220369,-3.290971406,0.662394674,202 S,1,-1.213391406
138,202,E2: Arch 1,1.949197082,7.023046385,11,R,0.26918734,0.959241951,1.945917689,T,3.82E-05,1,-0.000277296,-0.000630378,4.80E-05,202 T,0,-0.195415335
138,202,E2: Arch 1,1.949197082,7.023046385,11,R,0.26918734,0.959241951,1.945917689,V,6.49E-05,1,-0.000277296,-0.000630378,4.80E-05,202 V,0,0.134853053
138,202,E2: Arch 1,1.949197082,7.023046385,11,R,0.26918734,0.959241951,1.945917689,W,0.00170401,1,-2.337417779,-2.568596716,0.623769207,202 W,1,0.743684222
138,202,E2: Arch 1,1.949197082,7.023046385,11,R,0.26918734,0.959241951,1.945917689,Y,0.000353798,1,-0.000277296,-0.000630378,4.80E-05,202 Y,0,0.032539061
139,203,E2: Arch 1,1.04661331,2.84798951,9,E,0.41115981,0.107545926,3.355852971,A,0.009956832,1,-0.261899387,-1.01836705,-0.214389966,203 A,1,0.646544758
139,203,E2: Arch 1,1.04661331,2.84798951,9,E,0.41115981,0.107545926,3.355852971,C,0.000212213,1,-0.002142856,-0.000264924,0.002707101,203 C,0,-0.504202819
139,203,E2: Arch 1,1.04661331,2.84798951,9,E,0.41115981,0.107545926,3.355852971,D,0.04959882,1,-0.002142856,-0.000264924,0.002707101,203 D,0,-1.307218716
139,203,E2: Arch 1,1.04661331,2.84798951,9,E,0.41115981,0.107545926,3.355852971,E,0.067561264,1,NA,NA,NA,203 E,1,0
139,203,E2: Arch 1,1.04661331,2.84798951,9,E,0.41115981,0.107545926,3.355852971,F,3.19E-05,1,-0.002142856,-0.000264924,0.002707101,203 F,0,-0.599563206
139,203,E2: Arch 1,1.04661331,2.84798951,9,E,0.41115981,0.107545926,3.355852971,G,0.020913306,1,-2.384936687,0.035933998,-0.035024454,203 G,1,0.34540334
139,203,E2: Arch 1,1.04661331,2.84798951,9,E,0.41115981,0.107545926,3.355852971,H,6.42E-05,1,-0.002142856,-0.000264924,0.002707101,203 H,0,-0.10857994
139,203,E2: Arch 1,1.04661331,2.84798951,9,E,0.41115981,0.107545926,3.355852971,I,0.074567382,1,-0.085904226,0.009990986,0.070223357,203 I,1,0.140291843
139,203,E2: Arch 1,1.04661331,2.84798951,9,E,0.41115981,0.107545926,3.355852971,K,0.739694361,1,-0.961110859,-0.02406427,0.388140904,203 K,1,-0.073108354
139,203,E2: Arch 1,1.04661331,2.84798951,9,E,0.41115981,0.107545926,3.355852971,L,0.004024164,1,-0.113163889,-2.351674697,2.17986593,203 L,1,-1.406675423
139,203,E2: Arch 1,1.04661331,2.84798951,9,E,0.41115981,0.107545926,3.355852971,M,7.39E-05,1,-0.002142856,-0.000264924,0.002707101,203 M,0,-0.074683421
139,203,E2: Arch 1,1.04661331,2.84798951,9,E,0.41115981,0.107545926,3.355852971,N,1.80E-05,1,-0.002142856,-0.000264924,0.002707101,203 N,0,-0.160178033
139,203,E2: Arch 1,1.04661331,2.84798951,9,E,0.41115981,0.107545926,3.355852971,P,1.69E-05,1,-0.002142856,-0.000264924,0.002707101,203 P,0,-0.185512033
139,203,E2: Arch 1,1.04661331,2.84798951,9,E,0.41115981,0.107545926,3.355852971,Q,0.000118427,1,-0.002142856,-0.000264924,0.002707101,203 Q,0,-0.604298834
139,203,E2: Arch 1,1.04661331,2.84798951,9,E,0.41115981,0.107545926,3.355852971,R,1.23E-05,1,-0.002142856,-0.000264924,0.002707101,203 R,0,-0.391829071
139,203,E2: Arch 1,1.04661331,2.84798951,9,E,0.41115981,0.107545926,3.355852971,S,0.004579468,1,0.060254006,0.039633669,0.615718479,203 S,1,-2.188212428
139,203,E2: Arch 1,1.04661331,2.84798951,9,E,0.41115981,0.107545926,3.355852971,T,0.009114395,1,0.243324647,-0.73133584,-0.45977587,203 T,1,-0.07443251
139,203,E2: Arch 1,1.04661331,2.84798951,9,E,0.41115981,0.107545926,3.355852971,V,0.01931382,1,0.107581156,0.021987274,0.07212619,203 V,1,0.146741544
139,203,E2: Arch 1,1.04661331,2.84798951,9,E,0.41115981,0.107545926,3.355852971,W,4.46E-05,1,-0.002142856,-0.000264924,0.002707101,203 W,0,-0.031645232
139,203,E2: Arch 1,1.04661331,2.84798951,9,E,0.41115981,0.107545926,3.355852971,Y,8.39E-05,1,-0.002142856,-0.000264924,0.002707101,203 Y,0,-0.068152311
140,204,E2: Arch 1,1.271345834,3.565648106,11,K,3.935161087,3.877066232,3.845169917,A,0.000388698,1,0.040167084,-0.785851801,-0.405056308,204 A,1,1.137754345
140,204,E2: Arch 1,1.271345834,3.565648106,11,K,3.935161087,3.877066232,3.845169917,C,0.051634,1,-0.000323026,-0.000318313,-0.000330015,204 C,0,-0.276921927
140,204,E2: Arch 1,1.271345834,3.565648106,11,K,3.935161087,3.877066232,3.845169917,D,0.00228184,1,-0.892342055,0.189672863,-0.60872212,204 D,1,-0.17435811
140,204,E2: Arch 1,1.271345834,3.565648106,11,K,3.935161087,3.877066232,3.845169917,E,0.046737393,1,3.716991088,3.685470332,3.733175871,204 E,0,0.470898944
140,204,E2: Arch 1,1.271345834,3.565648106,11,K,3.935161087,3.877066232,3.845169917,F,1.67E-06,1,-0.000323026,-0.000318313,-0.000330015,204 F,0,-0.382934818
140,204,E2: Arch 1,1.271345834,3.565648106,11,K,3.935161087,3.877066232,3.845169917,G,0.000944885,1,-0.27054116,-1.119743599,-0.094423048,204 G,1,-0.045346986
140,204,E2: Arch 1,1.271345834,3.565648106,11,K,3.935161087,3.877066232,3.845169917,H,0.000244147,1,-0.65928498,-0.990624026,-1.137515364,204 H,1,-1.838460478
140,204,E2: Arch 1,1.271345834,3.565648106,11,K,3.935161087,3.877066232,3.845169917,I,0.044891241,1,-0.000323026,-0.000318313,-0.000330015,204 I,0,0.386527786
140,204,E2: Arch 1,1.271345834,3.565648106,11,K,3.935161087,3.877066232,3.845169917,K,0.000764142,1,NA,NA,NA,204 K,1,0
140,204,E2: Arch 1,1.271345834,3.565648106,11,K,3.935161087,3.877066232,3.845169917,L,9.84E-07,1,-0.000323026,-0.000318313,-0.000330015,204 L,0,0.227569205
140,204,E2: Arch 1,1.271345834,3.565648106,11,K,3.935161087,3.877066232,3.845169917,M,0.049027519,1,-0.000323026,-0.000318313,-0.000330015,204 M,0,0.23217211
140,204,E2: Arch 1,1.271345834,3.565648106,11,K,3.935161087,3.877066232,3.845169917,N,0.677510172,1,-0.000323026,-0.000318313,-0.000330015,204 N,1,0.333486594
140,204,E2: Arch 1,1.271345834,3.565648106,11,K,3.935161087,3.877066232,3.845169917,P,3.85E-07,1,-0.000323026,-0.000318313,-0.000330015,204 P,0,0.847779178
140,204,E2: Arch 1,1.271345834,3.565648106,11,K,3.935161087,3.877066232,3.845169917,Q,0.000541892,1,0.178002915,-0.3750505,-0.215600335,204 Q,1,-1.467186624
140,204,E2: Arch 1,1.271345834,3.565648106,11,K,3.935161087,3.877066232,3.845169917,R,0.00044633,1,-0.039365487,0.001923037,0.111994047,204 R,1,0.147572964
140,204,E2: Arch 1,1.271345834,3.565648106,11,K,3.935161087,3.877066232,3.845169917,S,0.000405464,1,-0.360377417,-0.404584774,-0.136458966,204 S,1,-1.814297426
140,204,E2: Arch 1,1.271345834,3.565648106,11,K,3.935161087,3.877066232,3.845169917,T,0.000413713,1,-0.553900107,-0.915269355,-0.953522353,204 T,1,0.447833652
140,204,E2: Arch 1,1.271345834,3.565648106,11,K,3.935161087,3.877066232,3.845169917,V,0.014662835,1,-0.000323026,-0.000318313,-0.000330015,204 V,0,0.043927876
140,204,E2: Arch 1,1.271345834,3.565648106,11,K,3.935161087,3.877066232,3.845169917,W,0.054215926,1,-0.000323026,-0.000318313,-0.000330015,204 W,0,-0.530089009
140,204,E2: Arch 1,1.271345834,3.565648106,11,K,3.935161087,3.877066232,3.845169917,Y,0.054886768,1,-0.000323026,-0.000318313,-0.000330015,204 Y,0,0.186583209
141,205,E2: Arch 1,2.746781049,15.59235998,9,F,0.556128488,0.051291256,0.295285117,A,0.075911368,1,0.229845471,-0.160819384,0.113321027,205 A,1,1.551074669
141,205,E2: Arch 1,2.746781049,15.59235998,9,F,0.556128488,0.051291256,0.295285117,C,0.052027237,1,-9.07E-06,-0.000415313,-0.000124528,205 C,0,0.797035883
141,205,E2: Arch 1,2.746781049,15.59235998,9,F,0.556128488,0.051291256,0.295285117,D,0.049568347,1,-9.07E-06,-0.000415313,-0.000124528,205 D,0,-0.320330331
141,205,E2: Arch 1,2.746781049,15.59235998,9,F,0.556128488,0.051291256,0.295285117,E,0.037721982,1,-0.702424242,-0.581588734,-3.0189595,205 E,1,0.688974648
141,205,E2: Arch 1,2.746781049,15.59235998,9,F,0.556128488,0.051291256,0.295285117,F,0.056917382,1,NA,NA,NA,205 F,1,0
141,205,E2: Arch 1,2.746781049,15.59235998,9,F,0.556128488,0.051291256,0.295285117,G,0.00024907,1,-9.07E-06,-0.000415313,-0.000124528,205 G,0,0.233251691
141,205,E2: Arch 1,2.746781049,15.59235998,9,F,0.556128488,0.051291256,0.295285117,H,0.051277195,1,-9.07E-06,-0.000415313,-0.000124528,205 H,0,-0.372038834
141,205,E2: Arch 1,2.746781049,15.59235998,9,F,0.556128488,0.051291256,0.295285117,I,0.050685678,1,-9.07E-06,-0.000415313,-0.000124528,205 I,0,0.116455632
141,205,E2: Arch 1,2.746781049,15.59235998,9,F,0.556128488,0.051291256,0.295285117,K,0.04740417,1,-9.07E-06,-0.000415313,-0.000124528,205 K,0,0.971936482
141,205,E2: Arch 1,2.746781049,15.59235998,9,F,0.556128488,0.051291256,0.295285117,L,0.037005197,1,0.003881899,-3.993692526,-0.151435348,205 L,1,1.254344345
141,205,E2: Arch 1,2.746781049,15.59235998,9,F,0.556128488,0.051291256,0.295285117,M,0.046936067,1,-9.07E-06,-0.000415313,-0.000124528,205 M,0,-0.217323133
141,205,E2: Arch 1,2.746781049,15.59235998,9,F,0.556128488,0.051291256,0.295285117,N,0.048652838,1,-9.07E-06,-0.000415313,-0.000124528,205 N,1,0.522206555
141,205,E2: Arch 1,2.746781049,15.59235998,9,F,0.556128488,0.051291256,0.295285117,P,0.046585937,1,-9.07E-06,-0.000415313,-0.000124528,205 P,0,-0.502108907
141,205,E2: Arch 1,2.746781049,15.59235998,9,F,0.556128488,0.051291256,0.295285117,Q,8.26E-05,1,-9.07E-06,-0.000415313,-0.000124528,205 Q,0,-0.812319484
141,205,E2: Arch 1,2.746781049,15.59235998,9,F,0.556128488,0.051291256,0.295285117,R,0.000408384,1,-9.07E-06,-0.000415313,-0.000124528,205 R,0,-0.006686047
141,205,E2: Arch 1,2.746781049,15.59235998,9,F,0.556128488,0.051291256,0.295285117,S,0.034232039,1,-0.097566316,0.051291256,-0.622494531,205 S,1,0.951918322
141,205,E2: Arch 1,2.746781049,15.59235998,9,F,0.556128488,0.051291256,0.295285117,T,0.091503854,1,0.322401117,-0.256576454,0.18196409,205 T,1,0.373213467
141,205,E2: Arch 1,2.746781049,15.59235998,9,F,0.556128488,0.051291256,0.295285117,V,0.153838857,1,-0.281646839,-0.283526993,-0.095377033,205 V,1,0.410371997
141,205,E2: Arch 1,2.746781049,15.59235998,9,F,0.556128488,0.051291256,0.295285117,W,0.078285336,1,-0.349463065,-1.060965961,-0.039349693,205 W,1,-0.732371548
141,205,E2: Arch 1,2.746781049,15.59235998,9,F,0.556128488,0.051291256,0.295285117,Y,0.040706501,1,-9.07E-06,-0.000415313,-0.000124528,205 Y,0,-0.452401088
142,206,E2: Arch 1,1.856746457,6.402870829,8,H,0,0.08391387,0.005886267,A,1.27E-06,1,-0.000566886,-0.001815302,-0.000471775,206 A,0,-0.126754861
142,206,E2: Arch 1,1.856746457,6.402870829,8,H,0,0.08391387,0.005886267,C,0.292314072,1,-0.471667478,-4.505439117,-0.273175092,206 C,1,0.333078186
142,206,E2: Arch 1,1.856746457,6.402870829,8,H,0,0.08391387,0.005886267,D,0.05341737,1,-0.000566886,-0.001815302,-0.000471775,206 D,0,-0.398358604
142,206,E2: Arch 1,1.856746457,6.402870829,8,H,0,0.08391387,0.005886267,E,4.29E-07,1,-0.000566886,-0.001815302,-0.000471775,206 E,0,0.078628398
142,206,E2: Arch 1,1.856746457,6.402870829,8,H,0,0.08391387,0.005886267,F,1.34E-05,1,-0.000566886,-0.001815302,-0.000471775,206 F,1,-0.80687491
142,206,E2: Arch 1,1.856746457,6.402870829,8,H,0,0.08391387,0.005886267,G,5.71E-06,1,-0.000566886,-0.001815302,-0.000471775,206 G,0,-0.121878894
142,206,E2: Arch 1,1.856746457,6.402870829,8,H,0,0.08391387,0.005886267,H,0.00136169,1,NA,NA,NA,206 H,1,0
142,206,E2: Arch 1,1.856746457,6.402870829,8,H,0,0.08391387,0.005886267,I,0.053836055,1,-0.000566886,-0.001815302,-0.000471775,206 I,0,-0.218189248
142,206,E2: Arch 1,1.856746457,6.402870829,8,H,0,0.08391387,0.005886267,K,0.060261915,1,-0.000566886,-0.001815302,-0.000471775,206 K,0,0.642188483
142,206,E2: Arch 1,1.856746457,6.402870829,8,H,0,0.08391387,0.005886267,L,0.332977756,1,-0.182202017,-0.488877316,-0.068314481,206 L,1,-1.248317771
142,206,E2: Arch 1,1.856746457,6.402870829,8,H,0,0.08391387,0.005886267,M,0.049848744,1,-0.000566886,-0.001815302,-0.000471775,206 M,0,-0.782816173
142,206,E2: Arch 1,1.856746457,6.402870829,8,H,0,0.08391387,0.005886267,N,0.046123655,1,-0.000566886,-0.001815302,-0.000471775,206 N,0,-0.233965913
142,206,E2: Arch 1,1.856746457,6.402870829,8,H,0,0.08391387,0.005886267,P,0.051032364,1,-0.000566886,-0.001815302,-0.000471775,206 P,0,-0.452624351
142,206,E2: Arch 1,1.856746457,6.402870829,8,H,0,0.08391387,0.005886267,Q,0.052071791,1,-0.000566886,-0.001815302,-0.000471775,206 Q,0,0.904027301
142,206,E2: Arch 1,1.856746457,6.402870829,8,H,0,0.08391387,0.005886267,R,0.000763328,1,-0.401402388,-0.486803041,-0.358635225,206 R,1,-0.302592489
142,206,E2: Arch 1,1.856746457,6.402870829,8,H,0,0.08391387,0.005886267,S,0.000618237,1,-0.283927218,0.08391387,-3.158711027,206 S,1,0.661130166
142,206,E2: Arch 1,1.856746457,6.402870829,8,H,0,0.08391387,0.005886267,T,0.003335893,1,-0.490949427,-0.201925016,0.005886267,206 T,1,0.134340617
142,206,E2: Arch 1,1.856746457,6.402870829,8,H,0,0.08391387,0.005886267,V,7.76E-06,1,-0.000566886,-0.001815302,-0.000471775,206 V,0,-0.185778764
142,206,E2: Arch 1,1.856746457,6.402870829,8,H,0,0.08391387,0.005886267,W,2.73E-06,1,-0.000566886,-0.001815302,-0.000471775,206 W,0,-0.229525995
142,206,E2: Arch 1,1.856746457,6.402870829,8,H,0,0.08391387,0.005886267,Y,0.002005794,1,-0.117872531,-9.579238629,-0.274920471,206 Y,1,-1.5247169
143,207,E2: Arch 1,0.688010316,1.989752613,12,S,0.411984149,0.590172565,0.828125642,A,0.004702109,1,0.406429099,0.518855064,0.762934695,207 A,1,-0.097332336
143,207,E2: Arch 1,0.688010316,1.989752613,12,S,0.411984149,0.590172565,0.828125642,C,0.000698926,1,0.00555505,-5.366854097,-0.083231985,207 C,1,0.577087803
143,207,E2: Arch 1,0.688010316,1.989752613,12,S,0.411984149,0.590172565,0.828125642,D,3.03E-06,1,-0.002100956,-0.002907362,-0.001375797,207 D,0,0.107806901
143,207,E2: Arch 1,0.688010316,1.989752613,12,S,0.411984149,0.590172565,0.828125642,E,7.59E-06,1,-4.647169442,-4.640914762,-4.675152313,207 E,0,-0.810299618
143,207,E2: Arch 1,0.688010316,1.989752613,12,S,0.411984149,0.590172565,0.828125642,F,0.002441308,1,-1.081619594,-1.081932234,-1.218931284,207 F,1,0.247099103
143,207,E2: Arch 1,0.688010316,1.989752613,12,S,0.411984149,0.590172565,0.828125642,G,0.028650488,1,-0.204732862,-0.823013002,-0.090200672,207 G,1,0.379040442
143,207,E2: Arch 1,0.688010316,1.989752613,12,S,0.411984149,0.590172565,0.828125642,H,0.001037186,1,-0.490716384,-3.225134421,-0.661080957,207 H,1,-1.233375833
143,207,E2: Arch 1,0.688010316,1.989752613,12,S,0.411984149,0.590172565,0.828125642,I,0.008046139,1,-0.973185711,-1.169973626,-1.019264129,207 I,1,0.415909383
143,207,E2: Arch 1,0.688010316,1.989752613,12,S,0.411984149,0.590172565,0.828125642,K,0.052262511,1,-0.002100956,-0.002907362,-0.001375797,207 K,0,-0.269936795
143,207,E2: Arch 1,0.688010316,1.989752613,12,S,0.411984149,0.590172565,0.828125642,L,3.92E-06,1,-0.002100956,-0.002907362,-0.001375797,207 L,0,-0.304402911
143,207,E2: Arch 1,0.688010316,1.989752613,12,S,0.411984149,0.590172565,0.828125642,M,5.62E-06,1,-4.756100647,-4.749825885,-4.784146205,207 M,0,1.553709694
143,207,E2: Arch 1,0.688010316,1.989752613,12,S,0.411984149,0.590172565,0.828125642,N,0.854123955,1,-0.623803078,-0.726018268,-0.329867376,207 N,1,-0.804181817
143,207,E2: Arch 1,0.688010316,1.989752613,12,S,0.411984149,0.590172565,0.828125642,P,0.003239724,1,-0.475626333,-0.774371583,-0.63710464,207 P,1,0.232344583
143,207,E2: Arch 1,0.688010316,1.989752613,12,S,0.411984149,0.590172565,0.828125642,Q,7.33E-06,1,-0.002100956,-0.002907362,-0.001375797,207 Q,0,0.169217779
143,207,E2: Arch 1,0.688010316,1.989752613,12,S,0.411984149,0.590172565,0.828125642,R,1.86E-06,1,-2.177322262,-2.174633696,-2.196247598,207 R,0,-0.002850571
143,207,E2: Arch 1,0.688010316,1.989752613,12,S,0.411984149,0.590172565,0.828125642,S,0.009885857,1,NA,NA,NA,207 S,1,0
143,207,E2: Arch 1,0.688010316,1.989752613,12,S,0.411984149,0.590172565,0.828125642,T,0.013009308,1,-0.160574563,0.071317501,0.065190947,207 T,1,0.637357865
143,207,E2: Arch 1,0.688010316,1.989752613,12,S,0.411984149,0.590172565,0.828125642,V,0.021548491,1,-0.32945734,-0.516207805,-0.270652707,207 V,1,-0.2467695
143,207,E2: Arch 1,0.688010316,1.989752613,12,S,0.411984149,0.590172565,0.828125642,W,1.15E-05,1,-0.002100956,-0.002907362,-0.001375797,207 W,0,-1.024615928
143,207,E2: Arch 1,0.688010316,1.989752613,12,S,0.411984149,0.590172565,0.828125642,Y,0.000313134,1,-1.050235955,-1.018623383,-0.750271199,207 Y,1,1.213959682
144,208,E2: Arch 1,2.626351134,13.82323862,18,R,1.077457464,0.87456974,2.054980288,A,0.097296902,1,0.101522359,0.252560758,0.521852021,208 A,1,0.32109467
144,208,E2: Arch 1,2.626351134,13.82323862,18,R,1.077457464,0.87456974,2.054980288,C,0.112100447,1,-1.240273252,-0.826446779,-1.028418567,208 C,1,0.414383356
144,208,E2: Arch 1,2.626351134,13.82323862,18,R,1.077457464,0.87456974,2.054980288,D,0.003679406,1,-5.174970115,-5.171654268,-0.371275477,208 D,1,0.212598787
144,208,E2: Arch 1,2.626351134,13.82323862,18,R,1.077457464,0.87456974,2.054980288,E,0.000328734,1,0.001221288,-0.00119779,0.001667824,208 E,0,0.09731751
144,208,E2: Arch 1,2.626351134,13.82323862,18,R,1.077457464,0.87456974,2.054980288,F,0.012151876,1,-0.647248678,-0.851382847,-0.683079109,208 F,1,-1.760340217
144,208,E2: Arch 1,2.626351134,13.82323862,18,R,1.077457464,0.87456974,2.054980288,G,5.06E-05,1,0.001221288,-0.00119779,0.001667824,208 G,0,-1.051504983
144,208,E2: Arch 1,2.626351134,13.82323862,18,R,1.077457464,0.87456974,2.054980288,H,0.071208323,1,-0.337405846,-0.262495684,-0.181488555,208 H,1,-0.506242682
144,208,E2: Arch 1,2.626351134,13.82323862,18,R,1.077457464,0.87456974,2.054980288,I,0.018286813,1,0.030868299,0.205471048,0.294325828,208 I,1,-0.105935514
144,208,E2: Arch 1,2.626351134,13.82323862,18,R,1.077457464,0.87456974,2.054980288,K,0.04791443,1,-0.300797772,-0.844886411,-0.050417473,208 K,1,0.361622105
144,208,E2: Arch 1,2.626351134,13.82323862,18,R,1.077457464,0.87456974,2.054980288,L,0.023874367,1,0.696923402,0.141694157,0.575499835,208 L,1,-0.082912372
144,208,E2: Arch 1,2.626351134,13.82323862,18,R,1.077457464,0.87456974,2.054980288,M,0.081326587,1,-0.013483704,0.154957837,-0.400479885,208 M,1,-0.622652356
144,208,E2: Arch 1,2.626351134,13.82323862,18,R,1.077457464,0.87456974,2.054980288,N,0.039474769,1,-0.360059052,-0.006466715,-0.145151869,208 N,1,-0.710058062
144,208,E2: Arch 1,2.626351134,13.82323862,18,R,1.077457464,0.87456974,2.054980288,P,0.044879252,1,-0.605871069,-0.311881131,0.018061051,208 P,1,0.571344617
144,208,E2: Arch 1,2.626351134,13.82323862,18,R,1.077457464,0.87456974,2.054980288,Q,0.019918485,1,0.025039904,-0.148429854,0.395625359,208 Q,1,-0.181500942
144,208,E2: Arch 1,2.626351134,13.82323862,18,R,1.077457464,0.87456974,2.054980288,R,0.056810892,1,NA,NA,NA,208 R,1,0
144,208,E2: Arch 1,2.626351134,13.82323862,18,R,1.077457464,0.87456974,2.054980288,S,0.085391287,1,0.136528059,-0.281870863,0.178633818,208 S,1,0.342343805
144,208,E2: Arch 1,2.626351134,13.82323862,18,R,1.077457464,0.87456974,2.054980288,T,0.072090494,1,0.082911576,0.11988594,0.065978902,208 T,1,-0.28795182
144,208,E2: Arch 1,2.626351134,13.82323862,18,R,1.077457464,0.87456974,2.054980288,V,0.136314245,1,-0.10503344,-0.44585999,-0.145325553,208 V,1,-0.350181085
144,208,E2: Arch 1,2.626351134,13.82323862,18,R,1.077457464,0.87456974,2.054980288,W,4.94E-05,1,0.001221288,-0.00119779,0.001667824,208 W,0,0.108709655
144,208,E2: Arch 1,2.626351134,13.82323862,18,R,1.077457464,0.87456974,2.054980288,Y,0.076852692,1,-0.390894674,-0.521094274,-0.413842974,208 Y,1,0.044039766
145,209,E2: Arch 1,2.443917962,11.51807986,12,P,2.670105623,0.145157968,0.104962426,A,0.044573537,1,-0.000764257,-0.001427884,-0.000724652,209 A,0,0.272461116
145,209,E2: Arch 1,2.443917962,11.51807986,12,P,2.670105623,0.145157968,0.104962426,C,0.00010572,1,-0.000764257,-0.001427884,-0.000724652,209 C,0,-0.38057564
145,209,E2: Arch 1,2.443917962,11.51807986,12,P,2.670105623,0.145157968,0.104962426,D,0.127560524,1,-0.089321881,-0.98906805,-0.202396932,209 D,1,-1.108992391
145,209,E2: Arch 1,2.443917962,11.51807986,12,P,2.670105623,0.145157968,0.104962426,E,0.000123526,1,-0.000764257,-0.001427884,-0.000724652,209 E,0,-0.132998849
145,209,E2: Arch 1,2.443917962,11.51807986,12,P,2.670105623,0.145157968,0.104962426,F,0.08683797,1,-0.219815825,-0.957424492,-0.325394526,209 F,1,0.419252824
145,209,E2: Arch 1,2.443917962,11.51807986,12,P,2.670105623,0.145157968,0.104962426,G,0.133546399,1,-0.142280149,-0.276539726,-0.197166964,209 G,1,0.369766287
145,209,E2: Arch 1,2.443917962,11.51807986,12,P,2.670105623,0.145157968,0.104962426,H,0.1183807,1,-0.417755324,0.145157968,-0.506486176,209 H,1,1.166487422
145,209,E2: Arch 1,2.443917962,11.51807986,12,P,2.670105623,0.145157968,0.104962426,I,0.107195405,1,-0.239398243,-0.267886536,-0.349896168,209 I,1,-0.777061428
145,209,E2: Arch 1,2.443917962,11.51807986,12,P,2.670105623,0.145157968,0.104962426,K,0.041994626,1,-0.000764257,-0.001427884,-0.000724652,209 K,0,-0.230394199
145,209,E2: Arch 1,2.443917962,11.51807986,12,P,2.670105623,0.145157968,0.104962426,L,0.083747887,1,-0.373726313,-0.706523296,-0.19708925,209 L,1,0.060219743
145,209,E2: Arch 1,2.443917962,11.51807986,12,P,2.670105623,0.145157968,0.104962426,M,0.011704992,1,2.465540156,-2.607501839,-0.21170686,209 M,1,0.268855242
145,209,E2: Arch 1,2.443917962,11.51807986,12,P,2.670105623,0.145157968,0.104962426,N,0.073275764,1,-0.13098914,-2.874508683,-0.147127514,209 N,1,0.077646524
145,209,E2: Arch 1,2.443917962,11.51807986,12,P,2.670105623,0.145157968,0.104962426,P,0.071877193,1,NA,NA,NA,209 P,1,0
145,209,E2: Arch 1,2.443917962,11.51807986,12,P,2.670105623,0.145157968,0.104962426,Q,6.34E-06,1,-0.000764257,-0.001427884,-0.000724652,209 Q,0,-2.768433248
145,209,E2: Arch 1,2.443917962,11.51807986,12,P,2.670105623,0.145157968,0.104962426,R,2.66E-05,1,0.204565467,-5.162620175,-5.194688098,209 R,0,-1.455285129
145,209,E2: Arch 1,2.443917962,11.51807986,12,P,2.670105623,0.145157968,0.104962426,S,0.078760632,1,-0.258034125,-0.415651051,0.104962426,209 S,1,-0.250525717
145,209,E2: Arch 1,2.443917962,11.51807986,12,P,2.670105623,0.145157968,0.104962426,T,4.92E-06,1,-0.000764257,-0.001427884,-0.000724652,209 T,0,-2.483596411
145,209,E2: Arch 1,2.443917962,11.51807986,12,P,2.670105623,0.145157968,0.104962426,V,0.008744019,1,-0.000764257,-0.001427884,-0.000724652,209 V,1,0.121992012
145,209,E2: Arch 1,2.443917962,11.51807986,12,P,2.670105623,0.145157968,0.104962426,W,0.011478742,1,-0.493958687,-5.438833288,-0.563211842,209 W,1,-0.650086904
145,209,E2: Arch 1,2.443917962,11.51807986,12,P,2.670105623,0.145157968,0.104962426,Y,5.45E-05,1,-0.000764257,-0.001427884,-0.000724652,209 Y,0,-0.50851082
146,210,E2: Arch 1,1.530453081,4.620269703,9,Q,1.495676215,0.569147781,0.30964645,A,8.27E-06,1,-0.007178001,-0.00628072,-0.007338717,210 A,0,0.308933227
146,210,E2: Arch 1,1.530453081,4.620269703,9,Q,1.495676215,0.569147781,0.30964645,C,3.89E-05,1,0.992652569,-0.00628072,-0.007338717,210 C,0,0.204223655
146,210,E2: Arch 1,1.530453081,4.620269703,9,Q,1.495676215,0.569147781,0.30964645,D,0.05402641,1,-0.199972117,-0.078920342,-0.154106019,210 D,0,1.113719553
146,210,E2: Arch 1,1.530453081,4.620269703,9,Q,1.495676215,0.569147781,0.30964645,E,0.011328024,1,0.20815592,-0.210891654,0.30130004,210 E,1,-0.251520993
146,210,E2: Arch 1,1.530453081,4.620269703,9,Q,1.495676215,0.569147781,0.30964645,F,7.39E-05,1,-0.007178001,-0.00628072,-0.007338717,210 F,0,-0.171246515
146,210,E2: Arch 1,1.530453081,4.620269703,9,Q,1.495676215,0.569147781,0.30964645,G,0.029701755,1,0.223252874,0.110334313,-0.102700674,210 G,1,0.309363957
146,210,E2: Arch 1,1.530453081,4.620269703,9,Q,1.495676215,0.569147781,0.30964645,H,0.049828711,1,-0.007178001,-0.00628072,-0.007338717,210 H,0,-0.072378377
146,210,E2: Arch 1,1.530453081,4.620269703,9,Q,1.495676215,0.569147781,0.30964645,I,4.28E-05,1,-0.007178001,-0.00628072,-0.007338717,210 I,0,-1.117747661
146,210,E2: Arch 1,1.530453081,4.620269703,9,Q,1.495676215,0.569147781,0.30964645,K,7.84E-07,1,-0.007178001,-0.00628072,-0.007338717,210 K,0,-1.419299901
146,210,E2: Arch 1,1.530453081,4.620269703,9,Q,1.495676215,0.569147781,0.30964645,L,0.618837813,1,-0.448823069,-0.373934369,-0.493212225,210 L,1,0.150183097
146,210,E2: Arch 1,1.530453081,4.620269703,9,Q,1.495676215,0.569147781,0.30964645,M,0.048157964,1,-0.007178001,-0.00628072,-0.007338717,210 M,0,-0.360682286
146,210,E2: Arch 1,1.530453081,4.620269703,9,Q,1.495676215,0.569147781,0.30964645,N,6.82E-06,1,-3.642063393,-3.639171894,-3.663909044,210 N,0,0.97940214
146,210,E2: Arch 1,1.530453081,4.620269703,9,Q,1.495676215,0.569147781,0.30964645,P,0.043736818,1,-1.687252495,-0.007256283,0.00834641,210 P,1,-0.377740214
146,210,E2: Arch 1,1.530453081,4.620269703,9,Q,1.495676215,0.569147781,0.30964645,Q,0.009649486,1,NA,NA,NA,210 Q,1,0
146,210,E2: Arch 1,1.530453081,4.620269703,9,Q,1.495676215,0.569147781,0.30964645,R,0.01628356,1,-0.36516849,0.458813468,-0.476563533,210 R,1,-0.070058292
146,210,E2: Arch 1,1.530453081,4.620269703,9,Q,1.495676215,0.569147781,0.30964645,S,0.053472385,1,0.022820426,-0.751094674,-0.051446492,210 S,1,0.068421366
146,210,E2: Arch 1,1.530453081,4.620269703,9,Q,1.495676215,0.569147781,0.30964645,T,0.020072786,1,0.048794426,-0.096563439,-0.01171169,210 T,1,-0.214552698
146,210,E2: Arch 1,1.530453081,4.620269703,9,Q,1.495676215,0.569147781,0.30964645,V,0.044655131,1,-0.007178001,-0.00628072,-0.007338717,210 V,0,0.161203073
146,210,E2: Arch 1,1.530453081,4.620269703,9,Q,1.495676215,0.569147781,0.30964645,W,1.87E-05,1,-0.007178001,-0.00628072,-0.007338717,210 W,0,0.12816607
146,210,E2: Arch 1,1.530453081,4.620269703,9,Q,1.495676215,0.569147781,0.30964645,Y,5.89E-05,1,-0.007178001,-0.00628072,-0.007338717,210 Y,0,0.782631125
147,211,E2: Arch 1,2.562317049,12.96582498,16,H,0.461402054,0.47993086,1.338937499,A,0.114401376,1,-0.162725368,-0.034596283,0.320800073,211 A,1,0.835108661
147,211,E2: Arch 1,2.562317049,12.96582498,16,H,0.461402054,0.47993086,1.338937499,C,0.108582125,1,-0.325275365,-1.379837897,-0.446848998,211 C,1,-0.160598681
147,211,E2: Arch 1,2.562317049,12.96582498,16,H,0.461402054,0.47993086,1.338937499,D,0.099719404,1,-0.212820923,-0.367918985,-0.509815552,211 D,1,0.558648151
147,211,E2: Arch 1,2.562317049,12.96582498,16,H,0.461402054,0.47993086,1.338937499,E,0.057652361,1,-0.377754562,-1.09991665,-0.478956621,211 E,1,0.945777548
147,211,E2: Arch 1,2.562317049,12.96582498,16,H,0.461402054,0.47993086,1.338937499,F,0.06478768,1,-0.00797599,-0.475672241,0.160698984,211 F,1,-0.774225808
147,211,E2: Arch 1,2.562317049,12.96582498,16,H,0.461402054,0.47993086,1.338937499,G,0.00017007,1,-0.001102305,-0.002508661,-0.000723284,211 G,0,0.044989501
147,211,E2: Arch 1,2.562317049,12.96582498,16,H,0.461402054,0.47993086,1.338937499,H,0.046452017,1,NA,NA,NA,211 H,1,0
147,211,E2: Arch 1,2.562317049,12.96582498,16,H,0.461402054,0.47993086,1.338937499,I,3.95E-05,1,-0.001102305,-0.002508661,-0.000723284,211 I,0,0.087073963
147,211,E2: Arch 1,2.562317049,12.96582498,16,H,0.461402054,0.47993086,1.338937499,K,0.000118952,1,-0.001102305,-0.002508661,-0.000723284,211 K,0,0.520816141
147,211,E2: Arch 1,2.562317049,12.96582498,16,H,0.461402054,0.47993086,1.338937499,L,0.082536329,1,0.027448538,-0.327975238,-0.043125567,211 L,1,0.294603793
147,211,E2: Arch 1,2.562317049,12.96582498,16,H,0.461402054,0.47993086,1.338937499,M,0.107419606,1,-0.287365113,-0.637773368,-0.056664545,211 M,1,-0.902039732
147,211,E2: Arch 1,2.562317049,12.96582498,16,H,0.461402054,0.47993086,1.338937499,N,0.001410293,1,0.371400097,-0.00105437,0.280037245,211 N,1,0.678130709
147,211,E2: Arch 1,2.562317049,12.96582498,16,H,0.461402054,0.47993086,1.338937499,P,0.002833022,1,-0.460130834,-0.718462754,-0.548625937,211 P,1,-0.441748634
147,211,E2: Arch 1,2.562317049,12.96582498,16,H,0.461402054,0.47993086,1.338937499,Q,0.062414039,1,-0.119967772,-0.221511742,-0.168969513,211 Q,1,-0.13814184
147,211,E2: Arch 1,2.562317049,12.96582498,16,H,0.461402054,0.47993086,1.338937499,R,0.062608868,1,-0.294740407,-0.280949879,-0.195057474,211 R,1,0.482020441
147,211,E2: Arch 1,2.562317049,12.96582498,16,H,0.461402054,0.47993086,1.338937499,S,0.036585933,1,0.062553418,0.185338131,0.069768993,211 S,1,-0.240062823
147,211,E2: Arch 1,2.562317049,12.96582498,16,H,0.461402054,0.47993086,1.338937499,T,0.010889936,1,-0.471732785,0.243087568,-0.316213099,211 T,1,0.815515246
147,211,E2: Arch 1,2.562317049,12.96582498,16,H,0.461402054,0.47993086,1.338937499,V,0.047238867,1,-0.095492743,0.051505161,0.123466907,211 V,1,0.427042871
147,211,E2: Arch 1,2.562317049,12.96582498,16,H,0.461402054,0.47993086,1.338937499,W,0.000140592,1,-0.001102305,-0.002508661,-0.000723284,211 W,0,-0.107391153
147,211,E2: Arch 1,2.562317049,12.96582498,16,H,0.461402054,0.47993086,1.338937499,Y,0.093999007,1,-0.202094885,-0.071896506,0.384165296,211 Y,1,0.594990409
148,212,E2: Arch 1,2.149126965,8.577366783,13,G,2.460843795,0,2.392946645,A,0.063071331,1,-0.566315685,-1.580400898,-0.918387821,212 A,1,0.090181307
148,212,E2: Arch 1,2.149126965,8.577366783,13,G,2.460843795,0,2.392946645,C,3.24E-06,1,-0.002155914,-0.003711428,-0.001578486,212 C,0,-1.010033663
148,212,E2: Arch 1,2.149126965,8.577366783,13,G,2.460843795,0,2.392946645,D,0.049500382,1,-4.675792566,-9.057906734,-0.162165472,212 D,1,0.712315168
148,212,E2: Arch 1,2.149126965,8.577366783,13,G,2.460843795,0,2.392946645,E,0.000110678,1,-0.002155914,-0.003711428,-0.001578486,212 E,0,-0.670879649
148,212,E2: Arch 1,2.149126965,8.577366783,13,G,2.460843795,0,2.392946645,F,0.137575356,1,-0.194583514,-0.747871282,-0.248573331,212 F,1,-0.100977559
148,212,E2: Arch 1,2.149126965,8.577366783,13,G,2.460843795,0,2.392946645,G,0.144266125,1,NA,NA,NA,212 G,1,0
148,212,E2: Arch 1,2.149126965,8.577366783,13,G,2.460843795,0,2.392946645,H,0.072924066,1,-0.597176725,-1.553878821,-0.561056454,212 H,1,0.644606033
148,212,E2: Arch 1,2.149126965,8.577366783,13,G,2.460843795,0,2.392946645,I,0.007268995,1,-3.42314039,-5.804315559,-3.521865594,212 I,1,3.080313068
148,212,E2: Arch 1,2.149126965,8.577366783,13,G,2.460843795,0,2.392946645,K,0.00018678,1,-0.002155914,-0.003711428,-0.001578486,212 K,0,-0.763694221
148,212,E2: Arch 1,2.149126965,8.577366783,13,G,2.460843795,0,2.392946645,L,0.003481405,1,-2.80364557,-2.803630197,-0.423618833,212 L,1,-0.907308753
148,212,E2: Arch 1,2.149126965,8.577366783,13,G,2.460843795,0,2.392946645,M,0.036877585,1,-0.758685297,-4.615932102,-0.870751066,212 M,1,0.491090478
148,212,E2: Arch 1,2.149126965,8.577366783,13,G,2.460843795,0,2.392946645,N,6.52E-05,1,-0.002155914,-0.003711428,-0.001578486,212 N,0,-0.8016402
148,212,E2: Arch 1,2.149126965,8.577366783,13,G,2.460843795,0,2.392946645,P,6.10E-05,1,-2.258309305,-2.258333917,0.068645248,212 P,0,-0.855891786
148,212,E2: Arch 1,2.149126965,8.577366783,13,G,2.460843795,0,2.392946645,Q,0.000320045,1,-0.002155914,-0.003711428,-0.001578486,212 Q,0,0.174313172
148,212,E2: Arch 1,2.149126965,8.577366783,13,G,2.460843795,0,2.392946645,R,0.002061335,1,2.460843795,-0.003711428,2.324301397,212 R,1,-0.443626975
148,212,E2: Arch 1,2.149126965,8.577366783,13,G,2.460843795,0,2.392946645,S,0.058240687,1,-0.796474516,-1.243212625,-0.569524741,212 S,1,0.709865778
148,212,E2: Arch 1,2.149126965,8.577366783,13,G,2.460843795,0,2.392946645,T,0.028624524,1,-1.608887263,-4.803665778,-1.256315771,212 T,1,-1.107617888
148,212,E2: Arch 1,2.149126965,8.577366783,13,G,2.460843795,0,2.392946645,V,0.000176929,1,-0.002155914,-0.003711428,-0.001578486,212 V,0,-1.334322437
148,212,E2: Arch 1,2.149126965,8.577366783,13,G,2.460843795,0,2.392946645,W,0.130635794,1,-0.08071812,-3.594741625,-0.747090765,212 W,1,0.506666171
148,212,E2: Arch 1,2.149126965,8.577366783,13,G,2.460843795,0,2.392946645,Y,0.264548568,1,-0.289151986,-0.388554582,-0.129965313,212 Y,1,0.048545743
149,213,E2: Arch 1,2.668852417,14.42340764,19,R,1.9558957,2.321825026,1.719221196,A,0.16436763,1,-0.327506666,-0.110823127,-0.444194655,213 A,1,-0.409453441
149,213,E2: Arch 1,2.668852417,14.42340764,19,R,1.9558957,2.321825026,1.719221196,C,5.95E-05,1,0.000697929,0.000210528,-3.87E-05,213 C,0,-0.394826952
149,213,E2: Arch 1,2.668852417,14.42340764,19,R,1.9558957,2.321825026,1.719221196,D,0.037509658,1,0.155734877,-1.0239563,0.181563115,213 D,1,-0.517755813
149,213,E2: Arch 1,2.668852417,14.42340764,19,R,1.9558957,2.321825026,1.719221196,E,0.018850676,1,-0.004801604,-0.233526136,0.072337117,213 E,1,0.232654033
149,213,E2: Arch 1,2.668852417,14.42340764,19,R,1.9558957,2.321825026,1.719221196,F,0.003159114,1,-0.06612376,0.079813673,0.274488372,213 F,1,-1.501608682
149,213,E2: Arch 1,2.668852417,14.42340764,19,R,1.9558957,2.321825026,1.719221196,G,0.050683463,1,-0.083115817,-0.350794114,-0.379904159,213 G,1,-0.084215096
149,213,E2: Arch 1,2.668852417,14.42340764,19,R,1.9558957,2.321825026,1.719221196,H,0.069134394,1,-0.260933988,0.29985129,-0.28741856,213 H,1,-0.255345674
149,213,E2: Arch 1,2.668852417,14.42340764,19,R,1.9558957,2.321825026,1.719221196,I,0.053086507,1,0.138582856,0.133335151,-0.389852535,213 I,1,-0.739614577
149,213,E2: Arch 1,2.668852417,14.42340764,19,R,1.9558957,2.321825026,1.719221196,K,0.137524642,1,0.307304522,0.990220956,0.612674224,213 K,1,-2.235890019
149,213,E2: Arch 1,2.668852417,14.42340764,19,R,1.9558957,2.321825026,1.719221196,L,0.00821241,1,-0.650665693,-0.056013007,-0.108436662,213 L,1,0.267004514
149,213,E2: Arch 1,2.668852417,14.42340764,19,R,1.9558957,2.321825026,1.719221196,M,0.024066274,1,0.203731398,-1.123470376,-0.347573097,213 M,1,1.202179063
149,213,E2: Arch 1,2.668852417,14.42340764,19,R,1.9558957,2.321825026,1.719221196,N,0.022848923,1,-0.063033589,-0.257582264,-0.105059791,213 N,1,-0.603014296
149,213,E2: Arch 1,2.668852417,14.42340764,19,R,1.9558957,2.321825026,1.719221196,P,0.079580584,1,0.183217014,-0.001491627,0.036574895,213 P,1,0.052545886
149,213,E2: Arch 1,2.668852417,14.42340764,19,R,1.9558957,2.321825026,1.719221196,Q,0.030521805,1,0.153968372,-0.439673238,0.08555351,213 Q,1,2.207460102
149,213,E2: Arch 1,2.668852417,14.42340764,19,R,1.9558957,2.321825026,1.719221196,R,0.044393184,1,NA,NA,NA,213 R,1,0
149,213,E2: Arch 1,2.668852417,14.42340764,19,R,1.9558957,2.321825026,1.719221196,S,0.064034238,1,0.319359404,-0.033686826,0.092553685,213 S,1,-0.50643106
149,213,E2: Arch 1,2.668852417,14.42340764,19,R,1.9558957,2.321825026,1.719221196,T,0.09654441,1,0.238449741,0.248589553,0.303770633,213 T,1,-0.997583757
149,213,E2: Arch 1,2.668852417,14.42340764,19,R,1.9558957,2.321825026,1.719221196,V,0.02450462,1,0.009225044,0.237679043,0.059705645,213 V,1,-1.408053955
149,213,E2: Arch 1,2.668852417,14.42340764,19,R,1.9558957,2.321825026,1.719221196,W,0.03211507,1,-0.004403907,-0.478655521,-0.125361918,213 W,1,-1.327220204
149,213,E2: Arch 1,2.668852417,14.42340764,19,R,1.9558957,2.321825026,1.719221196,Y,0.038802866,1,0.245624543,0.332124831,-0.214114446,213 Y,1,0.394625373
150,214,E2: Arch 1,2.352504845,10.51186737,5,E,3.09354722,0,1.141180885,A,0.04538628,1,-0.017356692,-0.016195949,-0.017175397,214 A,0,1.424475953
150,214,E2: Arch 1,2.352504845,10.51186737,5,E,3.09354722,0,1.141180885,C,0.049866901,1,-0.017356692,-0.016195949,-0.017175397,214 C,0,0.259604502
150,214,E2: Arch 1,2.352504845,10.51186737,5,E,3.09354722,0,1.141180885,D,0.04779035,1,-0.017356692,-0.016195949,-0.017175397,214 D,0,-0.252371629
150,214,E2: Arch 1,2.352504845,10.51186737,5,E,3.09354722,0,1.141180885,E,0.007551181,1,NA,NA,NA,214 E,1,0
150,214,E2: Arch 1,2.352504845,10.51186737,5,E,3.09354722,0,1.141180885,F,0.050003966,1,-2.33611535,-2.331064298,-2.344851311,214 F,0,-0.18545425
150,214,E2: Arch 1,2.352504845,10.51186737,5,E,3.09354722,0,1.141180885,G,0.034515037,1,0.070516891,-1.740237964,0.417811617,214 G,1,-0.481590698
150,214,E2: Arch 1,2.352504845,10.51186737,5,E,3.09354722,0,1.141180885,H,0.051758892,1,-0.017356692,-0.016195949,-0.017175397,214 H,0,0.0246451
150,214,E2: Arch 1,2.352504845,10.51186737,5,E,3.09354722,0,1.141180885,I,0.048003944,1,-0.017356692,-0.016195949,-0.017175397,214 I,0,-0.054775996
150,214,E2: Arch 1,2.352504845,10.51186737,5,E,3.09354722,0,1.141180885,K,0.356164412,1,-1.305395975,-1.161386857,-1.282879796,214 K,1,0.101460469
150,214,E2: Arch 1,2.352504845,10.51186737,5,E,3.09354722,0,1.141180885,L,6.00E-06,1,-0.017356692,-0.016195949,-0.017175397,214 L,0,0.127177204
150,214,E2: Arch 1,2.352504845,10.51186737,5,E,3.09354722,0,1.141180885,M,0.013193856,1,0.591766809,-0.162817124,0.723369268,214 M,1,0.919319938
150,214,E2: Arch 1,2.352504845,10.51186737,5,E,3.09354722,0,1.141180885,N,0.050219855,1,-0.017356692,-0.016195949,-0.017175397,214 N,0,0.08785466
150,214,E2: Arch 1,2.352504845,10.51186737,5,E,3.09354722,0,1.141180885,P,0.049933582,1,-0.017356692,-0.016195949,-0.017175397,214 P,0,-0.18364907
150,214,E2: Arch 1,2.352504845,10.51186737,5,E,3.09354722,0,1.141180885,Q,0.046841645,1,-0.017356692,-0.016195949,-0.017175397,214 Q,0,0.381176044
150,214,E2: Arch 1,2.352504845,10.51186737,5,E,3.09354722,0,1.141180885,R,0.047885924,1,-0.017356692,-0.016195949,-0.017175397,214 R,0,0.037624618
150,214,E2: Arch 1,2.352504845,10.51186737,5,E,3.09354722,0,1.141180885,S,5.53E-05,1,-0.017356692,-0.016195949,-0.017175397,214 S,1,-0.069504753
150,214,E2: Arch 1,2.352504845,10.51186737,5,E,3.09354722,0,1.141180885,T,0.054124582,1,-0.017356692,-0.016195949,-0.017175397,214 T,0,0.015825404
150,214,E2: Arch 1,2.352504845,10.51186737,5,E,3.09354722,0,1.141180885,V,1.40E-05,1,2.43126352,-0.016195949,-0.017175397,214 V,0,-0.511000388
150,214,E2: Arch 1,2.352504845,10.51186737,5,E,3.09354722,0,1.141180885,W,1.45E-05,1,-0.017356692,-0.016195949,-0.017175397,214 W,0,0.101723607
150,214,E2: Arch 1,2.352504845,10.51186737,5,E,3.09354722,0,1.141180885,Y,0.046669729,1,-0.017356692,-0.016195949,-0.017175397,214 Y,0,0.543697815
151,215,E2: Arch 1,2.303486444,10.00901757,12,L,0.760867267,3.767501911,3.908999528,A,0.068952291,1,-3.367631726,1.092144799,-0.541505364,215 A,1,-0.968113334
151,215,E2: Arch 1,2.303486444,10.00901757,12,L,0.760867267,3.767501911,3.908999528,C,0.020376276,1,-0.165774604,2.615727885,2.510963252,215 C,1,-0.826365632
151,215,E2: Arch 1,2.303486444,10.00901757,12,L,0.760867267,3.767501911,3.908999528,D,0.000106169,1,-6.23E-05,-7.14E-05,0.000358262,215 D,0,0.011873442
151,215,E2: Arch 1,2.303486444,10.00901757,12,L,0.760867267,3.767501911,3.908999528,E,0.067920445,1,-1.73619437,-0.254018692,-0.317180417,215 E,1,0.229621932
151,215,E2: Arch 1,2.303486444,10.00901757,12,L,0.760867267,3.767501911,3.908999528,F,0.049578855,1,-6.23E-05,-7.14E-05,0.000358262,215 F,0,0.204402466
151,215,E2: Arch 1,2.303486444,10.00901757,12,L,0.760867267,3.767501911,3.908999528,G,0.00020083,1,-6.23E-05,-7.14E-05,0.000358262,215 G,0,0.046289532
151,215,E2: Arch 1,2.303486444,10.00901757,12,L,0.760867267,3.767501911,3.908999528,H,0.021318601,1,0.194491328,-0.556731279,0.697835414,215 H,1,0.090517357
151,215,E2: Arch 1,2.303486444,10.00901757,12,L,0.760867267,3.767501911,3.908999528,I,0.051302651,1,-6.23E-05,-7.14E-05,0.000358262,215 I,0,-2.020614243
151,215,E2: Arch 1,2.303486444,10.00901757,12,L,0.760867267,3.767501911,3.908999528,K,0.000232805,1,-6.23E-05,-7.14E-05,0.000358262,215 K,0,0.460848918
151,215,E2: Arch 1,2.303486444,10.00901757,12,L,0.760867267,3.767501911,3.908999528,L,0.13626152,1,NA,NA,NA,215 L,1,0
151,215,E2: Arch 1,2.303486444,10.00901757,12,L,0.760867267,3.767501911,3.908999528,M,0.000101373,1,-6.23E-05,-7.14E-05,0.000358262,215 M,0,-0.360933914
151,215,E2: Arch 1,2.303486444,10.00901757,12,L,0.760867267,3.767501911,3.908999528,N,0.00055865,1,-6.23E-05,-7.14E-05,0.000358262,215 N,0,0.429969515
151,215,E2: Arch 1,2.303486444,10.00901757,12,L,0.760867267,3.767501911,3.908999528,P,0.01182207,1,-0.083689329,-0.624399967,-0.628611636,215 P,1,-0.218313869
151,215,E2: Arch 1,2.303486444,10.00901757,12,L,0.760867267,3.767501911,3.908999528,Q,0.060815992,1,0.215011823,-0.525973859,-0.090870681,215 Q,1,1.335712365
151,215,E2: Arch 1,2.303486444,10.00901757,12,L,0.760867267,3.767501911,3.908999528,R,0.021089093,1,0.256786807,-3.240230856,0.099824207,215 R,1,-2.669282222
151,215,E2: Arch 1,2.303486444,10.00901757,12,L,0.760867267,3.767501911,3.908999528,S,0.047908476,1,-0.05356327,-0.797171125,-0.174346581,215 S,1,-1.266152881
151,215,E2: Arch 1,2.303486444,10.00901757,12,L,0.760867267,3.767501911,3.908999528,T,0.026447157,1,-0.54394908,-0.537994458,0.307670673,215 T,1,-0.500679624
151,215,E2: Arch 1,2.303486444,10.00901757,12,L,0.760867267,3.767501911,3.908999528,V,0.167684515,1,-0.233116363,-0.017373634,-0.312675821,215 V,1,0.034683704
151,215,E2: Arch 1,2.303486444,10.00901757,12,L,0.760867267,3.767501911,3.908999528,W,0.000207196,1,-6.23E-05,-7.14E-05,0.000358262,215 W,0,-0.520517821
151,215,E2: Arch 1,2.303486444,10.00901757,12,L,0.760867267,3.767501911,3.908999528,Y,0.247115034,1,0.094577309,0.059629226,0.289839883,215 Y,1,-0.588153875
152,216,E2: Arch 1,2.15128768,8.59592007,12,P,6.311516268,5.115436395,3.91298297,A,0.043661855,1,-2.552526919,-0.023293087,-0.037647141,216 A,1,1.618826403
152,216,E2: Arch 1,2.15128768,8.59592007,12,P,6.311516268,5.115436395,3.91298297,C,0.026362073,1,0.126828607,-5.881040837,-0.35481679,216 C,1,-0.018490701
152,216,E2: Arch 1,2.15128768,8.59592007,12,P,6.311516268,5.115436395,3.91298297,D,0.000174821,1,-0.734467212,-6.641524935,-0.810947842,216 D,0,-0.173786284
152,216,E2: Arch 1,2.15128768,8.59592007,12,P,6.311516268,5.115436395,3.91298297,E,0.350784023,1,0.149390017,0.352205853,0.402746007,216 E,1,1.010943798
152,216,E2: Arch 1,2.15128768,8.59592007,12,P,6.311516268,5.115436395,3.91298297,F,0.061010956,1,0.311263294,-0.097590699,0.042645741,216 F,1,0.27270977
152,216,E2: Arch 1,2.15128768,8.59592007,12,P,6.311516268,5.115436395,3.91298297,G,0.000184098,1,-0.221095229,-0.07135316,2.178052353,216 G,0,-0.484484325
152,216,E2: Arch 1,2.15128768,8.59592007,12,P,6.311516268,5.115436395,3.91298297,H,2.74E-06,1,3.08E-05,-0.000147369,3.25E-05,216 H,0,0.357043159
152,216,E2: Arch 1,2.15128768,8.59592007,12,P,6.311516268,5.115436395,3.91298297,I,0.03487705,1,0.950073684,-3.036862414,0.390604924,216 I,1,-1.583090228
152,216,E2: Arch 1,2.15128768,8.59592007,12,P,6.311516268,5.115436395,3.91298297,K,0.030579542,1,0.605820906,0.396935286,0.612014522,216 K,1,0.680941988
152,216,E2: Arch 1,2.15128768,8.59592007,12,P,6.311516268,5.115436395,3.91298297,L,0.076301134,1,-0.222365133,0.276786992,-0.156381082,216 L,1,0.596037869
152,216,E2: Arch 1,2.15128768,8.59592007,12,P,6.311516268,5.115436395,3.91298297,M,0.083735039,1,-0.207500826,-0.036838736,-0.41175371,216 M,1,0.357619862
152,216,E2: Arch 1,2.15128768,8.59592007,12,P,6.311516268,5.115436395,3.91298297,N,2.87E-05,1,4.168047505,4.089508265,0.028845079,216 N,0,-0.598653095
152,216,E2: Arch 1,2.15128768,8.59592007,12,P,6.311516268,5.115436395,3.91298297,P,0.101043921,1,NA,NA,NA,216 P,1,0
152,216,E2: Arch 1,2.15128768,8.59592007,12,P,6.311516268,5.115436395,3.91298297,Q,3.81E-05,1,3.08E-05,-0.000147369,3.25E-05,216 Q,0,-1.016101844
152,216,E2: Arch 1,2.15128768,8.59592007,12,P,6.311516268,5.115436395,3.91298297,R,0.046234729,1,-0.221943332,-1.16876575,0.141254044,216 R,1,0.180375284
152,216,E2: Arch 1,2.15128768,8.59592007,12,P,6.311516268,5.115436395,3.91298297,S,0.049291411,1,-0.152724614,-0.100876641,-0.090738743,216 S,1,-0.102452081
152,216,E2: Arch 1,2.15128768,8.59592007,12,P,6.311516268,5.115436395,3.91298297,T,7.70E-05,1,3.08E-05,-0.000147369,3.25E-05,216 T,0,0.847112606
152,216,E2: Arch 1,2.15128768,8.59592007,12,P,6.311516268,5.115436395,3.91298297,V,0.000115877,1,-2.220168741,-2.217141576,-2.241687843,216 V,0,-0.181808462
152,216,E2: Arch 1,2.15128768,8.59592007,12,P,6.311516268,5.115436395,3.91298297,W,0.095375059,1,-0.375493201,-0.831022014,0.116722946,216 W,1,1.215288166
152,216,E2: Arch 1,2.15128768,8.59592007,12,P,6.311516268,5.115436395,3.91298297,Y,0.000121841,1,-2.414476052,-0.162839339,-2.436243122,216 Y,0,1.228393197
153,217,E2: Arch 1,2.401571848,11.04051677,3,C,2.02E-05,0.105151199,0.413152569,A,0.000512777,1,1.12E-06,6.39E-06,1.29E-05,217 A,0,-0.281745937
153,217,E2: Arch 1,2.401571848,11.04051677,3,C,2.02E-05,0.105151199,0.413152569,C,0.137870077,1,NA,NA,NA,217 C,1,0
153,217,E2: Arch 1,2.401571848,11.04051677,3,C,2.02E-05,0.105151199,0.413152569,D,0.0526967,1,1.12E-06,6.39E-06,1.29E-05,217 D,0,0.564736538
153,217,E2: Arch 1,2.401571848,11.04051677,3,C,2.02E-05,0.105151199,0.413152569,E,0.000655083,1,1.12E-06,6.39E-06,1.29E-05,217 E,0,0.27670143
153,217,E2: Arch 1,2.401571848,11.04051677,3,C,2.02E-05,0.105151199,0.413152569,F,0.047535706,1,1.12E-06,6.39E-06,1.29E-05,217 F,0,-0.187958694
153,217,E2: Arch 1,2.401571848,11.04051677,3,C,2.02E-05,0.105151199,0.413152569,G,0.000248873,1,1.12E-06,6.39E-06,1.29E-05,217 G,0,0.837902741
153,217,E2: Arch 1,2.401571848,11.04051677,3,C,2.02E-05,0.105151199,0.413152569,H,0.051125412,1,1.12E-06,6.39E-06,1.29E-05,217 H,0,0.381978411
153,217,E2: Arch 1,2.401571848,11.04051677,3,C,2.02E-05,0.105151199,0.413152569,I,0.049109469,1,1.12E-06,6.39E-06,1.29E-05,217 I,0,0.175705579
153,217,E2: Arch 1,2.401571848,11.04051677,3,C,2.02E-05,0.105151199,0.413152569,K,0.051943987,1,1.12E-06,6.39E-06,1.29E-05,217 K,0,-0.224084106
153,217,E2: Arch 1,2.401571848,11.04051677,3,C,2.02E-05,0.105151199,0.413152569,L,0.05090548,1,1.12E-06,6.39E-06,1.29E-05,217 L,0,-0.237304373
153,217,E2: Arch 1,2.401571848,11.04051677,3,C,2.02E-05,0.105151199,0.413152569,M,0.050183726,1,1.12E-06,6.39E-06,1.29E-05,217 M,0,-0.045129426
153,217,E2: Arch 1,2.401571848,11.04051677,3,C,2.02E-05,0.105151199,0.413152569,N,0.00016658,1,1.12E-06,6.39E-06,1.29E-05,217 N,0,-0.254334552
153,217,E2: Arch 1,2.401571848,11.04051677,3,C,2.02E-05,0.105151199,0.413152569,P,0.049694804,1,1.12E-06,6.39E-06,1.29E-05,217 P,0,0.287030251
153,217,E2: Arch 1,2.401571848,11.04051677,3,C,2.02E-05,0.105151199,0.413152569,Q,0.049069673,1,1.12E-06,6.39E-06,1.29E-05,217 Q,0,-0.319730533
153,217,E2: Arch 1,2.401571848,11.04051677,3,C,2.02E-05,0.105151199,0.413152569,R,0.278940535,1,-0.21024406,0.105036221,0.412920981,217 R,1,0.448514896
153,217,E2: Arch 1,2.401571848,11.04051677,3,C,2.02E-05,0.105151199,0.413152569,S,0.000579629,1,1.12E-06,6.39E-06,1.29E-05,217 S,0,-0.570266435
153,217,E2: Arch 1,2.401571848,11.04051677,3,C,2.02E-05,0.105151199,0.413152569,T,0.000838186,1,1.12E-06,6.39E-06,1.29E-05,217 T,0,0.128906649
153,217,E2: Arch 1,2.401571848,11.04051677,3,C,2.02E-05,0.105151199,0.413152569,V,0.052246243,1,1.12E-06,6.39E-06,1.29E-05,217 V,0,-0.441668821
153,217,E2: Arch 1,2.401571848,11.04051677,3,C,2.02E-05,0.105151199,0.413152569,W,0.05092101,1,1.12E-06,6.39E-06,1.29E-05,217 W,0,-0.149481728
153,217,E2: Arch 1,2.401571848,11.04051677,3,C,2.02E-05,0.105151199,0.413152569,Y,0.024756053,1,1.12E-06,6.39E-06,1.29E-05,217 Y,1,-0.229991453
154,218,E2: Arch 1,2.511769955,12.32672852,3,S,0,0.345406841,0.320214739,A,0.049196754,1,-1.27E-05,2.61E-05,2.09E-05,218 A,0,-0.421297375
154,218,E2: Arch 1,2.511769955,12.32672852,3,S,0,0.345406841,0.320214739,C,0.045553188,1,-1.27E-05,2.61E-05,2.09E-05,218 C,0,1.784827978
154,218,E2: Arch 1,2.511769955,12.32672852,3,S,0,0.345406841,0.320214739,D,0.049890974,1,-1.27E-05,2.61E-05,2.09E-05,218 D,0,-0.2091127
154,218,E2: Arch 1,2.511769955,12.32672852,3,S,0,0.345406841,0.320214739,E,0.050775128,1,-1.27E-05,2.61E-05,2.09E-05,218 E,0,-0.181386178
154,218,E2: Arch 1,2.511769955,12.32672852,3,S,0,0.345406841,0.320214739,F,0.04946666,1,-1.27E-05,2.61E-05,2.09E-05,218 F,0,0.192205549
154,218,E2: Arch 1,2.511769955,12.32672852,3,S,0,0.345406841,0.320214739,G,0.164544895,1,-0.041986134,0.344962525,0.319858977,218 G,1,-0.281962598
154,218,E2: Arch 1,2.511769955,12.32672852,3,S,0,0.345406841,0.320214739,H,0.048295404,1,-1.27E-05,2.61E-05,2.09E-05,218 H,0,-0.176728215
154,218,E2: Arch 1,2.511769955,12.32672852,3,S,0,0.345406841,0.320214739,I,0.046861492,1,-1.27E-05,2.61E-05,2.09E-05,218 I,0,-0.268010968
154,218,E2: Arch 1,2.511769955,12.32672852,3,S,0,0.345406841,0.320214739,K,0.001233889,1,-1.27E-05,2.61E-05,2.09E-05,218 K,0,-0.283427982
154,218,E2: Arch 1,2.511769955,12.32672852,3,S,0,0.345406841,0.320214739,L,0.050283405,1,-1.27E-05,2.61E-05,2.09E-05,218 L,0,0.321319856
154,218,E2: Arch 1,2.511769955,12.32672852,3,S,0,0.345406841,0.320214739,M,0.050948793,1,-1.27E-05,2.61E-05,2.09E-05,218 M,0,-0.273768189
154,218,E2: Arch 1,2.511769955,12.32672852,3,S,0,0.345406841,0.320214739,N,0.089109889,1,-2.66614084,-2.193976189,-2.698389729,218 N,1,-0.566345175
154,218,E2: Arch 1,2.511769955,12.32672852,3,S,0,0.345406841,0.320214739,P,0.052560226,1,-1.27E-05,2.61E-05,2.09E-05,218 P,0,0.068853398
154,218,E2: Arch 1,2.511769955,12.32672852,3,S,0,0.345406841,0.320214739,Q,0.001358872,1,-1.27E-05,2.61E-05,2.09E-05,218 Q,0,0.103692291
154,218,E2: Arch 1,2.511769955,12.32672852,3,S,0,0.345406841,0.320214739,R,0.00017587,1,-1.27E-05,2.61E-05,2.09E-05,218 R,0,-1.283266628
154,218,E2: Arch 1,2.511769955,12.32672852,3,S,0,0.345406841,0.320214739,S,0.19414332,1,NA,NA,NA,218 S,1,0
154,218,E2: Arch 1,2.511769955,12.32672852,3,S,0,0.345406841,0.320214739,T,0.052146481,1,-1.27E-05,2.61E-05,2.09E-05,218 T,0,0.087881059
154,218,E2: Arch 1,2.511769955,12.32672852,3,S,0,0.345406841,0.320214739,V,0.001507911,1,-1.27E-05,2.61E-05,2.09E-05,218 V,0,-0.215404568
154,218,E2: Arch 1,2.511769955,12.32672852,3,S,0,0.345406841,0.320214739,W,0.000727843,1,-1.27E-05,2.61E-05,2.09E-05,218 W,0,0.804546793
154,218,E2: Arch 1,2.511769955,12.32672852,3,S,0,0.345406841,0.320214739,Y,0.001219005,1,-1.27E-05,2.61E-05,2.09E-05,218 Y,0,-0.427692796
155,219,E2: Arch 1,2.850218273,17.2915557,3,T,0,0.377991471,0.787007871,A,0.045020687,1,-0.179674618,0.377910545,0.276798477,219 A,0,0.846400909
155,219,E2: Arch 1,2.850218273,17.2915557,3,T,0,0.377991471,0.787007871,C,2.96E-05,1,-1.83E-05,4.76E-06,5.58E-05,219 C,0,0.076388142
155,219,E2: Arch 1,2.850218273,17.2915557,3,T,0,0.377991471,0.787007871,D,0.04977648,1,-1.83E-05,4.76E-06,5.58E-05,219 D,0,0.051544452
155,219,E2: Arch 1,2.850218273,17.2915557,3,T,0,0.377991471,0.787007871,E,0.047289635,1,-1.83E-05,4.76E-06,5.58E-05,219 E,0,0.653073668
155,219,E2: Arch 1,2.850218273,17.2915557,3,T,0,0.377991471,0.787007871,F,0.049954208,1,-1.83E-05,4.76E-06,5.58E-05,219 F,0,-0.221513284
155,219,E2: Arch 1,2.850218273,17.2915557,3,T,0,0.377991471,0.787007871,G,0.151263604,1,-1.83E-05,4.76E-06,5.58E-05,219 G,1,-0.601037693
155,219,E2: Arch 1,2.850218273,17.2915557,3,T,0,0.377991471,0.787007871,H,0.051252558,1,-1.83E-05,4.76E-06,5.58E-05,219 H,0,-0.434474254
155,219,E2: Arch 1,2.850218273,17.2915557,3,T,0,0.377991471,0.787007871,I,0.049281566,1,-1.83E-05,4.76E-06,5.58E-05,219 I,0,-0.024527297
155,219,E2: Arch 1,2.850218273,17.2915557,3,T,0,0.377991471,0.787007871,K,0.05578662,1,-1.83E-05,4.76E-06,5.58E-05,219 K,0,0.143024024
155,219,E2: Arch 1,2.850218273,17.2915557,3,T,0,0.377991471,0.787007871,L,0.049739526,1,-1.83E-05,4.76E-06,5.58E-05,219 L,0,0.250302973
155,219,E2: Arch 1,2.850218273,17.2915557,3,T,0,0.377991471,0.787007871,M,0.010434277,1,-2.586549783,-0.677536909,0.509259993,219 M,1,-1.131752239
155,219,E2: Arch 1,2.850218273,17.2915557,3,T,0,0.377991471,0.787007871,N,0.053284989,1,-1.83E-05,4.76E-06,5.58E-05,219 N,0,0.230336189
155,219,E2: Arch 1,2.850218273,17.2915557,3,T,0,0.377991471,0.787007871,P,0.048502625,1,-1.83E-05,4.76E-06,5.58E-05,219 P,0,0.242204035
155,219,E2: Arch 1,2.850218273,17.2915557,3,T,0,0.377991471,0.787007871,Q,0.047543621,1,-1.83E-05,4.76E-06,5.58E-05,219 Q,0,-0.695846325
155,219,E2: Arch 1,2.850218273,17.2915557,3,T,0,0.377991471,0.787007871,R,0.050034034,1,-1.83E-05,4.76E-06,5.58E-05,219 R,0,-0.049719784
155,219,E2: Arch 1,2.850218273,17.2915557,3,T,0,0.377991471,0.787007871,S,0.054802141,1,-1.83E-05,4.76E-06,5.58E-05,219 S,0,-0.283109217
155,219,E2: Arch 1,2.850218273,17.2915557,3,T,0,0.377991471,0.787007871,T,0.029922169,1,NA,NA,NA,219 T,1,0
155,219,E2: Arch 1,2.850218273,17.2915557,3,T,0,0.377991471,0.787007871,V,0.057369251,1,-1.83E-05,4.76E-06,5.58E-05,219 V,0,-0.336373253
155,219,E2: Arch 1,2.850218273,17.2915557,3,T,0,0.377991471,0.787007871,W,0.050606756,1,-1.83E-05,4.76E-06,5.58E-05,219 W,0,0.109433711
155,219,E2: Arch 1,2.850218273,17.2915557,3,T,0,0.377991471,0.787007871,Y,0.04810562,1,-1.83E-05,4.76E-06,5.58E-05,219 Y,0,0.140481096
156,220,E2: Arch 1,2.201720071,9.040550526,3,Y,0.305938811,0.726129337,0.994486075,A,0.000164049,1,-6.85E-06,4.49E-05,6.44E-05,220 A,0,-0.080660301
156,220,E2: Arch 1,2.201720071,9.040550526,3,Y,0.305938811,0.726129337,0.994486075,C,0.235640243,1,0.305938811,0.4647511,0.7464746,220 C,1,-0.139592005
156,220,E2: Arch 1,2.201720071,9.040550526,3,Y,0.305938811,0.726129337,0.994486075,D,0.0473652,1,-6.85E-06,4.49E-05,6.44E-05,220 D,0,-0.577836363
156,220,E2: Arch 1,2.201720071,9.040550526,3,Y,0.305938811,0.726129337,0.994486075,E,0.048532734,1,-6.85E-06,4.49E-05,6.44E-05,220 E,0,0.029190578
156,220,E2: Arch 1,2.201720071,9.040550526,3,Y,0.305938811,0.726129337,0.994486075,F,0.04792495,1,-6.85E-06,4.49E-05,6.44E-05,220 F,0,0.095956459
156,220,E2: Arch 1,2.201720071,9.040550526,3,Y,0.305938811,0.726129337,0.994486075,G,0.000252688,1,-6.85E-06,4.49E-05,6.44E-05,220 G,0,-0.513147795
156,220,E2: Arch 1,2.201720071,9.040550526,3,Y,0.305938811,0.726129337,0.994486075,H,0.263238181,1,-0.45160665,0.260615256,0.246916708,220 H,1,-1.764626321
156,220,E2: Arch 1,2.201720071,9.040550526,3,Y,0.305938811,0.726129337,0.994486075,I,0.051674597,1,-6.85E-06,4.49E-05,6.44E-05,220 I,0,-0.222574017
156,220,E2: Arch 1,2.201720071,9.040550526,3,Y,0.305938811,0.726129337,0.994486075,K,0.050898995,1,-6.85E-06,4.49E-05,6.44E-05,220 K,0,0.222785946
156,220,E2: Arch 1,2.201720071,9.040550526,3,Y,0.305938811,0.726129337,0.994486075,L,0.053725997,1,-6.85E-06,4.49E-05,6.44E-05,220 L,0,0.40741874
156,220,E2: Arch 1,2.201720071,9.040550526,3,Y,0.305938811,0.726129337,0.994486075,M,0.048845845,1,-6.85E-06,4.49E-05,6.44E-05,220 M,0,-0.255165167
156,220,E2: Arch 1,2.201720071,9.040550526,3,Y,0.305938811,0.726129337,0.994486075,N,0.050243138,1,-6.85E-06,4.49E-05,6.44E-05,220 N,0,-0.011518356
156,220,E2: Arch 1,2.201720071,9.040550526,3,Y,0.305938811,0.726129337,0.994486075,P,0.053650397,1,-6.85E-06,4.49E-05,6.44E-05,220 P,0,0.43645804
156,220,E2: Arch 1,2.201720071,9.040550526,3,Y,0.305938811,0.726129337,0.994486075,Q,0.000420813,1,-6.85E-06,4.49E-05,6.44E-05,220 Q,0,0.411865304
156,220,E2: Arch 1,2.201720071,9.040550526,3,Y,0.305938811,0.726129337,0.994486075,R,0.000384369,1,-6.85E-06,4.49E-05,6.44E-05,220 R,0,-0.785193598
156,220,E2: Arch 1,2.201720071,9.040550526,3,Y,0.305938811,0.726129337,0.994486075,S,3.41E-05,1,-6.85E-06,4.49E-05,6.44E-05,220 S,0,-0.282316603
156,220,E2: Arch 1,2.201720071,9.040550526,3,Y,0.305938811,0.726129337,0.994486075,T,0.000122707,1,-6.85E-06,4.49E-05,6.44E-05,220 T,0,-0.539281298
156,220,E2: Arch 1,2.201720071,9.040550526,3,Y,0.305938811,0.726129337,0.994486075,V,5.87E-05,1,-6.85E-06,4.49E-05,6.44E-05,220 V,0,-0.040278785
156,220,E2: Arch 1,2.201720071,9.040550526,3,Y,0.305938811,0.726129337,0.994486075,W,0.000191847,1,-6.85E-06,4.49E-05,6.44E-05,220 W,0,0.178943257
156,220,E2: Arch 1,2.201720071,9.040550526,3,Y,0.305938811,0.726129337,0.994486075,Y,0.046630507,1,NA,NA,NA,220 Y,1,0
157,221,E2: Arch 1,2.000281178,7.391134032,9,A,0.824907827,1.905269063,2.443904418,A,0.029000825,1,NA,NA,NA,221 A,1,0
157,221,E2: Arch 1,2.000281178,7.391134032,9,A,0.824907827,1.905269063,2.443904418,C,0.016833092,1,-0.245962557,0.308973553,0.690024614,221 C,1,-0.921916397
157,221,E2: Arch 1,2.000281178,7.391134032,9,A,0.824907827,1.905269063,2.443904418,D,0.045623992,1,0.000372462,0.000121306,0.000739111,221 D,0,0.020166492
157,221,E2: Arch 1,2.000281178,7.391134032,9,A,0.824907827,1.905269063,2.443904418,E,0.048866258,1,0.000372462,0.000121306,0.000739111,221 E,0,0.084576466
157,221,E2: Arch 1,2.000281178,7.391134032,9,A,0.824907827,1.905269063,2.443904418,F,0.051412943,1,0.000372462,0.000121306,0.000739111,221 F,0,-0.470154711
157,221,E2: Arch 1,2.000281178,7.391134032,9,A,0.824907827,1.905269063,2.443904418,G,0.033631558,1,0.06180737,0.303689223,0.266903707,221 G,1,-0.598968514
157,221,E2: Arch 1,2.000281178,7.391134032,9,A,0.824907827,1.905269063,2.443904418,H,3.57E-05,1,0.000372462,0.000121306,0.000739111,221 H,0,-0.242497963
157,221,E2: Arch 1,2.000281178,7.391134032,9,A,0.824907827,1.905269063,2.443904418,I,0.067468953,1,0.591813715,0.221369145,0.545635705,221 I,1,-0.022167986
157,221,E2: Arch 1,2.000281178,7.391134032,9,A,0.824907827,1.905269063,2.443904418,K,0.414208648,1,-0.17321912,-0.952151689,-0.011870527,221 K,1,0.621036367
157,221,E2: Arch 1,2.000281178,7.391134032,9,A,0.824907827,1.905269063,2.443904418,L,9.50E-05,1,0.000372462,0.000121306,0.000739111,221 L,0,0.252686016
157,221,E2: Arch 1,2.000281178,7.391134032,9,A,0.824907827,1.905269063,2.443904418,M,6.76E-05,1,0.000372462,0.000121306,0.000739111,221 M,0,-0.131717031
157,221,E2: Arch 1,2.000281178,7.391134032,9,A,0.824907827,1.905269063,2.443904418,N,5.28E-05,1,-4.631845593,-4.627586987,-4.662003579,221 N,0,-2.126187573
157,221,E2: Arch 1,2.000281178,7.391134032,9,A,0.824907827,1.905269063,2.443904418,P,6.44E-06,1,0.000372462,0.000121306,0.000739111,221 P,0,0.347904428
157,221,E2: Arch 1,2.000281178,7.391134032,9,A,0.824907827,1.905269063,2.443904418,Q,0.088096452,1,-0.061293758,0.295919626,-0.087976025,221 Q,1,0.510123726
157,221,E2: Arch 1,2.000281178,7.391134032,9,A,0.824907827,1.905269063,2.443904418,R,0.142032628,1,-0.292777414,-0.030531854,-0.376485948,221 R,1,0.404948283
157,221,E2: Arch 1,2.000281178,7.391134032,9,A,0.824907827,1.905269063,2.443904418,S,3.88E-05,1,0.000372462,0.000121306,0.000739111,221 S,0,0.017858408
157,221,E2: Arch 1,2.000281178,7.391134032,9,A,0.824907827,1.905269063,2.443904418,T,0.014498489,1,0.167562125,0.002902208,0.38947776,221 T,1,-1.155059422
157,221,E2: Arch 1,2.000281178,7.391134032,9,A,0.824907827,1.905269063,2.443904418,V,0.010149049,1,-2.691658183,0.771202249,0.54447152,221 V,1,0.57766181
157,221,E2: Arch 1,2.000281178,7.391134032,9,A,0.824907827,1.905269063,2.443904418,W,0.037769469,1,0.000372462,0.000121306,0.000739111,221 W,0,-0.42836708
157,221,E2: Arch 1,2.000281178,7.391134032,9,A,0.824907827,1.905269063,2.443904418,Y,0.000111238,1,0.000372462,0.000121306,0.000739111,221 Y,0,-0.163010226
158,222,E2: Arch 1,2.418765227,11.2319818,12,Q,0.813219405,0.547874495,0.845934513,A,0.082365447,1,0.283401428,-0.540558999,-0.024494201,222 A,1,-0.486059251
158,222,E2: Arch 1,2.418765227,11.2319818,12,Q,0.813219405,0.547874495,0.845934513,C,0.000145186,1,-0.004938283,-0.003272731,-0.004803024,222 C,0,-0.19700149
158,222,E2: Arch 1,2.418765227,11.2319818,12,Q,0.813219405,0.547874495,0.845934513,D,0.048947625,1,-0.004938283,-0.003272731,-0.004803024,222 D,0,-0.47336752
158,222,E2: Arch 1,2.418765227,11.2319818,12,Q,0.813219405,0.547874495,0.845934513,E,0.045607666,1,-0.004938283,-0.003272731,-0.004803024,222 E,0,-0.030385978
158,222,E2: Arch 1,2.418765227,11.2319818,12,Q,0.813219405,0.547874495,0.845934513,F,0.087678037,1,-0.203557065,-0.990502725,-0.280114179,222 F,1,0.379134052
158,222,E2: Arch 1,2.418765227,11.2319818,12,Q,0.813219405,0.547874495,0.845934513,G,0.000135082,1,-0.004938283,-0.003272731,-0.004803024,222 G,0,-0.304735561
158,222,E2: Arch 1,2.418765227,11.2319818,12,Q,0.813219405,0.547874495,0.845934513,H,6.47E-06,1,-0.004938283,-0.003272731,-0.004803024,222 H,0,0.105109762
158,222,E2: Arch 1,2.418765227,11.2319818,12,Q,0.813219405,0.547874495,0.845934513,I,0.14395758,1,0.228342957,0.16484317,-0.115652256,222 I,1,-0.425108121
158,222,E2: Arch 1,2.418765227,11.2319818,12,Q,0.813219405,0.547874495,0.845934513,K,0.05621124,1,-11.23109969,-5.64030758,-11.26355482,222 K,1,-0.183686749
158,222,E2: Arch 1,2.418765227,11.2319818,12,Q,0.813219405,0.547874495,0.845934513,L,0.088509639,1,-0.467624129,-0.120402902,0.104083407,222 L,1,0.949558057
158,222,E2: Arch 1,2.418765227,11.2319818,12,Q,0.813219405,0.547874495,0.845934513,M,0.219386638,1,-0.03706651,0.163882211,-0.027716408,222 M,1,-0.609662395
158,222,E2: Arch 1,2.418765227,11.2319818,12,Q,0.813219405,0.547874495,0.845934513,N,7.73E-05,1,-0.004938283,-0.003272731,-0.004803024,222 N,0,-0.416044843
158,222,E2: Arch 1,2.418765227,11.2319818,12,Q,0.813219405,0.547874495,0.845934513,P,0.05106167,1,-5.294283485,-5.331991713,-5.364583213,222 P,0,-0.303603334
158,222,E2: Arch 1,2.418765227,11.2319818,12,Q,0.813219405,0.547874495,0.845934513,Q,0.058939657,1,NA,NA,NA,222 Q,1,0
158,222,E2: Arch 1,2.418765227,11.2319818,12,Q,0.813219405,0.547874495,0.845934513,R,0.029965548,1,-0.175166789,0.055048776,0.384085855,222 R,1,0.595134677
158,222,E2: Arch 1,2.418765227,11.2319818,12,Q,0.813219405,0.547874495,0.845934513,S,0.000302073,1,-0.004938283,-0.003272731,-0.004803024,222 S,0,-0.153822196
158,222,E2: Arch 1,2.418765227,11.2319818,12,Q,0.813219405,0.547874495,0.845934513,T,0.03722083,1,0.079100779,-0.902139697,0.211384507,222 T,1,0.536536767
158,222,E2: Arch 1,2.418765227,11.2319818,12,Q,0.813219405,0.547874495,0.845934513,V,6.15E-05,1,-0.004938283,-0.003272731,-0.004803024,222 V,0,-0.386590738
158,222,E2: Arch 1,2.418765227,11.2319818,12,Q,0.813219405,0.547874495,0.845934513,W,0.007861771,1,-3.131646146,-5.313377268,-3.091222689,222 W,1,-0.469442607
158,222,E2: Arch 1,2.418765227,11.2319818,12,Q,0.813219405,0.547874495,0.845934513,Y,0.041558965,1,0.222374241,0.164100338,0.146380744,222 Y,1,-0.629427229
159,223,E2: Arch 1,2.41744551,11.21716854,7,S,0.867526861,0.525526203,0.751817726,A,0.050431376,1,-0.001803749,-8.27E-05,-0.00220012,223 A,0,-0.211111733
159,223,E2: Arch 1,2.41744551,11.21716854,7,S,0.867526861,0.525526203,0.751817726,C,8.09E-05,1,-0.001803749,-8.27E-05,-0.00220012,223 C,0,-0.648291968
159,223,E2: Arch 1,2.41744551,11.21716854,7,S,0.867526861,0.525526203,0.751817726,D,0.000379742,1,-0.001803749,-8.27E-05,-0.00220012,223 D,0,0.56935866
159,223,E2: Arch 1,2.41744551,11.21716854,7,S,0.867526861,0.525526203,0.751817726,E,0.048812288,1,-0.001803749,-8.27E-05,-0.00220012,223 E,0,-0.166859736
159,223,E2: Arch 1,2.41744551,11.21716854,7,S,0.867526861,0.525526203,0.751817726,F,0.000141096,1,-0.001803749,-8.27E-05,-0.00220012,223 F,0,0.014661351
159,223,E2: Arch 1,2.41744551,11.21716854,7,S,0.867526861,0.525526203,0.751817726,G,0.072342025,1,0.027069882,0.13139516,0.057386069,223 G,1,0.043178462
159,223,E2: Arch 1,2.41744551,11.21716854,7,S,0.867526861,0.525526203,0.751817726,H,0.047912452,1,-0.001803749,-8.27E-05,-0.00220012,223 H,0,-1.754921227
159,223,E2: Arch 1,2.41744551,11.21716854,7,S,0.867526861,0.525526203,0.751817726,I,0.000103806,1,-0.001803749,-8.27E-05,-0.00220012,223 I,0,1.196338712
159,223,E2: Arch 1,2.41744551,11.21716854,7,S,0.867526861,0.525526203,0.751817726,K,0.046621909,1,-0.001803749,-8.27E-05,-0.00220012,223 K,0,-0.477779613
159,223,E2: Arch 1,2.41744551,11.21716854,7,S,0.867526861,0.525526203,0.751817726,L,9.32E-05,1,-0.001803749,-8.27E-05,-0.00220012,223 L,0,-0.578391659
159,223,E2: Arch 1,2.41744551,11.21716854,7,S,0.867526861,0.525526203,0.751817726,M,0.047898914,1,-0.10158775,-3.733612965,-0.527382798,223 M,1,1.087815516
159,223,E2: Arch 1,2.41744551,11.21716854,7,S,0.867526861,0.525526203,0.751817726,N,0.00307158,1,-3.468890123,-0.222916006,0.655628747,223 N,1,0.810693033
159,223,E2: Arch 1,2.41744551,11.21716854,7,S,0.867526861,0.525526203,0.751817726,P,0.055180955,1,-0.001803749,-8.27E-05,-0.00220012,223 P,0,-0.475838202
159,223,E2: Arch 1,2.41744551,11.21716854,7,S,0.867526861,0.525526203,0.751817726,Q,0.052860917,1,-0.001803749,-8.27E-05,-0.00220012,223 Q,0,-0.119991839
159,223,E2: Arch 1,2.41744551,11.21716854,7,S,0.867526861,0.525526203,0.751817726,R,0.000100723,1,-1.633288669,-0.109645308,-5.81705656,223 R,0,-0.233301596
159,223,E2: Arch 1,2.41744551,11.21716854,7,S,0.867526861,0.525526203,0.751817726,S,0.052662163,1,NA,NA,NA,223 S,1,0
159,223,E2: Arch 1,2.41744551,11.21716854,7,S,0.867526861,0.525526203,0.751817726,T,0.096944035,1,0.587060614,-0.086141529,-0.142939595,223 T,1,0.730417566
159,223,E2: Arch 1,2.41744551,11.21716854,7,S,0.867526861,0.525526203,0.751817726,V,0.215190375,1,-0.096933555,0.223982034,0.027231314,223 V,1,0.107132206
159,223,E2: Arch 1,2.41744551,11.21716854,7,S,0.867526861,0.525526203,0.751817726,W,0.158827252,1,0.253396365,0.170149009,0.011571596,223 W,1,-0.102404139
159,223,E2: Arch 1,2.41744551,11.21716854,7,S,0.867526861,0.525526203,0.751817726,Y,0.050344328,1,-0.001803749,-8.27E-05,-0.00220012,223 Y,0,-0.182559839
160,224,E2: Arch 1,1.53856988,4.657924113,11,T,5.608966829,9.085606188,3.606784067,A,0.034408821,1,-0.142350859,-1.072963878,0.024822358,224 A,1,0.161778915
160,224,E2: Arch 1,1.53856988,4.657924113,11,T,5.608966829,9.085606188,3.606784067,C,0.05028637,1,-0.000225318,-0.000257656,-0.000557138,224 C,0,-0.566852668
160,224,E2: Arch 1,1.53856988,4.657924113,11,T,5.608966829,9.085606188,3.606784067,D,3.90E-05,1,-0.000225318,-0.000257656,-0.000557138,224 D,0,-0.653463055
160,224,E2: Arch 1,1.53856988,4.657924113,11,T,5.608966829,9.085606188,3.606784067,E,0.003803418,1,2.259517182,2.472171567,-0.000557138,224 E,1,3.210886923
160,224,E2: Arch 1,1.53856988,4.657924113,11,T,5.608966829,9.085606188,3.606784067,F,0.022837435,1,-0.144718489,-0.249656731,-0.14895617,224 F,1,0.673859091
160,224,E2: Arch 1,1.53856988,4.657924113,11,T,5.608966829,9.085606188,3.606784067,G,8.81E-05,1,-0.000225318,-0.000257656,-0.000557138,224 G,0,-0.656115176
160,224,E2: Arch 1,1.53856988,4.657924113,11,T,5.608966829,9.085606188,3.606784067,H,0.026586926,1,-0.159103162,-0.993286039,-0.556898062,224 H,1,0.491420793
160,224,E2: Arch 1,1.53856988,4.657924113,11,T,5.608966829,9.085606188,3.606784067,I,0.001691444,1,0.009741077,4.095966822,0.060346431,224 I,1,0.170124799
160,224,E2: Arch 1,1.53856988,4.657924113,11,T,5.608966829,9.085606188,3.606784067,K,0.114849719,1,-0.171012834,0.004217188,-0.38756953,224 K,1,0.104036705
160,224,E2: Arch 1,1.53856988,4.657924113,11,T,5.608966829,9.085606188,3.606784067,L,0.01892353,1,0.18743434,0.18309376,0.211847378,224 L,1,-0.740382664
160,224,E2: Arch 1,1.53856988,4.657924113,11,T,5.608966829,9.085606188,3.606784067,M,2.20E-05,1,-0.000225318,-0.000257656,-0.000557138,224 M,0,-0.339923251
160,224,E2: Arch 1,1.53856988,4.657924113,11,T,5.608966829,9.085606188,3.606784067,N,0.009418284,1,0.780418999,-0.107644574,0.701493075,224 N,1,-0.584709168
160,224,E2: Arch 1,1.53856988,4.657924113,11,T,5.608966829,9.085606188,3.606784067,P,3.61E-05,1,-0.000225318,-0.000257656,-0.000557138,224 P,0,0.436068672
160,224,E2: Arch 1,1.53856988,4.657924113,11,T,5.608966829,9.085606188,3.606784067,Q,0.046556326,1,-0.000225318,-0.000257656,-0.000557138,224 Q,0,-0.170257757
160,224,E2: Arch 1,1.53856988,4.657924113,11,T,5.608966829,9.085606188,3.606784067,R,0.00777581,1,-0.416701927,-1.570537051,-1.119983559,224 R,1,-0.246176928
160,224,E2: Arch 1,1.53856988,4.657924113,11,T,5.608966829,9.085606188,3.606784067,S,0.600178218,1,-0.537158257,0.037933257,0.274936363,224 S,1,0.383296705
160,224,E2: Arch 1,1.53856988,4.657924113,11,T,5.608966829,9.085606188,3.606784067,T,0.009804296,1,NA,NA,NA,224 T,1,0
160,224,E2: Arch 1,1.53856988,4.657924113,11,T,5.608966829,9.085606188,3.606784067,V,9.03E-05,1,-0.000225318,-0.000257656,-0.000557138,224 V,0,-0.038731751
160,224,E2: Arch 1,1.53856988,4.657924113,11,T,5.608966829,9.085606188,3.606784067,W,0.052595488,1,-0.000225318,2.292223594,-0.000557138,224 W,0,0.505488432
160,224,E2: Arch 1,1.53856988,4.657924113,11,T,5.608966829,9.085606188,3.606784067,Y,8.29E-06,1,2.37185523,-0.000257656,2.333338461,224 Y,0,-0.63773274
161,225,E2: Arch 1,2.198055121,9.007477997,10,A,0.793819276,2.416560122,3.697092265,A,0.011091023,1,NA,NA,NA,225 A,1,0
161,225,E2: Arch 1,2.198055121,9.007477997,10,A,0.793819276,2.416560122,3.697092265,C,0.048112149,1,-0.007185373,-0.005096194,-0.008902196,225 C,0,0.040051219
161,225,E2: Arch 1,2.198055121,9.007477997,10,A,0.793819276,2.416560122,3.697092265,D,0.050827386,1,-0.007185373,-0.005096194,-0.008902196,225 D,0,-5.98357821
161,225,E2: Arch 1,2.198055121,9.007477997,10,A,0.793819276,2.416560122,3.697092265,E,0.002474843,1,-0.682354996,-3.135736885,0.049610104,225 E,1,-0.709340275
161,225,E2: Arch 1,2.198055121,9.007477997,10,A,0.793819276,2.416560122,3.697092265,F,0.010524367,1,-0.173209387,-0.068330451,-0.191090411,225 F,1,-0.829315572
161,225,E2: Arch 1,2.198055121,9.007477997,10,A,0.793819276,2.416560122,3.697092265,G,0.042599572,1,-0.087630146,-0.293151591,-0.265948239,225 G,1,-0.284095052
161,225,E2: Arch 1,2.198055121,9.007477997,10,A,0.793819276,2.416560122,3.697092265,H,0.03819667,1,0.184090849,1.001339499,-0.005049629,225 H,1,0.698168813
161,225,E2: Arch 1,2.198055121,9.007477997,10,A,0.793819276,2.416560122,3.697092265,I,0.011745921,1,-0.05792151,0.513587939,-0.006772749,225 I,1,-0.356436596
161,225,E2: Arch 1,2.198055121,9.007477997,10,A,0.793819276,2.416560122,3.697092265,K,0.042260988,1,-0.007185373,-0.005096194,-0.008902196,225 K,0,-0.259261666
161,225,E2: Arch 1,2.198055121,9.007477997,10,A,0.793819276,2.416560122,3.697092265,L,0.017764169,1,-0.343376919,-0.404902806,-0.076217998,225 L,1,-0.074228276
161,225,E2: Arch 1,2.198055121,9.007477997,10,A,0.793819276,2.416560122,3.697092265,M,0.04581919,1,-0.007185373,-0.005096194,-0.008902196,225 M,0,0.1105478
161,225,E2: Arch 1,2.198055121,9.007477997,10,A,0.793819276,2.416560122,3.697092265,N,0.04669216,1,-0.007185373,-0.005096194,-0.008902196,225 N,0,0.022510813
161,225,E2: Arch 1,2.198055121,9.007477997,10,A,0.793819276,2.416560122,3.697092265,P,0.045892305,1,-0.007185373,-0.005096194,-0.008902196,225 P,0,-1.99224935
161,225,E2: Arch 1,2.198055121,9.007477997,10,A,0.793819276,2.416560122,3.697092265,Q,0.047578496,1,-0.007185373,-0.005096194,-0.008902196,225 Q,0,0.064964323
161,225,E2: Arch 1,2.198055121,9.007477997,10,A,0.793819276,2.416560122,3.697092265,R,0.436273353,1,-0.49000159,-0.429065631,-0.64194016,225 R,1,0.105487292
161,225,E2: Arch 1,2.198055121,9.007477997,10,A,0.793819276,2.416560122,3.697092265,S,0.050054744,1,-0.180180715,-3.235412976,-0.215829683,225 S,0,0.142056291
161,225,E2: Arch 1,2.198055121,9.007477997,10,A,0.793819276,2.416560122,3.697092265,T,0.032256299,1,-0.286429366,0.201595066,-0.228824491,225 T,1,0.029477369
161,225,E2: Arch 1,2.198055121,9.007477997,10,A,0.793819276,2.416560122,3.697092265,V,2.38E-05,1,-0.007185373,-0.005096194,3.446754676,225 V,0,1.243776046
161,225,E2: Arch 1,2.198055121,9.007477997,10,A,0.793819276,2.416560122,3.697092265,W,1.57E-05,1,-0.007185373,-0.005096194,-0.008902196,225 W,0,-0.048867135
161,225,E2: Arch 1,2.198055121,9.007477997,10,A,0.793819276,2.416560122,3.697092265,Y,0.019796887,1,0.609728427,0.700037618,0.200727485,225 Y,1,0.485789665
162,226,E2: Arch 1,2.61694413,13.69381307,14,A,1.58029129,5.329290201,3.039641656,A,0.042993499,1,NA,NA,NA,226 A,1,0
162,226,E2: Arch 1,2.61694413,13.69381307,14,A,1.58029129,5.329290201,3.039641656,C,0.018035004,1,-0.13539992,-0.383453421,-0.804351622,226 C,1,-0.376343689
162,226,E2: Arch 1,2.61694413,13.69381307,14,A,1.58029129,5.329290201,3.039641656,D,0.046382992,1,-0.000206578,0.00059838,0.000294638,226 D,0,-0.11596438
162,226,E2: Arch 1,2.61694413,13.69381307,14,A,1.58029129,5.329290201,3.039641656,E,0.094992161,1,-0.538111953,-0.004689981,-0.19127288,226 E,1,-0.821120313
162,226,E2: Arch 1,2.61694413,13.69381307,14,A,1.58029129,5.329290201,3.039641656,F,0.017748885,1,0.129690813,0.362540034,0.543215077,226 F,1,-1.631796171
162,226,E2: Arch 1,2.61694413,13.69381307,14,A,1.58029129,5.329290201,3.039641656,G,0.061214954,1,0.002743294,0.309932194,-0.057633112,226 G,1,-0.275486442
162,226,E2: Arch 1,2.61694413,13.69381307,14,A,1.58029129,5.329290201,3.039641656,H,0.000103403,1,-0.000206578,0.00059838,0.000294638,226 H,0,0.813539591
162,226,E2: Arch 1,2.61694413,13.69381307,14,A,1.58029129,5.329290201,3.039641656,I,0.070622493,1,-0.511491175,0.330896301,0.194549311,226 I,1,1.444857961
162,226,E2: Arch 1,2.61694413,13.69381307,14,A,1.58029129,5.329290201,3.039641656,K,0.052549724,1,-0.000206578,0.00059838,0.000294638,226 K,0,-0.38126109
162,226,E2: Arch 1,2.61694413,13.69381307,14,A,1.58029129,5.329290201,3.039641656,L,0.000264154,1,-0.000206578,0.00059838,0.000294638,226 L,0,0.645797944
162,226,E2: Arch 1,2.61694413,13.69381307,14,A,1.58029129,5.329290201,3.039641656,M,0.012467285,1,-2.217075839,2.513276251,-2.240874156,226 M,1,0.654397015
162,226,E2: Arch 1,2.61694413,13.69381307,14,A,1.58029129,5.329290201,3.039641656,N,0.047725843,1,-0.000206578,0.00059838,0.000294638,226 N,0,-0.722243589
162,226,E2: Arch 1,2.61694413,13.69381307,14,A,1.58029129,5.329290201,3.039641656,P,0.010947664,1,0.623261375,-2.726525868,1.37306947,226 P,1,0.927840391
162,226,E2: Arch 1,2.61694413,13.69381307,14,A,1.58029129,5.329290201,3.039641656,Q,9.35E-05,1,-0.000206578,0.00059838,0.000294638,226 Q,0,0.044926263
162,226,E2: Arch 1,2.61694413,13.69381307,14,A,1.58029129,5.329290201,3.039641656,R,0.142286486,1,0.664405955,0.694268631,0.259441369,226 R,1,0.476209883
162,226,E2: Arch 1,2.61694413,13.69381307,14,A,1.58029129,5.329290201,3.039641656,S,0.153590254,1,-0.165870267,-0.279289966,0.036558135,226 S,1,0.403431208
162,226,E2: Arch 1,2.61694413,13.69381307,14,A,1.58029129,5.329290201,3.039641656,T,0.084865735,1,0.160189852,0.322611085,0.12520284,226 T,1,0.554168327
162,226,E2: Arch 1,2.61694413,13.69381307,14,A,1.58029129,5.329290201,3.039641656,V,0.033550276,1,-0.004353296,0.186148245,0.505837628,226 V,1,0.790789416
162,226,E2: Arch 1,2.61694413,13.69381307,14,A,1.58029129,5.329290201,3.039641656,W,0.046480224,1,-0.12069054,0.60602718,-0.149827649,226 W,1,-1.578225449
162,226,E2: Arch 1,2.61694413,13.69381307,14,A,1.58029129,5.329290201,3.039641656,Y,0.063085494,1,-0.564455931,-0.610933979,-0.255058634,226 Y,1,-2.221822358
163,227,E2: Arch 1,2.415933571,11.20022168,8,T,0.364869663,1.360952842,0.276057151,A,0.10235645,1,-0.229434882,-0.421945546,-0.504127201,227 A,1,0.309929857
163,227,E2: Arch 1,2.415933571,11.20022168,8,T,0.364869663,1.360952842,0.276057151,C,0.049030619,1,-0.00027293,0.000287436,-0.000692222,227 C,0,-0.5865881
163,227,E2: Arch 1,2.415933571,11.20022168,8,T,0.364869663,1.360952842,0.276057151,D,0.160275507,1,-0.136262681,-0.55138787,-0.253756407,227 D,1,-0.217075993
163,227,E2: Arch 1,2.415933571,11.20022168,8,T,0.364869663,1.360952842,0.276057151,E,4.73E-05,1,-0.00027293,0.000287436,-0.000692222,227 E,0,0.298631662
163,227,E2: Arch 1,2.415933571,11.20022168,8,T,0.364869663,1.360952842,0.276057151,F,0.188852039,1,-0.153160428,0.156043351,-0.255551983,227 F,1,0.103629958
163,227,E2: Arch 1,2.415933571,11.20022168,8,T,0.364869663,1.360952842,0.276057151,G,8.95E-05,1,-0.00027293,0.000287436,-0.000692222,227 G,0,0.292451356
163,227,E2: Arch 1,2.415933571,11.20022168,8,T,0.364869663,1.360952842,0.276057151,H,0.120806603,1,-0.028147001,0.385885138,-0.15045349,227 H,1,-0.634359264
163,227,E2: Arch 1,2.415933571,11.20022168,8,T,0.364869663,1.360952842,0.276057151,I,0.042551342,1,-0.254083072,-0.64089821,-1.312044389,227 I,1,0.724439027
163,227,E2: Arch 1,2.415933571,11.20022168,8,T,0.364869663,1.360952842,0.276057151,K,0.040317187,1,-0.00027293,0.000287436,-0.000692222,227 K,0,-0.563488892
163,227,E2: Arch 1,2.415933571,11.20022168,8,T,0.364869663,1.360952842,0.276057151,L,6.14E-05,1,-0.00027293,0.000287436,-0.000692222,227 L,0,-0.250307897
163,227,E2: Arch 1,2.415933571,11.20022168,8,T,0.364869663,1.360952842,0.276057151,M,8.81E-05,1,-0.00027293,0.000287436,-0.000692222,227 M,0,-0.493653502
163,227,E2: Arch 1,2.415933571,11.20022168,8,T,0.364869663,1.360952842,0.276057151,N,3.18E-06,1,-0.00027293,0.000287436,-0.000692222,227 N,0,1.465949718
163,227,E2: Arch 1,2.415933571,11.20022168,8,T,0.364869663,1.360952842,0.276057151,P,0.044329601,1,-0.00027293,0.000287436,-0.000692222,227 P,0,-0.709960775
163,227,E2: Arch 1,2.415933571,11.20022168,8,T,0.364869663,1.360952842,0.276057151,Q,0.082581679,1,0.364869663,0.81557512,-0.071764041,227 Q,1,-2.883221311
163,227,E2: Arch 1,2.415933571,11.20022168,8,T,0.364869663,1.360952842,0.276057151,R,0.012303878,1,-0.232373483,-0.442656801,0.276057151,227 R,1,1.532936938
163,227,E2: Arch 1,2.415933571,11.20022168,8,T,0.364869663,1.360952842,0.276057151,S,0.041492117,1,-0.00027293,0.000287436,-0.000692222,227 S,0,0.865804591
163,227,E2: Arch 1,2.415933571,11.20022168,8,T,0.364869663,1.360952842,0.276057151,T,0.032291053,1,NA,NA,NA,227 T,1,0
163,227,E2: Arch 1,2.415933571,11.20022168,8,T,0.364869663,1.360952842,0.276057151,V,0.042259547,1,-0.00027293,0.000287436,-0.000692222,227 V,0,0.327503338
163,227,E2: Arch 1,2.415933571,11.20022168,8,T,0.364869663,1.360952842,0.276057151,W,7.44E-05,1,-0.00027293,0.000287436,-0.000692222,227 W,0,0.161956566
163,227,E2: Arch 1,2.415933571,11.20022168,8,T,0.364869663,1.360952842,0.276057151,Y,0.040188397,1,-0.00027293,0.000287436,-0.000692222,227 Y,0,-0.058993713
164,228,E2: Arch 1,2.57963416,13.19231101,9,A,6.993684823,2.062009274,3.783122709,A,0.018738855,1,NA,NA,NA,228 A,1,0
164,228,E2: Arch 1,2.57963416,13.19231101,9,A,6.993684823,2.062009274,3.783122709,C,0.050359104,1,0.002495322,0.00065715,0.000619319,228 C,0,-0.971046745
164,228,E2: Arch 1,2.57963416,13.19231101,9,A,6.993684823,2.062009274,3.783122709,D,0.019641471,1,-2.225895721,0.682029534,2.495500312,228 D,1,-1.42866328
164,228,E2: Arch 1,2.57963416,13.19231101,9,A,6.993684823,2.062009274,3.783122709,E,0.060268363,1,0.132105633,0.037124832,0.015069029,228 E,1,0.631955419
164,228,E2: Arch 1,2.57963416,13.19231101,9,A,6.993684823,2.062009274,3.783122709,F,0.054490203,1,0.002495322,0.00065715,0.000619319,228 F,0,-0.345922806
164,228,E2: Arch 1,2.57963416,13.19231101,9,A,6.993684823,2.062009274,3.783122709,G,0.063858561,1,0.565580292,0.478713904,0.374967514,228 G,1,-0.569607467
164,228,E2: Arch 1,2.57963416,13.19231101,9,A,6.993684823,2.062009274,3.783122709,H,0.044890844,1,0.002495322,0.00065715,0.000619319,228 H,0,-0.241694998
164,228,E2: Arch 1,2.57963416,13.19231101,9,A,6.993684823,2.062009274,3.783122709,I,5.72E-05,1,0.002495322,0.00065715,0.000619319,228 I,0,-0.131519507
164,228,E2: Arch 1,2.57963416,13.19231101,9,A,6.993684823,2.062009274,3.783122709,K,0.052218834,1,0.002495322,0.00065715,0.000619319,228 K,0,-0.305702054
164,228,E2: Arch 1,2.57963416,13.19231101,9,A,6.993684823,2.062009274,3.783122709,L,0.007900328,1,-0.174151742,-0.312972045,0.069262634,228 L,1,-0.480221507
164,228,E2: Arch 1,2.57963416,13.19231101,9,A,6.993684823,2.062009274,3.783122709,M,3.17E-05,1,-2.180697501,-2.184132156,-2.207892296,228 M,0,-1.51772576
164,228,E2: Arch 1,2.57963416,13.19231101,9,A,6.993684823,2.062009274,3.783122709,N,0.047676119,1,0.002495322,0.00065715,0.000619319,228 N,0,0.039979429
164,228,E2: Arch 1,2.57963416,13.19231101,9,A,6.993684823,2.062009274,3.783122709,P,0.056623306,1,0.002495322,0.00065715,0.000619319,228 P,0,0.151228272
164,228,E2: Arch 1,2.57963416,13.19231101,9,A,6.993684823,2.062009274,3.783122709,Q,0.046045748,1,0.002495322,0.00065715,0.000619319,228 Q,0,0.015121998
164,228,E2: Arch 1,2.57963416,13.19231101,9,A,6.993684823,2.062009274,3.783122709,R,0.075308994,1,0.448240202,0.363245922,0.50384203,228 R,1,-0.338446575
164,228,E2: Arch 1,2.57963416,13.19231101,9,A,6.993684823,2.062009274,3.783122709,S,8.96E-07,1,5.700255831,0.040169518,0.038668849,228 S,0,0.441699108
164,228,E2: Arch 1,2.57963416,13.19231101,9,A,6.993684823,2.062009274,3.783122709,T,0.093254419,1,-0.182500055,0.264373656,0.164651013,228 T,1,0.033729792
164,228,E2: Arch 1,2.57963416,13.19231101,9,A,6.993684823,2.062009274,3.783122709,V,0.236520321,1,0.002495322,0.00065715,0.000619319,228 V,1,2.232476247
164,228,E2: Arch 1,2.57963416,13.19231101,9,A,6.993684823,2.062009274,3.783122709,W,0.049013949,1,0.002495322,0.00065715,0.000619319,228 W,0,-0.007142448
164,228,E2: Arch 1,2.57963416,13.19231101,9,A,6.993684823,2.062009274,3.783122709,Y,0.023100833,1,0.122549644,0.189780408,0.114968139,228 Y,1,-0.213417365
165,229,E2: Arch 1,2.482077794,11.9661017,4,E,3.519895338,0.537704157,1.871150657,A,0.05020417,1,9.66E-05,-7.58E-05,0.000126996,229 A,0,-1.166286506
165,229,E2: Arch 1,2.482077794,11.9661017,4,E,3.519895338,0.537704157,1.871150657,C,0.001001368,1,9.66E-05,-7.58E-05,0.000126996,229 C,0,0.303973204
165,229,E2: Arch 1,2.482077794,11.9661017,4,E,3.519895338,0.537704157,1.871150657,D,6.48E-06,1,9.66E-05,-7.58E-05,0.000126996,229 D,0,0.456457398
165,229,E2: Arch 1,2.482077794,11.9661017,4,E,3.519895338,0.537704157,1.871150657,E,0.254276015,1,NA,NA,NA,229 E,1,0
165,229,E2: Arch 1,2.482077794,11.9661017,4,E,3.519895338,0.537704157,1.871150657,F,0.054051821,1,2.408908212,-7.58E-05,0.000126996,229 F,0,-0.677095725
165,229,E2: Arch 1,2.482077794,11.9661017,4,E,3.519895338,0.537704157,1.871150657,G,0.118681595,1,0.135688072,-0.538710856,0.096217966,229 G,1,-0.034340812
165,229,E2: Arch 1,2.482077794,11.9661017,4,E,3.519895338,0.537704157,1.871150657,H,0.050655806,1,9.66E-05,-7.58E-05,0.000126996,229 H,0,1.283508398
165,229,E2: Arch 1,2.482077794,11.9661017,4,E,3.519895338,0.537704157,1.871150657,I,0.002002952,1,9.66E-05,-7.58E-05,0.000126996,229 I,0,-0.688903686
165,229,E2: Arch 1,2.482077794,11.9661017,4,E,3.519895338,0.537704157,1.871150657,K,0.001148048,1,0.973850309,0.537704157,0.787918006,229 K,1,0.130843745
165,229,E2: Arch 1,2.482077794,11.9661017,4,E,3.519895338,0.537704157,1.871150657,L,0.050931584,1,9.66E-05,-7.58E-05,0.000126996,229 L,0,0.172033206
165,229,E2: Arch 1,2.482077794,11.9661017,4,E,3.519895338,0.537704157,1.871150657,M,0.048552953,1,9.66E-05,-7.58E-05,0.000126996,229 M,0,0.962853403
165,229,E2: Arch 1,2.482077794,11.9661017,4,E,3.519895338,0.537704157,1.871150657,N,0.05925855,1,9.66E-05,-7.58E-05,0.000126996,229 N,0,0.074825595
165,229,E2: Arch 1,2.482077794,11.9661017,4,E,3.519895338,0.537704157,1.871150657,P,0.062375263,1,-0.113621675,-3.334502648,0.984982753,229 P,1,-0.743182709
165,229,E2: Arch 1,2.482077794,11.9661017,4,E,3.519895338,0.537704157,1.871150657,Q,0.049650746,1,9.66E-05,-7.58E-05,0.000126996,229 Q,0,0.165876327
165,229,E2: Arch 1,2.482077794,11.9661017,4,E,3.519895338,0.537704157,1.871150657,R,0.001574449,1,9.66E-05,-7.58E-05,0.000126996,229 R,0,0.203600357
165,229,E2: Arch 1,2.482077794,11.9661017,4,E,3.519895338,0.537704157,1.871150657,S,0.048190839,1,9.66E-05,-7.58E-05,0.000126996,229 S,0,-0.555876251
165,229,E2: Arch 1,2.482077794,11.9661017,4,E,3.519895338,0.537704157,1.871150657,T,0.001334733,1,9.66E-05,-7.58E-05,0.000126996,229 T,0,-0.219789094
165,229,E2: Arch 1,2.482077794,11.9661017,4,E,3.519895338,0.537704157,1.871150657,V,0.047549237,1,9.66E-05,-7.58E-05,0.000126996,229 V,0,0.878634036
165,229,E2: Arch 1,2.482077794,11.9661017,4,E,3.519895338,0.537704157,1.871150657,W,0.04788478,1,9.66E-05,-7.58E-05,0.000126996,229 W,0,0.000309081
165,229,E2: Arch 1,2.482077794,11.9661017,4,E,3.519895338,0.537704157,1.871150657,Y,0.050668615,1,9.66E-05,-7.58E-05,0.000126996,229 Y,0,0.182141304
166,230,E2: Arch 1,2.473825577,11.86776115,2,E,2.242698885,0,0.10467595,A,0.00047056,1,-1.45E-05,-2.70E-05,1.00E-05,230 A,0,-1.131964294
166,230,E2: Arch 1,2.473825577,11.86776115,2,E,2.242698885,0,0.10467595,C,0.052882449,1,-1.45E-05,-2.70E-05,1.00E-05,230 C,0,-0.406724981
166,230,E2: Arch 1,2.473825577,11.86776115,2,E,2.242698885,0,0.10467595,D,1.41E-05,1,-1.45E-05,-2.70E-05,1.00E-05,230 D,0,-1.119543974
166,230,E2: Arch 1,2.473825577,11.86776115,2,E,2.242698885,0,0.10467595,E,0.252292103,1,NA,NA,NA,230 E,1,0
166,230,E2: Arch 1,2.473825577,11.86776115,2,E,2.242698885,0,0.10467595,F,0.002038576,1,-1.45E-05,-2.70E-05,1.00E-05,230 F,0,-0.459062003
166,230,E2: Arch 1,2.473825577,11.86776115,2,E,2.242698885,0,0.10467595,G,0.12688225,1,-0.294995252,-0.24391018,0.104495374,230 G,1,0.981232575
166,230,E2: Arch 1,2.473825577,11.86776115,2,E,2.242698885,0,0.10467595,H,0.050413202,1,-1.45E-05,-2.70E-05,1.00E-05,230 H,0,-0.280448569
166,230,E2: Arch 1,2.473825577,11.86776115,2,E,2.242698885,0,0.10467595,I,0.053230929,1,-1.45E-05,-2.70E-05,1.00E-05,230 I,0,0.2822531
166,230,E2: Arch 1,2.473825577,11.86776115,2,E,2.242698885,0,0.10467595,K,0.057488022,1,-1.45E-05,-2.70E-05,1.00E-05,230 K,0,-0.850075102
166,230,E2: Arch 1,2.473825577,11.86776115,2,E,2.242698885,0,0.10467595,L,0.04149215,1,-1.45E-05,-2.70E-05,1.00E-05,230 L,0,-0.101078522
166,230,E2: Arch 1,2.473825577,11.86776115,2,E,2.242698885,0,0.10467595,M,0.048843241,1,-1.45E-05,-2.70E-05,1.00E-05,230 M,0,-0.082483679
166,230,E2: Arch 1,2.473825577,11.86776115,2,E,2.242698885,0,0.10467595,N,0.054817961,1,-1.45E-05,-2.70E-05,1.00E-05,230 N,0,-0.079822197
166,230,E2: Arch 1,2.473825577,11.86776115,2,E,2.242698885,0,0.10467595,P,0.049958898,1,-1.45E-05,-2.70E-05,1.00E-05,230 P,0,-0.262426056
166,230,E2: Arch 1,2.473825577,11.86776115,2,E,2.242698885,0,0.10467595,Q,0.050472696,1,-1.45E-05,-2.70E-05,1.00E-05,230 Q,0,0.276166519
166,230,E2: Arch 1,2.473825577,11.86776115,2,E,2.242698885,0,0.10467595,R,0.002302735,1,-1.45E-05,-2.70E-05,1.00E-05,230 R,0,0.091913186
166,230,E2: Arch 1,2.473825577,11.86776115,2,E,2.242698885,0,0.10467595,S,0.053038705,1,2.242698885,-2.70E-05,1.00E-05,230 S,0,0.439286126
166,230,E2: Arch 1,2.473825577,11.86776115,2,E,2.242698885,0,0.10467595,T,0.051928155,1,-1.45E-05,-2.70E-05,1.00E-05,230 T,0,-0.205055816
166,230,E2: Arch 1,2.473825577,11.86776115,2,E,2.242698885,0,0.10467595,V,0.000179056,1,-1.45E-05,-2.70E-05,1.00E-05,230 V,0,-2.766522405
166,230,E2: Arch 1,2.473825577,11.86776115,2,E,2.242698885,0,0.10467595,W,0.001113487,1,-1.45E-05,-2.70E-05,1.00E-05,230 W,0,-0.000184995
166,230,E2: Arch 1,2.473825577,11.86776115,2,E,2.242698885,0,0.10467595,Y,0.050140758,1,-1.45E-05,-2.70E-05,1.00E-05,230 Y,0,0.268215688
167,231,E2: Arch 1,2.066132511,7.894233144,5,I,6.075918343,1.275905258,3.774297309,A,0.000422776,1,2.324902361,0.000279858,-1.30E-05,231 A,0,-1.841486028
167,231,E2: Arch 1,2.066132511,7.894233144,5,I,6.075918343,1.275905258,3.774297309,C,0.049767918,1,7.73E-06,0.000279858,-1.30E-05,231 C,0,-1.074809471
167,231,E2: Arch 1,2.066132511,7.894233144,5,I,6.075918343,1.275905258,3.774297309,D,0.054626546,1,7.73E-06,0.000279858,-1.30E-05,231 D,0,-0.345657584
167,231,E2: Arch 1,2.066132511,7.894233144,5,I,6.075918343,1.275905258,3.774297309,E,0.000958041,1,7.73E-06,0.000279858,-1.30E-05,231 E,0,0.333663195
167,231,E2: Arch 1,2.066132511,7.894233144,5,I,6.075918343,1.275905258,3.774297309,F,7.74E-05,1,7.73E-06,0.000279858,-1.30E-05,231 F,0,0.297110943
167,231,E2: Arch 1,2.066132511,7.894233144,5,I,6.075918343,1.275905258,3.774297309,G,0.000161738,1,7.73E-06,0.000279858,-1.30E-05,231 G,0,1.27381886
167,231,E2: Arch 1,2.066132511,7.894233144,5,I,6.075918343,1.275905258,3.774297309,H,0.050763535,1,7.73E-06,0.000279858,-1.30E-05,231 H,0,0.596584954
167,231,E2: Arch 1,2.066132511,7.894233144,5,I,6.075918343,1.275905258,3.774297309,I,0.119744361,1,NA,NA,NA,231 I,1,0
167,231,E2: Arch 1,2.066132511,7.894233144,5,I,6.075918343,1.275905258,3.774297309,K,0.048425676,1,7.73E-06,0.000279858,-1.30E-05,231 K,0,0.765108514
167,231,E2: Arch 1,2.066132511,7.894233144,5,I,6.075918343,1.275905258,3.774297309,L,0.073492297,1,0.088233967,-0.375855834,-0.04346589,231 L,1,0.011821025
167,231,E2: Arch 1,2.066132511,7.894233144,5,I,6.075918343,1.275905258,3.774297309,M,0.045989223,1,0.066774107,0.403585164,0.215549899,231 M,1,-1.165433524
167,231,E2: Arch 1,2.066132511,7.894233144,5,I,6.075918343,1.275905258,3.774297309,N,0.000237313,1,7.73E-06,0.000279858,-1.30E-05,231 N,0,0.69929105
167,231,E2: Arch 1,2.066132511,7.894233144,5,I,6.075918343,1.275905258,3.774297309,P,0.000430846,1,7.73E-06,0.000279858,-1.30E-05,231 P,0,0.278418832
167,231,E2: Arch 1,2.066132511,7.894233144,5,I,6.075918343,1.275905258,3.774297309,Q,0.218409516,1,-0.481177125,-0.047313057,-0.326824013,231 Q,1,-1.491878261
167,231,E2: Arch 1,2.066132511,7.894233144,5,I,6.075918343,1.275905258,3.774297309,R,0.000371018,1,7.73E-06,0.000279858,-1.30E-05,231 R,0,3.348798216
167,231,E2: Arch 1,2.066132511,7.894233144,5,I,6.075918343,1.275905258,3.774297309,S,0.000165075,1,7.73E-06,0.000279858,-1.30E-05,231 S,0,-0.321082583
167,231,E2: Arch 1,2.066132511,7.894233144,5,I,6.075918343,1.275905258,3.774297309,T,0.285566585,1,-0.659779363,0.868122225,-0.615453055,231 T,1,0.877279623
167,231,E2: Arch 1,2.066132511,7.894233144,5,I,6.075918343,1.275905258,3.774297309,V,0.001323881,1,3.595907476,0.000279858,3.55874741,231 V,0,1.117648826
167,231,E2: Arch 1,2.066132511,7.894233144,5,I,6.075918343,1.275905258,3.774297309,W,0.048332826,1,7.73E-06,0.000279858,-1.30E-05,231 W,0,6.61536E-05
167,231,E2: Arch 1,2.066132511,7.894233144,5,I,6.075918343,1.275905258,3.774297309,Y,0.000733415,1,7.73E-06,0.000279858,-1.30E-05,231 Y,0,0.132022304
168,232,E2: Arch 1,1.586626123,4.887232162,10,E,0.114685271,3.188627938,0.89696253,A,1.55E-06,1,-0.000821936,0.001992977,-0.000896853,232 A,0,0.258063116
168,232,E2: Arch 1,1.586626123,4.887232162,10,E,0.114685271,3.188627938,0.89696253,C,4.76E-06,1,-2.176568633,0.181489284,0.200139155,232 C,0,-0.665280296
168,232,E2: Arch 1,1.586626123,4.887232162,10,E,0.114685271,3.188627938,0.89696253,D,8.79E-08,1,-0.000821936,0.001992977,-0.000896853,232 D,0,0.374577769
168,232,E2: Arch 1,1.586626123,4.887232162,10,E,0.114685271,3.188627938,0.89696253,E,0.003517384,1,NA,NA,NA,232 E,1,0
168,232,E2: Arch 1,1.586626123,4.887232162,10,E,0.114685271,3.188627938,0.89696253,F,0.051496043,1,-0.000821936,0.001992977,-0.000896853,232 F,0,0.914208509
168,232,E2: Arch 1,1.586626123,4.887232162,10,E,0.114685271,3.188627938,0.89696253,G,0.000868826,1,0.114685271,0.155082587,0.696823375,232 G,1,-1.301642736
168,232,E2: Arch 1,1.586626123,4.887232162,10,E,0.114685271,3.188627938,0.89696253,H,0.007345186,1,-0.081310134,0.413437778,-0.022078206,232 H,1,0.109772405
168,232,E2: Arch 1,1.586626123,4.887232162,10,E,0.114685271,3.188627938,0.89696253,I,0.014233995,1,-0.462177601,0.788607057,-0.628592313,232 I,1,-0.173892407
168,232,E2: Arch 1,1.586626123,4.887232162,10,E,0.114685271,3.188627938,0.89696253,K,0.167531094,1,-0.000821936,0.001992977,-0.000896853,232 K,1,0.877056601
168,232,E2: Arch 1,1.586626123,4.887232162,10,E,0.114685271,3.188627938,0.89696253,L,0.05119665,1,-0.000821936,0.001992977,-0.000896853,232 L,0,0.780191019
168,232,E2: Arch 1,1.586626123,4.887232162,10,E,0.114685271,3.188627938,0.89696253,M,0.003861565,1,-0.50142407,0.726863027,-0.314285844,232 M,1,0.106391263
168,232,E2: Arch 1,1.586626123,4.887232162,10,E,0.114685271,3.188627938,0.89696253,N,0.001732334,1,-2.857618496,-5.312720977,-2.610665866,232 N,1,-0.599322054
168,232,E2: Arch 1,1.586626123,4.887232162,10,E,0.114685271,3.188627938,0.89696253,P,1.09E-05,1,-4.650995825,-2.07831299,-2.471511635,232 P,0,0.380294054
168,232,E2: Arch 1,1.586626123,4.887232162,10,E,0.114685271,3.188627938,0.89696253,Q,0.0523867,1,-0.000821936,0.001992977,-0.000896853,232 Q,0,-0.213430749
168,232,E2: Arch 1,1.586626123,4.887232162,10,E,0.114685271,3.188627938,0.89696253,R,0.001412553,1,-0.495929258,0.167530283,-0.780076493,232 R,1,1.189706965
168,232,E2: Arch 1,1.586626123,4.887232162,10,E,0.114685271,3.188627938,0.89696253,S,0.006838864,1,-0.142952522,0.301401195,-0.033808406,232 S,1,-0.136078794
168,232,E2: Arch 1,1.586626123,4.887232162,10,E,0.114685271,3.188627938,0.89696253,T,2.42E-05,1,-0.000821936,0.001992977,-0.000896853,232 T,0,-0.138665411
168,232,E2: Arch 1,1.586626123,4.887232162,10,E,0.114685271,3.188627938,0.89696253,V,0.539317327,1,-0.099816175,0.436279931,-4.171709783,232 V,1,-0.195755029
168,232,E2: Arch 1,1.586626123,4.887232162,10,E,0.114685271,3.188627938,0.89696253,W,0.048602397,1,-0.000821936,0.001992977,-0.000896853,232 W,0,-0.29185427
168,232,E2: Arch 1,1.586626123,4.887232162,10,E,0.114685271,3.188627938,0.89696253,Y,0.04961753,1,-0.000821936,0.001992977,-0.000896853,232 Y,0,0.135054314
169,233,E2: Arch 1,1.827826288,6.220350701,4,V,0,0.553693496,0,A,0.263893225,1,-2.529525614,0.328855639,-0.334864521,233 A,1,0.261756219
169,233,E2: Arch 1,1.827826288,6.220350701,4,V,0,0.553693496,0,C,0.030673033,1,-2.613621291,-0.369369378,-0.9244473,233 C,1,0.29629872
169,233,E2: Arch 1,1.827826288,6.220350701,4,V,0,0.553693496,0,D,0.000949875,1,-7.17E-05,3.27E-05,-0.000116535,233 D,0,0.08418014
169,233,E2: Arch 1,1.827826288,6.220350701,4,V,0,0.553693496,0,E,0.000378024,1,-7.17E-05,3.27E-05,-0.000116535,233 E,0,-0.858437901
169,233,E2: Arch 1,1.827826288,6.220350701,4,V,0,0.553693496,0,F,0.000143285,1,-7.17E-05,3.27E-05,-0.000116535,233 F,0,0.261077774
169,233,E2: Arch 1,1.827826288,6.220350701,4,V,0,0.553693496,0,G,0.000219715,1,-7.17E-05,3.27E-05,-0.000116535,233 G,0,-0.702949142
169,233,E2: Arch 1,1.827826288,6.220350701,4,V,0,0.553693496,0,H,0.051759488,1,-7.17E-05,3.27E-05,-0.000116535,233 H,0,-0.269245687
169,233,E2: Arch 1,1.827826288,6.220350701,4,V,0,0.553693496,0,I,0.000790319,1,-7.17E-05,3.27E-05,-0.000116535,233 I,0,2.928410016
169,233,E2: Arch 1,1.827826288,6.220350701,4,V,0,0.553693496,0,K,0.000667538,1,-7.17E-05,3.27E-05,-0.000116535,233 K,0,-0.369011646
169,233,E2: Arch 1,1.827826288,6.220350701,4,V,0,0.553693496,0,L,0.000521791,1,-7.17E-05,3.27E-05,-0.000116535,233 L,0,3.522545073
169,233,E2: Arch 1,1.827826288,6.220350701,4,V,0,0.553693496,0,M,0.050849168,1,-7.17E-05,3.27E-05,-0.000116535,233 M,0,1.080629186
169,233,E2: Arch 1,1.827826288,6.220350701,4,V,0,0.553693496,0,N,0.000933441,1,-7.17E-05,3.27E-05,-0.000116535,233 N,0,1.209165677
169,233,E2: Arch 1,1.827826288,6.220350701,4,V,0,0.553693496,0,P,0.001685327,1,-7.17E-05,3.27E-05,-0.000116535,233 P,0,0.462867386
169,233,E2: Arch 1,1.827826288,6.220350701,4,V,0,0.553693496,0,Q,0.052982679,1,-7.17E-05,3.27E-05,-0.000116535,233 Q,0,0.058676887
169,233,E2: Arch 1,1.827826288,6.220350701,4,V,0,0.553693496,0,R,0.000152191,1,-7.17E-05,3.27E-05,-0.000116535,233 R,0,-0.097817835
169,233,E2: Arch 1,1.827826288,6.220350701,4,V,0,0.553693496,0,S,0.201223431,1,-0.057931662,0.224347886,-0.477872073,233 S,1,-0.016089264
169,233,E2: Arch 1,1.827826288,6.220350701,4,V,0,0.553693496,0,T,0.002064118,1,-7.17E-05,3.27E-05,-0.000116535,233 T,0,0.223170511
169,233,E2: Arch 1,1.827826288,6.220350701,4,V,0,0.553693496,0,V,0.280467964,1,NA,NA,NA,233 V,1,0
169,233,E2: Arch 1,1.827826288,6.220350701,4,V,0,0.553693496,0,W,0.059101953,1,-7.17E-05,3.27E-05,-0.000116535,233 W,0,0.424767019
169,233,E2: Arch 1,1.827826288,6.220350701,4,V,0,0.553693496,0,Y,0.000543433,1,-2.20093986,-2.202670414,-2.209885981,233 Y,0,0.083276173
170,234,E2: Arch 1,2.467188991,11.78926051,11,H,0.05526156,5.401551045,5.567800417,A,0.144167492,1,0.05526156,0.850846611,-0.104468826,234 A,1,-0.780807159
170,234,E2: Arch 1,2.467188991,11.78926051,11,H,0.05526156,5.401551045,5.567800417,C,8.27E-05,1,-0.000723423,0.001677401,-0.000688814,234 C,0,0.582340329
170,234,E2: Arch 1,2.467188991,11.78926051,11,H,0.05526156,5.401551045,5.567800417,D,0.046780757,1,-0.000723423,0.001677401,-0.000688814,234 D,0,-0.251365569
170,234,E2: Arch 1,2.467188991,11.78926051,11,H,0.05526156,5.401551045,5.567800417,E,0.000124849,1,-0.000723423,0.001677401,-0.000688814,234 E,0,-0.096675117
170,234,E2: Arch 1,2.467188991,11.78926051,11,H,0.05526156,5.401551045,5.567800417,F,0.03686337,1,-0.585934688,-0.512697745,-0.106015278,234 F,1,1.109407163
170,234,E2: Arch 1,2.467188991,11.78926051,11,H,0.05526156,5.401551045,5.567800417,G,0.040598746,1,-2.52342987,-0.433190657,-0.272868895,234 G,1,-1.816059051
170,234,E2: Arch 1,2.467188991,11.78926051,11,H,0.05526156,5.401551045,5.567800417,H,0.094095082,1,NA,NA,NA,234 H,1,0
170,234,E2: Arch 1,2.467188991,11.78926051,11,H,0.05526156,5.401551045,5.567800417,I,0.000184186,1,-0.000723423,0.001677401,-0.000688814,234 I,0,-0.310213993
170,234,E2: Arch 1,2.467188991,11.78926051,11,H,0.05526156,5.401551045,5.567800417,K,0.030808581,1,-0.478379351,1.088926243,-3.550475862,234 K,1,-2.539608782
170,234,E2: Arch 1,2.467188991,11.78926051,11,H,0.05526156,5.401551045,5.567800417,L,0.033661446,1,-0.859294637,0.916875832,-0.556752245,234 L,1,-0.422237261
170,234,E2: Arch 1,2.467188991,11.78926051,11,H,0.05526156,5.401551045,5.567800417,M,0.000230981,1,-0.000723423,0.001677401,-0.000688814,234 M,0,-1.560594208
170,234,E2: Arch 1,2.467188991,11.78926051,11,H,0.05526156,5.401551045,5.567800417,N,0.042847017,1,-0.000723423,0.001677401,-0.000688814,234 N,0,0.673521496
170,234,E2: Arch 1,2.467188991,11.78926051,11,H,0.05526156,5.401551045,5.567800417,P,9.92E-05,1,-2.370190785,-2.368636077,2.876958936,234 P,0,0.752633453
170,234,E2: Arch 1,2.467188991,11.78926051,11,H,0.05526156,5.401551045,5.567800417,Q,0.041294065,1,-0.000723423,0.001677401,-0.000688814,234 Q,0,3.102484666
170,234,E2: Arch 1,2.467188991,11.78926051,11,H,0.05526156,5.401551045,5.567800417,R,0.139165424,1,-0.580306531,1.06072376,-0.55107418,234 R,1,0.67295263
170,234,E2: Arch 1,2.467188991,11.78926051,11,H,0.05526156,5.401551045,5.567800417,S,0.084553175,1,-0.60007967,0.599138593,-0.375450517,234 S,1,0.904936655
170,234,E2: Arch 1,2.467188991,11.78926051,11,H,0.05526156,5.401551045,5.567800417,T,0.15519704,1,-0.236486531,0.475168972,-0.40049364,234 T,1,-0.034392518
170,234,E2: Arch 1,2.467188991,11.78926051,11,H,0.05526156,5.401551045,5.567800417,V,0.081802098,1,-0.66988928,0.396451823,-0.520703578,234 V,1,0.093680168
170,234,E2: Arch 1,2.467188991,11.78926051,11,H,0.05526156,5.401551045,5.567800417,W,4.93E-05,1,-0.000723423,0.001677401,-0.000688814,234 W,0,-0.863562635
170,234,E2: Arch 1,2.467188991,11.78926051,11,H,0.05526156,5.401551045,5.567800417,Y,0.027394494,1,-0.383683199,-0.381642309,2.690841482,234 Y,1,3.719378966
171,235,E2: Arch 1,2.533416213,12.59646492,12,M,0.696618898,12.75423368,6.234526778,A,0.070929564,1,-0.381736473,1.039300481,-0.261156839,235 A,1,-0.263092973
171,235,E2: Arch 1,2.533416213,12.59646492,12,M,0.696618898,12.75423368,6.234526778,C,0.050156269,1,-0.001824698,0.002488697,-0.001744754,235 C,0,0.297605683
171,235,E2: Arch 1,2.533416213,12.59646492,12,M,0.696618898,12.75423368,6.234526778,D,0.000159001,1,-0.001824698,0.002488697,-0.001744754,235 D,0,0.307101269
171,235,E2: Arch 1,2.533416213,12.59646492,12,M,0.696618898,12.75423368,6.234526778,E,0.07656601,1,0.205960441,0.549107316,0.375317453,235 E,1,-0.14814122
171,235,E2: Arch 1,2.533416213,12.59646492,12,M,0.696618898,12.75423368,6.234526778,F,1.57E-05,1,-0.001824698,3.465771563,3.404670154,235 F,0,-2.313324429
171,235,E2: Arch 1,2.533416213,12.59646492,12,M,0.696618898,12.75423368,6.234526778,G,0.079148819,1,-1.085139172,0.792642817,-1.008520599,235 G,1,-0.256711549
171,235,E2: Arch 1,2.533416213,12.59646492,12,M,0.696618898,12.75423368,6.234526778,H,7.66E-05,1,-0.001824698,0.002488697,-0.001744754,235 H,0,0.38582029
171,235,E2: Arch 1,2.533416213,12.59646492,12,M,0.696618898,12.75423368,6.234526778,I,0.029661502,1,-0.701551099,0.671548517,2.381829199,235 I,1,2.973684397
171,235,E2: Arch 1,2.533416213,12.59646492,12,M,0.696618898,12.75423368,6.234526778,K,0.045010398,1,-0.001824698,0.002488697,-0.001744754,235 K,0,0.065371059
171,235,E2: Arch 1,2.533416213,12.59646492,12,M,0.696618898,12.75423368,6.234526778,L,0.023020011,1,0.066674145,0.389603912,-0.2010774,235 L,1,0.562962455
171,235,E2: Arch 1,2.533416213,12.59646492,12,M,0.696618898,12.75423368,6.234526778,M,0.04629417,1,NA,NA,NA,235 M,1,0
171,235,E2: Arch 1,2.533416213,12.59646492,12,M,0.696618898,12.75423368,6.234526778,N,0.051720288,1,-0.041762883,-0.271221319,-7.162188347,235 N,0,-0.813287273
171,235,E2: Arch 1,2.533416213,12.59646492,12,M,0.696618898,12.75423368,6.234526778,P,0.036314203,1,-1.131080538,1.139914174,-1.223768934,235 P,1,2.681580377
171,235,E2: Arch 1,2.533416213,12.59646492,12,M,0.696618898,12.75423368,6.234526778,Q,0.033431899,1,0.184076355,0.269724553,0.072709973,235 Q,1,0.710558802
171,235,E2: Arch 1,2.533416213,12.59646492,12,M,0.696618898,12.75423368,6.234526778,R,0.201474193,1,-0.556344163,-0.262985433,-0.800233061,235 R,1,-0.220435954
171,235,E2: Arch 1,2.533416213,12.59646492,12,M,0.696618898,12.75423368,6.234526778,S,0.049168243,1,-1.385320457,0.562354365,-1.094903494,235 S,1,0.222794297
171,235,E2: Arch 1,2.533416213,12.59646492,12,M,0.696618898,12.75423368,6.234526778,T,0.078938855,1,-0.652877378,0.35766963,-0.287426593,235 T,1,-0.100046913
171,235,E2: Arch 1,2.533416213,12.59646492,12,M,0.696618898,12.75423368,6.234526778,V,0.127760081,1,-0.483803613,0.348999629,-1.119611283,235 V,1,-0.508606326
171,235,E2: Arch 1,2.533416213,12.59646492,12,M,0.696618898,12.75423368,6.234526778,W,0.000110181,1,0.239907957,3.155153241,-2.609131425,235 W,0,4.082085519
171,235,E2: Arch 1,2.533416213,12.59646492,12,M,0.696618898,12.75423368,6.234526778,Y,4.39E-05,1,-0.001824698,0.002488697,-0.001744754,235 Y,0,1.100637579
172,236,E2: Arch 1,1.564012636,4.777955026,6,P,2.641194837,7.744065436,7.417038254,A,0.000322396,1,-3.11E-05,0.00031831,3.85E-05,236 A,0,-0.237392941
172,236,E2: Arch 1,1.564012636,4.777955026,6,P,2.641194837,7.744065436,7.417038254,C,0.000252369,1,-3.11E-05,0.00031831,3.85E-05,236 C,0,-0.081745713
172,236,E2: Arch 1,1.564012636,4.777955026,6,P,2.641194837,7.744065436,7.417038254,D,0.002525914,1,-3.11E-05,0.00031831,3.85E-05,236 D,0,0.036913928
172,236,E2: Arch 1,1.564012636,4.777955026,6,P,2.641194837,7.744065436,7.417038254,E,0.050141189,1,-3.11E-05,0.00031831,3.85E-05,236 E,0,-0.675164562
172,236,E2: Arch 1,1.564012636,4.777955026,6,P,2.641194837,7.744065436,7.417038254,F,0.438882472,1,-0.674962595,1.13830188,-0.228894159,236 F,1,1.138994834
172,236,E2: Arch 1,1.564012636,4.777955026,6,P,2.641194837,7.744065436,7.417038254,G,0.002003379,1,-3.11E-05,0.00031831,3.85E-05,236 G,0,-0.401810796
172,236,E2: Arch 1,1.564012636,4.777955026,6,P,2.641194837,7.744065436,7.417038254,H,1.01E-05,1,-3.11E-05,0.00031831,3.85E-05,236 H,0,0.525229863
172,236,E2: Arch 1,1.564012636,4.777955026,6,P,2.641194837,7.744065436,7.417038254,I,0.000458851,1,-3.11E-05,0.00031831,3.85E-05,236 I,0,0.679736061
172,236,E2: Arch 1,1.564012636,4.777955026,6,P,2.641194837,7.744065436,7.417038254,K,0.000246817,1,-3.11E-05,0.00031831,3.85E-05,236 K,0,0.613930353
172,236,E2: Arch 1,1.564012636,4.777955026,6,P,2.641194837,7.744065436,7.417038254,L,0.006632042,1,-3.11E-05,2.26834476,2.697406639,236 L,1,1.355489294
172,236,E2: Arch 1,1.564012636,4.777955026,6,P,2.641194837,7.744065436,7.417038254,M,0.001595986,1,-3.11E-05,0.00031831,3.85E-05,236 M,0,0.0262896
172,236,E2: Arch 1,1.564012636,4.777955026,6,P,2.641194837,7.744065436,7.417038254,N,0.001703885,1,-3.11E-05,0.00031831,3.85E-05,236 N,0,0.166607517
172,236,E2: Arch 1,1.564012636,4.777955026,6,P,2.641194837,7.744065436,7.417038254,P,0.288115769,1,NA,NA,NA,236 P,1,0
172,236,E2: Arch 1,1.564012636,4.777955026,6,P,2.641194837,7.744065436,7.417038254,Q,0.000661759,1,-3.11E-05,0.00031831,3.85E-05,236 Q,0,-0.032619131
172,236,E2: Arch 1,1.564012636,4.777955026,6,P,2.641194837,7.744065436,7.417038254,R,0.00019615,1,-3.11E-05,0.00031831,3.85E-05,236 R,0,-0.373380362
172,236,E2: Arch 1,1.564012636,4.777955026,6,P,2.641194837,7.744065436,7.417038254,S,0.020978215,1,0.231694129,0.255044373,2.207260489,236 S,1,-0.015494017
172,236,E2: Arch 1,1.564012636,4.777955026,6,P,2.641194837,7.744065436,7.417038254,T,0.067017591,1,2.409500708,4.077918085,2.511832432,236 T,1,-0.009135914
172,236,E2: Arch 1,1.564012636,4.777955026,6,P,2.641194837,7.744065436,7.417038254,V,0.073317748,1,-2.346750801,-2.349168368,-2.3739641,236 V,1,-0.141193348
172,236,E2: Arch 1,1.564012636,4.777955026,6,P,2.641194837,7.744065436,7.417038254,W,0.044610423,1,-3.11E-05,0.00031831,3.85E-05,236 W,0,0.276930167
172,236,E2: Arch 1,1.564012636,4.777955026,6,P,2.641194837,7.744065436,7.417038254,Y,0.000326955,1,-3.11E-05,0.00031831,3.85E-05,236 Y,0,-0.198614298
173,237,E2: B domain,1.247967233,3.48325511,8,P,0.111086028,5.792835769,2.059875168,A,4.93E-05,1,-3.45E-05,4.36E-05,-3.43E-05,237 A,0,-0.483238614
173,237,E2: B domain,1.247967233,3.48325511,8,P,0.111086028,5.792835769,2.059875168,C,0.05131134,1,-3.45E-05,4.36E-05,-3.43E-05,237 C,0,-0.1390018
173,237,E2: B domain,1.247967233,3.48325511,8,P,0.111086028,5.792835769,2.059875168,D,0.046882967,1,-3.45E-05,4.36E-05,-3.43E-05,237 D,0,-0.482625568
173,237,E2: B domain,1.247967233,3.48325511,8,P,0.111086028,5.792835769,2.059875168,E,0.010719309,1,-0.581630135,-0.189873958,-0.759423761,237 E,1,-1.106099028
173,237,E2: B domain,1.247967233,3.48325511,8,P,0.111086028,5.792835769,2.059875168,F,0.007357591,1,-0.099483363,3.072370184,2.059875168,237 F,1,0.355711112
173,237,E2: B domain,1.247967233,3.48325511,8,P,0.111086028,5.792835769,2.059875168,G,0.013038758,1,-3.45E-05,2.71985517,-3.43E-05,237 G,1,0.178167858
173,237,E2: B domain,1.247967233,3.48325511,8,P,0.111086028,5.792835769,2.059875168,H,0.693198165,1,-3.45E-05,4.36E-05,-3.43E-05,237 H,1,1.371632318
173,237,E2: B domain,1.247967233,3.48325511,8,P,0.111086028,5.792835769,2.059875168,I,0.048136739,1,-3.45E-05,4.36E-05,-3.43E-05,237 I,0,-0.108401582
173,237,E2: B domain,1.247967233,3.48325511,8,P,0.111086028,5.792835769,2.059875168,K,0.052870107,1,-3.45E-05,4.36E-05,-3.43E-05,237 K,0,0.363617708
173,237,E2: B domain,1.247967233,3.48325511,8,P,0.111086028,5.792835769,2.059875168,L,0.001042239,1,0.111086028,-0.215475807,-0.183101796,237 L,1,-0.173440996
173,237,E2: B domain,1.247967233,3.48325511,8,P,0.111086028,5.792835769,2.059875168,M,0.053571854,1,-3.45E-05,4.36E-05,-3.43E-05,237 M,0,-0.151148214
173,237,E2: B domain,1.247967233,3.48325511,8,P,0.111086028,5.792835769,2.059875168,N,6.02E-05,1,-3.45E-05,4.36E-05,-3.43E-05,237 N,0,-0.275089565
173,237,E2: B domain,1.247967233,3.48325511,8,P,0.111086028,5.792835769,2.059875168,P,0.020265544,1,NA,NA,NA,237 P,1,0
173,237,E2: B domain,1.247967233,3.48325511,8,P,0.111086028,5.792835769,2.059875168,Q,0.000206072,1,-0.178868861,-2.676763695,-0.154213936,237 Q,1,-0.48425504
173,237,E2: B domain,1.247967233,3.48325511,8,P,0.111086028,5.792835769,2.059875168,R,9.04E-06,1,-3.45E-05,4.36E-05,-3.43E-05,237 R,0,0.343845342
173,237,E2: B domain,1.247967233,3.48325511,8,P,0.111086028,5.792835769,2.059875168,S,0.00106602,1,-3.45E-05,4.36E-05,-3.43E-05,237 S,1,1.438247307
173,237,E2: B domain,1.247967233,3.48325511,8,P,0.111086028,5.792835769,2.059875168,T,4.33E-05,1,-3.45E-05,4.36E-05,-3.43E-05,237 T,0,-1.980719512
173,237,E2: B domain,1.247967233,3.48325511,8,P,0.111086028,5.792835769,2.059875168,V,7.99E-05,1,-3.45E-05,4.36E-05,-3.43E-05,237 V,0,0.09628926
173,237,E2: B domain,1.247967233,3.48325511,8,P,0.111086028,5.792835769,2.059875168,W,4.36E-05,1,-3.45E-05,4.36E-05,-3.43E-05,237 W,0,1.026688757
173,237,E2: B domain,1.247967233,3.48325511,8,P,0.111086028,5.792835769,2.059875168,Y,4.81E-05,1,-3.45E-05,4.36E-05,-3.43E-05,237 Y,0,-0.447479843
174,238,E2: B domain,2.185474635,8.894869366,16,D,1.429321974,13.27286376,1.765528043,A,0.003167588,1,0.324650886,3.616100952,0.097787174,238 A,1,0.236159011
174,238,E2: B domain,2.185474635,8.894869366,16,D,1.429321974,13.27286376,1.765528043,C,0.053958806,1,0.046825241,-0.016614528,-0.561180469,238 C,1,0.86447074
174,238,E2: B domain,2.185474635,8.894869366,16,D,1.429321974,13.27286376,1.765528043,D,0.082119154,1,NA,NA,NA,238 D,1,0
174,238,E2: B domain,2.185474635,8.894869366,16,D,1.429321974,13.27286376,1.765528043,E,5.11E-06,1,-0.000173929,0.000911569,-0.000188899,238 E,0,0.790386204
174,238,E2: B domain,2.185474635,8.894869366,16,D,1.429321974,13.27286376,1.765528043,F,0.11373837,1,0.362949189,0.681378753,0.365921958,238 F,1,0.297667024
174,238,E2: B domain,2.185474635,8.894869366,16,D,1.429321974,13.27286376,1.765528043,G,0.016040057,1,-0.896359684,0.297301369,0.498206574,238 G,1,0.076050358
174,238,E2: B domain,2.185474635,8.894869366,16,D,1.429321974,13.27286376,1.765528043,H,0.01651701,1,-0.737416044,-0.501732882,-0.456647965,238 H,1,0.934010959
174,238,E2: B domain,2.185474635,8.894869366,16,D,1.429321974,13.27286376,1.765528043,I,5.26E-05,1,-0.000173929,0.000911569,-0.000188899,238 I,0,0.044455876
174,238,E2: B domain,2.185474635,8.894869366,16,D,1.429321974,13.27286376,1.765528043,K,0.008115362,1,-0.302914411,2.483386851,-2.512019661,238 K,1,-0.600369756
174,238,E2: B domain,2.185474635,8.894869366,16,D,1.429321974,13.27286376,1.765528043,L,0.025595347,1,-0.329099736,0.471506183,-0.268715934,238 L,1,0.12377525
174,238,E2: B domain,2.185474635,8.894869366,16,D,1.429321974,13.27286376,1.765528043,M,0.047150211,1,-0.000173929,0.000911569,-0.000188899,238 M,0,-0.031110032
174,238,E2: B domain,2.185474635,8.894869366,16,D,1.429321974,13.27286376,1.765528043,N,0.042303715,1,0.171522822,0.570520831,0.397384207,238 N,1,-0.55342463
174,238,E2: B domain,2.185474635,8.894869366,16,D,1.429321974,13.27286376,1.765528043,P,0.101102189,1,-0.220704148,-0.32471194,-0.062151304,238 P,1,-0.260281735
174,238,E2: B domain,2.185474635,8.894869366,16,D,1.429321974,13.27286376,1.765528043,Q,0.36437682,1,0.318175406,0.553621287,0.302083899,238 Q,1,-0.12679475
174,238,E2: B domain,2.185474635,8.894869366,16,D,1.429321974,13.27286376,1.765528043,R,3.74E-05,1,-4.613159727,-2.348761387,-4.649039704,238 R,0,-1.635499069
174,238,E2: B domain,2.185474635,8.894869366,16,D,1.429321974,13.27286376,1.765528043,S,0.021199956,1,-0.157262601,0.078890927,-0.713486531,238 S,1,-0.697262907
174,238,E2: B domain,2.185474635,8.894869366,16,D,1.429321974,13.27286376,1.765528043,T,0.01795756,1,-0.202263753,0.507101108,0.104144231,238 T,1,-0.127472112
174,238,E2: B domain,2.185474635,8.894869366,16,D,1.429321974,13.27286376,1.765528043,V,0.070867448,1,-0.143621298,0.315839273,-0.22978828,238 V,1,0.019776999
174,238,E2: B domain,2.185474635,8.894869366,16,D,1.429321974,13.27286376,1.765528043,W,0.014058389,1,-0.097762103,2.973291787,-2.498789641,238 W,1,-2.250454818
174,238,E2: B domain,2.185474635,8.894869366,16,D,1.429321974,13.27286376,1.765528043,Y,0.001636899,1,0.20519843,0.721189735,-0.165911726,238 Y,1,-0.329918
175,239,E2: B domain,2.446045251,11.54260822,17,T,1.176859098,7.379173239,0.459419607,A,0.047248221,1,-0.265805601,0.178465573,-0.321037877,239 A,1,0.184821974
175,239,E2: B domain,2.446045251,11.54260822,17,T,1.176859098,7.379173239,0.459419607,C,0.110042282,1,-0.493954184,-0.772185411,-0.567935265,239 C,1,-1.324732696
175,239,E2: B domain,2.446045251,11.54260822,17,T,1.176859098,7.379173239,0.459419607,D,0.00616733,1,-3.044140227,-3.191157178,-0.749413031,239 D,1,0.803073202
175,239,E2: B domain,2.446045251,11.54260822,17,T,1.176859098,7.379173239,0.459419607,E,0.177210123,1,0.280528999,0.731935045,0.41134366,239 E,1,-1.156592702
175,239,E2: B domain,2.446045251,11.54260822,17,T,1.176859098,7.379173239,0.459419607,F,0.008569047,1,-0.980512031,-3.139295842,-0.189203793,239 F,1,-0.733138296
175,239,E2: B domain,2.446045251,11.54260822,17,T,1.176859098,7.379173239,0.459419607,G,0.029660713,1,-0.610946291,-0.023246717,-0.668150044,239 G,1,-0.019442304
175,239,E2: B domain,2.446045251,11.54260822,17,T,1.176859098,7.379173239,0.459419607,H,0.039449352,1,-0.557323493,1.359067353,-0.548117225,239 H,1,0.508083414
175,239,E2: B domain,2.446045251,11.54260822,17,T,1.176859098,7.379173239,0.459419607,I,0.0177838,1,0.765618463,0.232846281,-0.149422458,239 I,1,-1.186835796
175,239,E2: B domain,2.446045251,11.54260822,17,T,1.176859098,7.379173239,0.459419607,K,5.03E-05,1,-0.00289584,0.001654227,-0.002757152,239 K,0,-0.701907883
175,239,E2: B domain,2.446045251,11.54260822,17,T,1.176859098,7.379173239,0.459419607,L,0.058658325,1,-1.737941679,-0.481299017,-1.484313699,239 L,1,-0.009582687
175,239,E2: B domain,2.446045251,11.54260822,17,T,1.176859098,7.379173239,0.459419607,M,0.004924605,1,-0.272950451,2.248279624,-2.82560511,239 M,1,0.910585793
175,239,E2: B domain,2.446045251,11.54260822,17,T,1.176859098,7.379173239,0.459419607,N,0.047749063,1,0.130711637,-0.104907292,0.048075947,239 N,1,-0.145459328
175,239,E2: B domain,2.446045251,11.54260822,17,T,1.176859098,7.379173239,0.459419607,P,2.38E-05,1,-0.00289584,0.001654227,-0.002757152,239 P,0,0.415616072
175,239,E2: B domain,2.446045251,11.54260822,17,T,1.176859098,7.379173239,0.459419607,Q,0.015902502,1,-2.777287707,0.638352927,-0.347915707,239 Q,1,2.2533497
175,239,E2: B domain,2.446045251,11.54260822,17,T,1.176859098,7.379173239,0.459419607,R,0.05246098,1,-0.709910118,0.387746622,-0.845354399,239 R,1,0.501580769
175,239,E2: B domain,2.446045251,11.54260822,17,T,1.176859098,7.379173239,0.459419607,S,0.108310684,1,-0.079737528,0.656253865,-0.024864355,239 S,1,0.037877659
175,239,E2: B domain,2.446045251,11.54260822,17,T,1.176859098,7.379173239,0.459419607,T,0.054407508,1,NA,NA,NA,239 T,1,0
175,239,E2: B domain,2.446045251,11.54260822,17,T,1.176859098,7.379173239,0.459419607,V,0.026560044,1,-0.11066907,0.682480817,-0.24339041,239 V,1,0.004632545
175,239,E2: B domain,2.446045251,11.54260822,17,T,1.176859098,7.379173239,0.459419607,W,0.000493098,1,-0.00289584,0.001654227,-0.002757152,239 W,0,0.021290068
175,239,E2: B domain,2.446045251,11.54260822,17,T,1.176859098,7.379173239,0.459419607,Y,0.194328257,1,-0.5355012,0.258782452,-0.295799161,239 Y,1,0.618496583
176,240,E2: B domain,1.645669324,5.184478842,3,P,0.851311021,4.285452077,8.254909974,A,0.087204657,1,0.184292036,0.644732383,0.024581929,240 A,1,-0.307782101
176,240,E2: B domain,1.645669324,5.184478842,3,P,0.851311021,4.285452077,8.254909974,C,0.000573118,1,-3.46E-05,0.000686052,0.000372466,240 C,0,-0.538989768
176,240,E2: B domain,1.645669324,5.184478842,3,P,0.851311021,4.285452077,8.254909974,D,0.055967218,1,-3.46E-05,0.000686052,0.000372466,240 D,0,-0.018996442
176,240,E2: B domain,1.645669324,5.184478842,3,P,0.851311021,4.285452077,8.254909974,E,0.056321931,1,-3.46E-05,0.000686052,0.000372466,240 E,0,-0.867634284
176,240,E2: B domain,1.645669324,5.184478842,3,P,0.851311021,4.285452077,8.254909974,F,0.002904489,1,-3.46E-05,0.000686052,0.000372466,240 F,0,-0.849708566
176,240,E2: B domain,1.645669324,5.184478842,3,P,0.851311021,4.285452077,8.254909974,G,0.000767479,1,-3.46E-05,0.000686052,0.000372466,240 G,0,0.15581652
176,240,E2: B domain,1.645669324,5.184478842,3,P,0.851311021,4.285452077,8.254909974,H,0.000474268,1,-3.46E-05,0.000686052,0.000372466,240 H,0,-0.176793399
176,240,E2: B domain,1.645669324,5.184478842,3,P,0.851311021,4.285452077,8.254909974,I,0.001439666,1,-3.46E-05,0.000686052,0.000372466,240 I,0,-1.399740784
176,240,E2: B domain,1.645669324,5.184478842,3,P,0.851311021,4.285452077,8.254909974,K,0.000913432,1,-3.46E-05,0.000686052,0.000372466,240 K,0,-0.448075229
176,240,E2: B domain,1.645669324,5.184478842,3,P,0.851311021,4.285452077,8.254909974,L,0.000193407,1,-3.46E-05,0.000686052,4.179822572,240 L,0,-2.142834558
176,240,E2: B domain,1.645669324,5.184478842,3,P,0.851311021,4.285452077,8.254909974,M,0.051776611,1,-3.46E-05,0.000686052,0.000372466,240 M,0,0.42938027
176,240,E2: B domain,1.645669324,5.184478842,3,P,0.851311021,4.285452077,8.254909974,N,0.000800974,1,-3.46E-05,0.000686052,0.000372466,240 N,0,-0.538872546
176,240,E2: B domain,1.645669324,5.184478842,3,P,0.851311021,4.285452077,8.254909974,P,0.521143572,1,NA,NA,NA,240 P,1,0
176,240,E2: B domain,1.645669324,5.184478842,3,P,0.851311021,4.285452077,8.254909974,Q,3.44E-05,1,-3.46E-05,0.000686052,0.000372466,240 Q,0,0.237865096
176,240,E2: B domain,1.645669324,5.184478842,3,P,0.851311021,4.285452077,8.254909974,R,0.00031496,1,-3.46E-05,0.000686052,0.000372466,240 R,0,-1.419019415
176,240,E2: B domain,1.645669324,5.184478842,3,P,0.851311021,4.285452077,8.254909974,S,0.000107725,1,-4.135154864,0.106385817,-2.610598038,240 S,0,-1.067903276
176,240,E2: B domain,1.645669324,5.184478842,3,P,0.851311021,4.285452077,8.254909974,T,8.98E-06,1,-3.46E-05,3.524043104,3.76490352,240 T,0,0.274339583
176,240,E2: B domain,1.645669324,5.184478842,3,P,0.851311021,4.285452077,8.254909974,V,0.110262504,1,0.667018985,-2.011288345,0.28038743,240 V,1,1.715843559
176,240,E2: B domain,1.645669324,5.184478842,3,P,0.851311021,4.285452077,8.254909974,W,0.047884936,1,-3.46E-05,0.000686052,0.000372466,240 W,0,-0.340991118
176,240,E2: B domain,1.645669324,5.184478842,3,P,0.851311021,4.285452077,8.254909974,Y,0.06090563,1,-3.46E-05,0.000686052,0.000372466,240 Y,0,-0.180024347
177,241,E2: B domain,2.529793154,12.55090977,13,D,0.847222157,5.821371942,2.716906454,A,0.077030579,1,-0.184927624,0.327007023,-0.432227273,241 A,1,1.151445521
177,241,E2: B domain,2.529793154,12.55090977,13,D,0.847222157,5.821371942,2.716906454,C,0.01561971,1,0.024760818,0.624339671,-0.19666665,241 C,1,0.234738965
177,241,E2: B domain,2.529793154,12.55090977,13,D,0.847222157,5.821371942,2.716906454,D,0.105592244,1,NA,NA,NA,241 D,1,0
177,241,E2: B domain,2.529793154,12.55090977,13,D,0.847222157,5.821371942,2.716906454,E,0.047857428,1,-0.00037192,0.000321187,-0.0005832,241 E,0,-0.297576738
177,241,E2: B domain,2.529793154,12.55090977,13,D,0.847222157,5.821371942,2.716906454,F,0.048793073,1,-0.00037192,0.000321187,-0.0005832,241 F,0,0.879458515
177,241,E2: B domain,2.529793154,12.55090977,13,D,0.847222157,5.821371942,2.716906454,G,0.033643579,1,0.323029308,0.997533278,-0.180723489,241 G,1,0.170113997
177,241,E2: B domain,2.529793154,12.55090977,13,D,0.847222157,5.821371942,2.716906454,H,0.046624754,1,-0.00037192,0.000321187,-0.0005832,241 H,0,-0.729292727
177,241,E2: B domain,2.529793154,12.55090977,13,D,0.847222157,5.821371942,2.716906454,I,0.006831104,1,-0.00037192,2.429311685,-0.0005832,241 I,1,1.664978879
177,241,E2: B domain,2.529793154,12.55090977,13,D,0.847222157,5.821371942,2.716906454,K,0.000351664,1,-0.00037192,0.000321187,-0.0005832,241 K,0,0.744985818
177,241,E2: B domain,2.529793154,12.55090977,13,D,0.847222157,5.821371942,2.716906454,L,0.005705398,1,-0.109047971,0.305299893,-2.182856922,241 L,1,-1.205343057
177,241,E2: B domain,2.529793154,12.55090977,13,D,0.847222157,5.821371942,2.716906454,M,0.09864295,1,-0.488576225,0.156888743,-0.08127514,241 M,1,-0.456265272
177,241,E2: B domain,2.529793154,12.55090977,13,D,0.847222157,5.821371942,2.716906454,N,0.092536084,1,-0.00037192,0.000321187,-0.0005832,241 N,1,-0.664560192
177,241,E2: B domain,2.529793154,12.55090977,13,D,0.847222157,5.821371942,2.716906454,P,0.000115961,1,-0.00037192,0.000321187,2.716906454,241 P,0,0.049098493
177,241,E2: B domain,2.529793154,12.55090977,13,D,0.847222157,5.821371942,2.716906454,Q,0.00058886,1,-0.00037192,0.000321187,-0.0005832,241 Q,0,-0.080257425
177,241,E2: B domain,2.529793154,12.55090977,13,D,0.847222157,5.821371942,2.716906454,R,0.00826683,1,-0.769357726,-0.323278632,-1.452052118,241 R,1,0.278528774
177,241,E2: B domain,2.529793154,12.55090977,13,D,0.847222157,5.821371942,2.716906454,S,0.10751182,1,-0.191455761,0.477789816,-0.09008412,241 S,1,-0.970826154
177,241,E2: B domain,2.529793154,12.55090977,13,D,0.847222157,5.821371942,2.716906454,T,0.019684849,1,-2.954247853,-0.128793269,-2.798501808,241 T,1,0.157416096
177,241,E2: B domain,2.529793154,12.55090977,13,D,0.847222157,5.821371942,2.716906454,V,0.05515491,1,0.499432031,0.500632338,-0.746658502,241 V,1,-2.598205133
177,241,E2: B domain,2.529793154,12.55090977,13,D,0.847222157,5.821371942,2.716906454,W,0.190015144,1,-0.523147776,-0.697417538,-0.799654904,241 W,1,0.597993013
177,241,E2: B domain,2.529793154,12.55090977,13,D,0.847222157,5.821371942,2.716906454,Y,0.03943306,1,-0.00037192,0.000321187,-0.0005832,241 Y,0,0.326751014
178,242,E2: B domain,2.24610638,9.45086602,12,R,1.6730102,4.010227021,2.801609409,A,0.236176743,1,0.107170669,-0.313130653,0.322035492,242 A,1,1.165750553
178,242,E2: B domain,2.24610638,9.45086602,12,R,1.6730102,4.010227021,2.801609409,C,0.050846551,1,0.33300737,0.342446248,0.974461561,242 C,1,-0.558923578
178,242,E2: B domain,2.24610638,9.45086602,12,R,1.6730102,4.010227021,2.801609409,D,0.000325452,1,0.000185621,0.000866612,0.000962963,242 D,0,0.126382624
178,242,E2: B domain,2.24610638,9.45086602,12,R,1.6730102,4.010227021,2.801609409,E,0.024766214,1,0.034005944,2.430076838,0.14415175,242 E,1,1.103225454
178,242,E2: B domain,2.24610638,9.45086602,12,R,1.6730102,4.010227021,2.801609409,F,0.021751607,1,-0.745008887,-0.990600471,-0.320863263,242 F,1,-1.738298851
178,242,E2: B domain,2.24610638,9.45086602,12,R,1.6730102,4.010227021,2.801609409,G,0.004549522,1,-1.755549825,-4.657716738,-1.979183611,242 G,1,1.213658794
178,242,E2: B domain,2.24610638,9.45086602,12,R,1.6730102,4.010227021,2.801609409,H,0.11688969,1,-0.185871146,0.327712864,0.008576097,242 H,1,0.6731619
178,242,E2: B domain,2.24610638,9.45086602,12,R,1.6730102,4.010227021,2.801609409,I,0.059744629,1,0.366444486,-1.231623526,-0.26297896,242 I,1,2.741120703
178,242,E2: B domain,2.24610638,9.45086602,12,R,1.6730102,4.010227021,2.801609409,K,0.0463921,1,0.000185621,0.000866612,0.000962963,242 K,0,-0.275328877
178,242,E2: B domain,2.24610638,9.45086602,12,R,1.6730102,4.010227021,2.801609409,L,5.90E-05,1,-1.149020055,-1.149655161,-1.157978308,242 L,0,2.429132135
178,242,E2: B domain,2.24610638,9.45086602,12,R,1.6730102,4.010227021,2.801609409,M,0.000578298,1,0.000185621,0.000866612,0.000962963,242 M,0,-0.292423466
178,242,E2: B domain,2.24610638,9.45086602,12,R,1.6730102,4.010227021,2.801609409,N,0.021395349,1,0.39442662,-0.148090589,0.529486001,242 N,1,-1.614622837
178,242,E2: B domain,2.24610638,9.45086602,12,R,1.6730102,4.010227021,2.801609409,P,0.152419919,1,0.344604479,0.308296021,0.261309911,242 P,1,-0.198047577
178,242,E2: B domain,2.24610638,9.45086602,12,R,1.6730102,4.010227021,2.801609409,Q,0.14708241,1,0.092051281,-0.30105386,0.204608082,242 Q,1,-0.745203229
178,242,E2: B domain,2.24610638,9.45086602,12,R,1.6730102,4.010227021,2.801609409,R,0.066022376,1,NA,NA,NA,242 R,1,0
178,242,E2: B domain,2.24610638,9.45086602,12,R,1.6730102,4.010227021,2.801609409,S,1.53E-06,1,0.000185621,0.000866612,0.000962963,242 S,0,0.17010905
178,242,E2: B domain,2.24610638,9.45086602,12,R,1.6730102,4.010227021,2.801609409,T,0.050525514,1,-0.133491775,0.595628766,0.350239778,242 T,1,0.84262534
178,242,E2: B domain,2.24610638,9.45086602,12,R,1.6730102,4.010227021,2.801609409,V,0.000319403,1,0.000185621,0.000866612,0.000962963,242 V,0,-0.31309963
178,242,E2: B domain,2.24610638,9.45086602,12,R,1.6730102,4.010227021,2.801609409,W,0.000105448,1,0.000185621,0.000866612,0.000962963,242 W,0,-1.08528482
178,242,E2: B domain,2.24610638,9.45086602,12,R,1.6730102,4.010227021,2.801609409,Y,4.82E-05,1,0.000185621,0.000866612,0.000962963,242 Y,0,0.908648874
179,243,E2: B domain,2.400279194,11.02625441,15,T,7.10810927,9.86019771,9.47406541,A,0.033995021,1,0.084747314,-0.189736368,0.081661112,243 A,1,-0.053610796
179,243,E2: B domain,2.400279194,11.02625441,15,T,7.10810927,9.86019771,9.47406541,C,0.035390265,1,0.052439785,-0.82529459,0.234919243,243 C,1,0.136651969
179,243,E2: B domain,2.400279194,11.02625441,15,T,7.10810927,9.86019771,9.47406541,D,0.156708497,1,0.213241739,-0.080833435,0.256586792,243 D,1,0.461940633
179,243,E2: B domain,2.400279194,11.02625441,15,T,7.10810927,9.86019771,9.47406541,E,0.01742857,1,0.46928522,0.243030546,0.285317613,243 E,1,-1.879641144
179,243,E2: B domain,2.400279194,11.02625441,15,T,7.10810927,9.86019771,9.47406541,F,7.50E-05,1,-2.318680459,-2.320055798,-2.346140793,243 F,0,1.414567179
179,243,E2: B domain,2.400279194,11.02625441,15,T,7.10810927,9.86019771,9.47406541,G,0.086515301,1,0.286345487,0.130126547,0.050434568,243 G,1,0.043656559
179,243,E2: B domain,2.400279194,11.02625441,15,T,7.10810927,9.86019771,9.47406541,H,0.010586924,1,-0.784219603,-1.280789497,0.188069323,243 H,1,1.91003468
179,243,E2: B domain,2.400279194,11.02625441,15,T,7.10810927,9.86019771,9.47406541,I,0.06712082,1,0.179883145,0.367744632,0.325365994,243 I,1,0.069683382
179,243,E2: B domain,2.400279194,11.02625441,15,T,7.10810927,9.86019771,9.47406541,K,0.007034793,1,-0.221715585,-0.63546538,-0.813419579,243 K,1,1.529742322
179,243,E2: B domain,2.400279194,11.02625441,15,T,7.10810927,9.86019771,9.47406541,L,0.100787521,1,-0.000387975,0.095970003,0.032469826,243 L,1,0.331860535
179,243,E2: B domain,2.400279194,11.02625441,15,T,7.10810927,9.86019771,9.47406541,M,4.90E-05,1,2.450924354,5.277373657,2.389163925,243 M,0,-0.365385745
179,243,E2: B domain,2.400279194,11.02625441,15,T,7.10810927,9.86019771,9.47406541,N,5.17E-05,1,0.000827,-0.000155367,0.000648967,243 N,0,1.619557146
179,243,E2: B domain,2.400279194,11.02625441,15,T,7.10810927,9.86019771,9.47406541,P,0.002533914,1,2.25447549,2.187364387,4.767563024,243 P,1,0.460882963
179,243,E2: B domain,2.400279194,11.02625441,15,T,7.10810927,9.86019771,9.47406541,Q,0.000254995,1,0.000827,-0.000155367,0.000648967,243 Q,0,0.323465607
179,243,E2: B domain,2.400279194,11.02625441,15,T,7.10810927,9.86019771,9.47406541,R,0.075217112,1,0.144783985,-0.444118277,-0.075454653,243 R,1,-0.524029525
179,243,E2: B domain,2.400279194,11.02625441,15,T,7.10810927,9.86019771,9.47406541,S,0.182178376,1,0.118009183,-0.694721573,-0.051890033,243 S,1,0.032484154
179,243,E2: B domain,2.400279194,11.02625441,15,T,7.10810927,9.86019771,9.47406541,T,0.080553504,1,NA,NA,NA,243 T,1,0
179,243,E2: B domain,2.400279194,11.02625441,15,T,7.10810927,9.86019771,9.47406541,V,0.049767763,1,0.044242621,0.415614065,0.157041,243 V,1,-0.161970365
179,243,E2: B domain,2.400279194,11.02625441,15,T,7.10810927,9.86019771,9.47406541,W,0.093653049,1,0.807249947,1.142973872,0.703526088,243 W,1,-1.575183693
179,243,E2: B domain,2.400279194,11.02625441,15,T,7.10810927,9.86019771,9.47406541,Y,9.79E-05,1,0.000827,-0.000155367,0.000648967,243 Y,0,-0.56665535
180,244,E2: B domain,2.298732686,9.961550037,9,L,3.389743616,1.741788114,0.881619397,A,0.170385249,1,0.362101359,0.207190904,0.178297127,244 A,1,-0.96952658
180,244,E2: B domain,2.298732686,9.961550037,9,L,3.389743616,1.741788114,0.881619397,C,0.057877717,1,-0.211900014,0.519688725,-0.081830867,244 C,1,0.484981102
180,244,E2: B domain,2.298732686,9.961550037,9,L,3.389743616,1.741788114,0.881619397,D,0.00011378,1,-0.00011006,0.000565441,0.000119623,244 D,0,0.485208645
180,244,E2: B domain,2.298732686,9.961550037,9,L,3.389743616,1.741788114,0.881619397,E,6.16E-05,1,-0.00011006,0.000565441,0.000119623,244 E,0,0.476003281
180,244,E2: B domain,2.298732686,9.961550037,9,L,3.389743616,1.741788114,0.881619397,F,0.050461043,1,-0.00011006,0.000565441,0.000119623,244 F,0,1.862335857
180,244,E2: B domain,2.298732686,9.961550037,9,L,3.389743616,1.741788114,0.881619397,G,0.010766669,1,-2.236601988,-2.235519209,-2.249005811,244 G,1,1.478474989
180,244,E2: B domain,2.298732686,9.961550037,9,L,3.389743616,1.741788114,0.881619397,H,0.000242415,1,-0.00011006,0.000565441,0.000119623,244 H,0,0.046506366
180,244,E2: B domain,2.298732686,9.961550037,9,L,3.389743616,1.741788114,0.881619397,I,0.237035629,1,0.020511673,0.512002631,0.22412757,244 I,1,0.007731602
180,244,E2: B domain,2.298732686,9.961550037,9,L,3.389743616,1.741788114,0.881619397,K,0.062516318,1,-0.00011006,0.000565441,0.000119623,244 K,0,0.050721242
180,244,E2: B domain,2.298732686,9.961550037,9,L,3.389743616,1.741788114,0.881619397,L,0.112165778,1,NA,NA,NA,244 L,1,0
180,244,E2: B domain,2.298732686,9.961550037,9,L,3.389743616,1.741788114,0.881619397,M,0.048829647,1,-0.00011006,0.000565441,0.000119623,244 M,0,-0.138590927
180,244,E2: B domain,2.298732686,9.961550037,9,L,3.389743616,1.741788114,0.881619397,N,6.18E-05,1,-0.00011006,0.000565441,0.000119623,244 N,0,-0.256283741
180,244,E2: B domain,2.298732686,9.961550037,9,L,3.389743616,1.741788114,0.881619397,P,4.25E-05,1,2.706962797,0.265860995,0.067895824,244 P,0,-3.239660075
180,244,E2: B domain,2.298732686,9.961550037,9,L,3.389743616,1.741788114,0.881619397,Q,0.095366583,1,0.300167788,-0.068452453,0.410102646,244 Q,1,-0.258909665
180,244,E2: B domain,2.298732686,9.961550037,9,L,3.389743616,1.741788114,0.881619397,R,0.057016832,1,-0.395542465,0.231390451,-0.115918361,244 R,1,-0.935877413
180,244,E2: B domain,2.298732686,9.961550037,9,L,3.389743616,1.741788114,0.881619397,S,0.038274274,1,-0.930807795,-0.26221593,-0.145399716,244 S,1,0.726400085
180,244,E2: B domain,2.298732686,9.961550037,9,L,3.389743616,1.741788114,0.881619397,T,0.000107055,1,-0.00011006,0.000565441,0.000119623,244 T,0,-0.263777893
180,244,E2: B domain,2.298732686,9.961550037,9,L,3.389743616,1.741788114,0.881619397,V,0.027269578,1,-0.591127068,-0.494627183,-0.717087283,244 V,1,0.502047455
180,244,E2: B domain,2.298732686,9.961550037,9,L,3.389743616,1.741788114,0.881619397,W,0.031329196,1,-0.00011006,0.000565441,0.000119623,244 W,0,0.674226641
180,244,E2: B domain,2.298732686,9.961550037,9,L,3.389743616,1.741788114,0.881619397,Y,7.63E-05,1,-0.00011006,0.000565441,0.000119623,244 Y,0,-0.062878382
181,245,E2: B domain,2.231772672,9.316366312,12,M,4.30318852,2.328171585,3.298342071,A,0.029588596,1,0.856591636,0.948103376,0.819953984,245 A,1,1.784053903
181,245,E2: B domain,2.231772672,9.316366312,12,M,4.30318852,2.328171585,3.298342071,C,5.96E-05,1,0.000579463,0.000618793,0.000470161,245 C,0,0.374938269
181,245,E2: B domain,2.231772672,9.316366312,12,M,4.30318852,2.328171585,3.298342071,D,7.94E-05,1,0.000579463,0.000618793,0.000470161,245 D,0,-0.038051275
181,245,E2: B domain,2.231772672,9.316366312,12,M,4.30318852,2.328171585,3.298342071,E,0.000851382,1,0.000579463,0.000618793,0.000470161,245 E,0,-0.683465799
181,245,E2: B domain,2.231772672,9.316366312,12,M,4.30318852,2.328171585,3.298342071,F,0.170205665,1,0.27408236,0.599310968,0.546611831,245 F,1,0.742813333
181,245,E2: B domain,2.231772672,9.316366312,12,M,4.30318852,2.328171585,3.298342071,G,0.01921639,1,-0.471041627,-0.374830773,-0.714076079,245 G,1,0.374286867
181,245,E2: B domain,2.231772672,9.316366312,12,M,4.30318852,2.328171585,3.298342071,H,5.55E-05,1,0.000579463,0.000618793,0.000470161,245 H,0,0.722697406
181,245,E2: B domain,2.231772672,9.316366312,12,M,4.30318852,2.328171585,3.298342071,I,0.020550124,1,0.000579463,0.000618793,1.726523476,245 I,1,-4.095612846
181,245,E2: B domain,2.231772672,9.316366312,12,M,4.30318852,2.328171585,3.298342071,K,0.049348852,1,0.000579463,0.000618793,0.000470161,245 K,0,-0.018530357
181,245,E2: B domain,2.231772672,9.316366312,12,M,4.30318852,2.328171585,3.298342071,L,0.197329592,1,0.058026735,-0.179999686,0.163920068,245 L,1,0.097375417
181,245,E2: B domain,2.231772672,9.316366312,12,M,4.30318852,2.328171585,3.298342071,M,0.130730371,1,NA,NA,NA,245 M,1,0
181,245,E2: B domain,2.231772672,9.316366312,12,M,4.30318852,2.328171585,3.298342071,N,3.90E-05,1,0.000579463,0.000618793,0.000470161,245 N,0,-3.382485157
181,245,E2: B domain,2.231772672,9.316366312,12,M,4.30318852,2.328171585,3.298342071,P,4.00E-05,1,0.000579463,0.000618793,0.000470161,245 P,0,-0.166606597
181,245,E2: B domain,2.231772672,9.316366312,12,M,4.30318852,2.328171585,3.298342071,Q,0.004088499,1,2.39618348,0.000618793,0.000470161,245 Q,1,-2.605805342
181,245,E2: B domain,2.231772672,9.316366312,12,M,4.30318852,2.328171585,3.298342071,R,0.000121932,1,0.000579463,0.000618793,0.000470161,245 R,0,0.873794784
181,245,E2: B domain,2.231772672,9.316366312,12,M,4.30318852,2.328171585,3.298342071,S,0.02201029,1,0.147836599,-0.220160288,-0.175256433,245 S,1,0.392093721
181,245,E2: B domain,2.231772672,9.316366312,12,M,4.30318852,2.328171585,3.298342071,T,0.041662067,1,-0.115271804,-0.238729868,-0.108359822,245 T,1,0.273457359
181,245,E2: B domain,2.231772672,9.316366312,12,M,4.30318852,2.328171585,3.298342071,V,0.153220662,1,0.168358258,0.346810741,-0.056798674,245 V,1,-0.416011453
181,245,E2: B domain,2.231772672,9.316366312,12,M,4.30318852,2.328171585,3.298342071,W,0.101707019,1,0.39689428,-0.72908297,0.015403092,245 W,1,-0.417939462
181,245,E2: B domain,2.231772672,9.316366312,12,M,4.30318852,2.328171585,3.298342071,Y,0.059095032,1,-0.092252708,0.42775857,0.021698169,245 Y,1,0.984886962
182,246,E2: B domain,2.573025784,13.10541867,16,S,1.571440115,2.833997802,1.719334058,A,0.019192131,1,-0.442382366,-1.496968201,-0.51642032,246 A,1,1.369631675
182,246,E2: B domain,2.573025784,13.10541867,16,S,1.571440115,2.833997802,1.719334058,C,0.045227913,1,-0.318234358,-1.359319251,-0.197080866,246 C,1,-0.091435702
182,246,E2: B domain,2.573025784,13.10541867,16,S,1.571440115,2.833997802,1.719334058,D,0.13464965,1,0.411561303,0.604518264,0.454079596,246 D,1,-0.79662644
182,246,E2: B domain,2.573025784,13.10541867,16,S,1.571440115,2.833997802,1.719334058,E,0.03790945,1,0.38749029,0.877665179,0.602561055,246 E,1,0.604438919
182,246,E2: B domain,2.573025784,13.10541867,16,S,1.571440115,2.833997802,1.719334058,F,5.25E-05,1,-2.463655067,-2.463234084,-2.491898266,246 F,0,-0.279131495
182,246,E2: B domain,2.573025784,13.10541867,16,S,1.571440115,2.833997802,1.719334058,G,0.072117026,1,0.370164676,0.308919917,0.034834772,246 G,1,0.979403148
182,246,E2: B domain,2.573025784,13.10541867,16,S,1.571440115,2.833997802,1.719334058,H,7.24E-05,1,0.000158884,-0.000152705,4.49E-05,246 H,0,-0.444046138
182,246,E2: B domain,2.573025784,13.10541867,16,S,1.571440115,2.833997802,1.719334058,I,0.018278284,1,0.093111685,-2.643530535,-0.817297226,246 I,1,-1.663127059
182,246,E2: B domain,2.573025784,13.10541867,16,S,1.571440115,2.833997802,1.719334058,K,0.05763391,1,-0.15324845,-0.773043069,0.131757991,246 K,1,-1.707090605
182,246,E2: B domain,2.573025784,13.10541867,16,S,1.571440115,2.833997802,1.719334058,L,0.04922792,1,-0.361899512,-1.142901763,-0.158754308,246 L,1,0.552618594
182,246,E2: B domain,2.573025784,13.10541867,16,S,1.571440115,2.833997802,1.719334058,M,0.015137588,1,-0.207034602,-0.582414558,-0.154015488,246 M,1,0.092278218
182,246,E2: B domain,2.573025784,13.10541867,16,S,1.571440115,2.833997802,1.719334058,N,0.028038744,1,0.031351805,-0.823390562,0.052908381,246 N,1,-1.932849106
182,246,E2: B domain,2.573025784,13.10541867,16,S,1.571440115,2.833997802,1.719334058,P,0.008263553,1,-1.466365746,0.291558498,0.2179914,246 P,1,-0.645901066
182,246,E2: B domain,2.573025784,13.10541867,16,S,1.571440115,2.833997802,1.719334058,Q,0.000341198,1,0.000158884,-0.000152705,4.49E-05,246 Q,0,-1.044597488
182,246,E2: B domain,2.573025784,13.10541867,16,S,1.571440115,2.833997802,1.719334058,R,0.041999118,1,-0.729249179,-4.14922757,-1.269415439,246 R,1,0.070691086
182,246,E2: B domain,2.573025784,13.10541867,16,S,1.571440115,2.833997802,1.719334058,S,0.108601283,1,NA,NA,NA,246 S,1,0
182,246,E2: B domain,2.573025784,13.10541867,16,S,1.571440115,2.833997802,1.719334058,T,0.042605295,1,-0.120789524,0.658726091,-0.386572765,246 T,1,0.323239918
182,246,E2: B domain,2.573025784,13.10541867,16,S,1.571440115,2.833997802,1.719334058,V,0.188253172,1,0.277283703,0.092609852,0.090747364,246 V,1,0.436393534
182,246,E2: B domain,2.573025784,13.10541867,16,S,1.571440115,2.833997802,1.719334058,W,0.054263329,1,0.000158884,-0.000152705,4.49E-05,246 W,0,-0.323575705
182,246,E2: B domain,2.573025784,13.10541867,16,S,1.571440115,2.833997802,1.719334058,Y,0.078135518,1,-0.14796356,-0.138835312,0.134318662,246 Y,1,1.578764762
183,247,E2: B domain,2.524021354,12.47867707,16,Q,6.382708101,6.990949717,5.337779873,A,0.011685612,1,0.000682613,-0.000276697,0.000490896,247 A,1,-0.302665451
183,247,E2: B domain,2.524021354,12.47867707,16,Q,6.382708101,6.990949717,5.337779873,C,0.041016744,1,0.120164357,-1.100397276,-0.286075091,247 C,1,0.133067067
183,247,E2: B domain,2.524021354,12.47867707,16,Q,6.382708101,6.990949717,5.337779873,D,9.93E-05,1,0.000682613,-0.000276697,0.000490896,247 D,0,0.012900687
183,247,E2: B domain,2.524021354,12.47867707,16,Q,6.382708101,6.990949717,5.337779873,E,0.096163869,1,0.273771066,-0.40631039,0.65981995,247 E,1,1.00187864
183,247,E2: B domain,2.524021354,12.47867707,16,Q,6.382708101,6.990949717,5.337779873,F,4.80E-05,1,0.000682613,-0.000276697,0.000490896,247 F,0,0.325956625
183,247,E2: B domain,2.524021354,12.47867707,16,Q,6.382708101,6.990949717,5.337779873,G,0.084228596,1,-0.010922668,0.611044948,-0.143375419,247 G,1,-0.443389633
183,247,E2: B domain,2.524021354,12.47867707,16,Q,6.382708101,6.990949717,5.337779873,H,0.041760758,1,0.000682613,-0.000276697,0.000490896,247 H,0,0.603188501
183,247,E2: B domain,2.524021354,12.47867707,16,Q,6.382708101,6.990949717,5.337779873,I,0.175852147,1,0.299722607,-0.329013916,0.27583309,247 I,1,-0.118529946
183,247,E2: B domain,2.524021354,12.47867707,16,Q,6.382708101,6.990949717,5.337779873,K,0.004882249,1,-2.274318243,-2.273832111,-2.302558007,247 K,1,-1.171755066
183,247,E2: B domain,2.524021354,12.47867707,16,Q,6.382708101,6.990949717,5.337779873,L,0.133842087,1,0.587315842,-0.109805245,0.2358668,247 L,1,-0.582898938
183,247,E2: B domain,2.524021354,12.47867707,16,Q,6.382708101,6.990949717,5.337779873,M,0.000240647,1,0.000682613,-0.000276697,0.000490896,247 M,0,-0.238019768
183,247,E2: B domain,2.524021354,12.47867707,16,Q,6.382708101,6.990949717,5.337779873,N,0.077813862,1,0.29176238,0.088363636,0.288469116,247 N,1,0.724314488
183,247,E2: B domain,2.524021354,12.47867707,16,Q,6.382708101,6.990949717,5.337779873,P,0.030151849,1,0.185418951,0.494319818,-0.036720776,247 P,1,-0.189522959
183,247,E2: B domain,2.524021354,12.47867707,16,Q,6.382708101,6.990949717,5.337779873,Q,0.086171171,1,NA,NA,NA,247 Q,1,0
183,247,E2: B domain,2.524021354,12.47867707,16,Q,6.382708101,6.990949717,5.337779873,R,0.052516041,1,-0.966340025,-0.513644502,-0.492027815,247 R,1,0.548892443
183,247,E2: B domain,2.524021354,12.47867707,16,Q,6.382708101,6.990949717,5.337779873,S,0.025746698,1,0.051311719,-0.361091237,0.006200061,247 S,1,-2.715696603
183,247,E2: B domain,2.524021354,12.47867707,16,Q,6.382708101,6.990949717,5.337779873,T,0.047647135,1,0.4034504,-0.250784093,0.342095012,247 T,1,0.913428732
183,247,E2: B domain,2.524021354,12.47867707,16,Q,6.382708101,6.990949717,5.337779873,V,0.073325359,1,-0.390540002,-0.714885599,0.050250294,247 V,1,-0.722166128
183,247,E2: B domain,2.524021354,12.47867707,16,Q,6.382708101,6.990949717,5.337779873,W,0.000146979,1,0.000682613,2.457961625,0.000490896,247 W,0,0.914679573
183,247,E2: B domain,2.524021354,12.47867707,16,Q,6.382708101,6.990949717,5.337779873,Y,0.01666094,1,4.165695099,3.33925969,3.476300174,247 Y,1,-2.450632267
184,248,E2: B domain,2.409115037,11.12411235,13,Q,4.470738935,0.658518874,1.07371714,A,0.008448747,1,-2.626065103,-2.954547407,0.026412973,248 A,1,0.951151049
184,248,E2: B domain,2.409115037,11.12411235,13,Q,4.470738935,0.658518874,1.07371714,C,0.000339487,1,-0.000254571,-0.000546935,-0.000436998,248 C,0,-0.164199068
184,248,E2: B domain,2.409115037,11.12411235,13,Q,4.470738935,0.658518874,1.07371714,D,0.100845534,1,-0.061919708,-0.38836561,-0.034852826,248 D,1,0.075154725
184,248,E2: B domain,2.409115037,11.12411235,13,Q,4.470738935,0.658518874,1.07371714,E,0.049197375,1,-0.000254571,-0.000546935,-0.000436998,248 E,0,1.28977352
184,248,E2: B domain,2.409115037,11.12411235,13,Q,4.470738935,0.658518874,1.07371714,F,0.000110585,1,-0.000254571,-0.000546935,-0.000436998,248 F,0,0.027118881
184,248,E2: B domain,2.409115037,11.12411235,13,Q,4.470738935,0.658518874,1.07371714,G,0.157018667,1,-0.098716101,0.074940219,0.079987328,248 G,1,0.315859239
184,248,E2: B domain,2.409115037,11.12411235,13,Q,4.470738935,0.658518874,1.07371714,H,0.039324031,1,-0.000254571,-0.000546935,-0.000436998,248 H,0,-0.243086501
184,248,E2: B domain,2.409115037,11.12411235,13,Q,4.470738935,0.658518874,1.07371714,I,0.009481549,1,-0.044997511,-2.716160329,0.004843061,248 I,1,-0.915994223
184,248,E2: B domain,2.409115037,11.12411235,13,Q,4.470738935,0.658518874,1.07371714,K,5.76E-06,1,-0.000254571,-0.000546935,-0.000436998,248 K,0,1.134907121
184,248,E2: B domain,2.409115037,11.12411235,13,Q,4.470738935,0.658518874,1.07371714,L,0.101318859,1,0.061845511,-0.104324506,0.076508432,248 L,1,-0.352602847
184,248,E2: B domain,2.409115037,11.12411235,13,Q,4.470738935,0.658518874,1.07371714,M,0.076080508,1,4.214632417,0.249653668,-3.687956713,248 M,1,0.775487073
184,248,E2: B domain,2.409115037,11.12411235,13,Q,4.470738935,0.658518874,1.07371714,N,4.48E-05,1,-0.000254571,-0.000546935,-0.000436998,248 N,0,-1.557897655
184,248,E2: B domain,2.409115037,11.12411235,13,Q,4.470738935,0.658518874,1.07371714,P,0.024279658,1,-0.262410791,0.333924988,0.294942873,248 P,1,-0.302848968
184,248,E2: B domain,2.409115037,11.12411235,13,Q,4.470738935,0.658518874,1.07371714,Q,0.099601371,1,NA,NA,NA,248 Q,1,0
184,248,E2: B domain,2.409115037,11.12411235,13,Q,4.470738935,0.658518874,1.07371714,R,0.018609521,1,-0.437474145,-0.396076208,0.200829446,248 R,1,-0.531974002
184,248,E2: B domain,2.409115037,11.12411235,13,Q,4.470738935,0.658518874,1.07371714,S,0.14264875,1,-0.207536668,-0.258545759,-0.300382005,248 S,1,0.174619642
184,248,E2: B domain,2.409115037,11.12411235,13,Q,4.470738935,0.658518874,1.07371714,T,0.07200521,1,0.022921364,-0.219813575,0.211486096,248 T,1,1.46896114
184,248,E2: B domain,2.409115037,11.12411235,13,Q,4.470738935,0.658518874,1.07371714,V,5.02E-05,1,-0.000254571,-0.000546935,-0.000436998,248 V,0,0.272900863
184,248,E2: B domain,2.409115037,11.12411235,13,Q,4.470738935,0.658518874,1.07371714,W,0.000297292,1,-0.000254571,-0.000546935,-0.000436998,248 W,0,0.025762585
184,248,E2: B domain,2.409115037,11.12411235,13,Q,4.470738935,0.658518874,1.07371714,Y,0.100292105,1,0.171339643,-0.012682887,0.17870693,248 Y,1,0.676361997
185,249,E2: B domain,2.453580527,11.62991348,13,S,6.170156665,4.815340898,4.851082848,A,0.017918886,1,-2.197225507,3.354137554,0.191952808,249 A,1,1.493132343
185,249,E2: B domain,2.453580527,11.62991348,13,S,6.170156665,4.815340898,4.851082848,C,0.000122161,1,0.001134535,-3.36E-05,0.001375547,249 C,0,0.328027752
185,249,E2: B domain,2.453580527,11.62991348,13,S,6.170156665,4.815340898,4.851082848,D,0.064204855,1,0.878615563,0.51148727,0.582551519,249 D,1,0.948999186
185,249,E2: B domain,2.453580527,11.62991348,13,S,6.170156665,4.815340898,4.851082848,E,0.052588825,1,0.001134535,-3.36E-05,0.001375547,249 E,0,0.141505729
185,249,E2: B domain,2.453580527,11.62991348,13,S,6.170156665,4.815340898,4.851082848,F,0.00939934,1,0.708870222,-3.038128009,1.329429027,249 F,1,1.753764308
185,249,E2: B domain,2.453580527,11.62991348,13,S,6.170156665,4.815340898,4.851082848,G,0.026655159,1,-2.315944695,-4.739591607,-2.551324179,249 G,1,-0.543695987
185,249,E2: B domain,2.453580527,11.62991348,13,S,6.170156665,4.815340898,4.851082848,H,0.122556716,1,0.614646655,0.387310983,0.685590124,249 H,1,-1.158500352
185,249,E2: B domain,2.453580527,11.62991348,13,S,6.170156665,4.815340898,4.851082848,I,6.81E-05,1,2.263665599,-3.36E-05,0.001375547,249 I,0,-0.55312471
185,249,E2: B domain,2.453580527,11.62991348,13,S,6.170156665,4.815340898,4.851082848,K,0.10788726,1,-0.015940704,-1.050276706,0.050092,249 K,1,0.317417242
185,249,E2: B domain,2.453580527,11.62991348,13,S,6.170156665,4.815340898,4.851082848,L,0.082067984,1,0.701106222,0.472004003,0.605456352,249 L,1,-0.709114218
185,249,E2: B domain,2.453580527,11.62991348,13,S,6.170156665,4.815340898,4.851082848,M,0.000114392,1,0.001134535,-3.36E-05,0.001375547,249 M,0,-0.001956696
185,249,E2: B domain,2.453580527,11.62991348,13,S,6.170156665,4.815340898,4.851082848,N,0.000392973,1,0.001134535,-3.36E-05,0.001375547,249 N,0,0.356384062
185,249,E2: B domain,2.453580527,11.62991348,13,S,6.170156665,4.815340898,4.851082848,P,0.082201611,1,0.340896937,0.083322955,0.729782103,249 P,1,-0.209562815
185,249,E2: B domain,2.453580527,11.62991348,13,S,6.170156665,4.815340898,4.851082848,Q,7.55E-05,1,0.001134535,-3.36E-05,0.001375547,249 Q,0,-0.423260422
185,249,E2: B domain,2.453580527,11.62991348,13,S,6.170156665,4.815340898,4.851082848,R,0.013947222,1,-2.300739169,-4.844233309,-2.43131281,249 R,1,-1.089049795
185,249,E2: B domain,2.453580527,11.62991348,13,S,6.170156665,4.815340898,4.851082848,S,0.079810044,1,NA,NA,NA,249 S,1,0
185,249,E2: B domain,2.453580527,11.62991348,13,S,6.170156665,4.815340898,4.851082848,T,0.160023674,1,-0.452784578,-0.474447856,-0.345262154,249 T,1,-0.568027758
185,249,E2: B domain,2.453580527,11.62991348,13,S,6.170156665,4.815340898,4.851082848,V,0.124023183,1,-0.358662,-0.173442241,-0.207158913,249 V,1,-1.300509197
185,249,E2: B domain,2.453580527,11.62991348,13,S,6.170156665,4.815340898,4.851082848,W,0.049281078,1,0.001134535,-3.36E-05,0.001375547,249 W,0,-0.391223397
185,249,E2: B domain,2.453580527,11.62991348,13,S,6.170156665,4.815340898,4.851082848,Y,0.006661113,1,0.655548256,0.007078134,0.666600083,249 Y,1,-0.097947478
186,250,E2: B domain,2.524506783,12.48473606,9,G,6.467714588,4.856024161,6.354641889,A,0.000121861,1,0.002740564,0.000288304,0.00253916,250 A,0,0.71366963
186,250,E2: B domain,2.524506783,12.48473606,9,G,6.467714588,4.856024161,6.354641889,C,7.50E-07,1,0.002740564,0.000288304,0.00253916,250 C,0,0.766428109
186,250,E2: B domain,2.524506783,12.48473606,9,G,6.467714588,4.856024161,6.354641889,D,0.03713047,1,0.944462112,0.409326044,1.01951898,250 D,1,-0.590607302
186,250,E2: B domain,2.524506783,12.48473606,9,G,6.467714588,4.856024161,6.354641889,E,0.054582828,1,0.514689208,0.85502774,0.409074627,250 E,1,1.214126807
186,250,E2: B domain,2.524506783,12.48473606,9,G,6.467714588,4.856024161,6.354641889,F,0.047044071,1,0.002740564,0.000288304,0.00253916,250 F,0,-0.23893304
186,250,E2: B domain,2.524506783,12.48473606,9,G,6.467714588,4.856024161,6.354641889,G,0.049981206,1,NA,NA,NA,250 G,1,0
186,250,E2: B domain,2.524506783,12.48473606,9,G,6.467714588,4.856024161,6.354641889,H,0.005127619,1,2.419780471,2.194347641,2.371832578,250 H,1,-0.484506966
186,250,E2: B domain,2.524506783,12.48473606,9,G,6.467714588,4.856024161,6.354641889,I,0.110512864,1,0.393790782,0.912373822,0.708945657,250 I,1,-0.923641822
186,250,E2: B domain,2.524506783,12.48473606,9,G,6.467714588,4.856024161,6.354641889,K,0.000319534,1,0.002740564,0.000288304,0.00253916,250 K,0,-0.676948186
186,250,E2: B domain,2.524506783,12.48473606,9,G,6.467714588,4.856024161,6.354641889,L,4.99E-05,1,0.002740564,0.000288304,0.00253916,250 L,0,-0.384410393
186,250,E2: B domain,2.524506783,12.48473606,9,G,6.467714588,4.856024161,6.354641889,M,0.051626419,1,0.002740564,0.000288304,0.00253916,250 M,0,-0.271055688
186,250,E2: B domain,2.524506783,12.48473606,9,G,6.467714588,4.856024161,6.354641889,N,0.125007288,1,0.941291718,0.135091467,0.902326562,250 N,1,-0.487427427
186,250,E2: B domain,2.524506783,12.48473606,9,G,6.467714588,4.856024161,6.354641889,P,0.049148842,1,0.002740564,0.000288304,0.00253916,250 P,0,-0.700102019
186,250,E2: B domain,2.524506783,12.48473606,9,G,6.467714588,4.856024161,6.354641889,Q,0.051950712,1,0.002740564,0.000288304,0.00253916,250 Q,0,0.129968625
186,250,E2: B domain,2.524506783,12.48473606,9,G,6.467714588,4.856024161,6.354641889,R,0.174015504,1,0.202897788,-0.866240374,0.067926498,250 R,1,0.040491146
186,250,E2: B domain,2.524506783,12.48473606,9,G,6.467714588,4.856024161,6.354641889,S,0.110142974,1,0.279743303,0.346686103,0.31239332,250 S,1,-0.071457269
186,250,E2: B domain,2.524506783,12.48473606,9,G,6.467714588,4.856024161,6.354641889,T,0.048971563,1,0.002740564,0.000288304,0.00253916,250 T,0,-0.032998403
186,250,E2: B domain,2.524506783,12.48473606,9,G,6.467714588,4.856024161,6.354641889,V,3.44E-05,1,0.002740564,0.000288304,0.00253916,250 V,0,0.293597809
186,250,E2: B domain,2.524506783,12.48473606,9,G,6.467714588,4.856024161,6.354641889,W,0.049971786,1,0.002740564,0.000288304,0.00253916,250 W,0,0.328442976
186,250,E2: B domain,2.524506783,12.48473606,9,G,6.467714588,4.856024161,6.354641889,Y,0.034259463,1,0.740913006,-1.04843905,0.53469291,250 Y,1,1.226670323
187,251,E2: B domain,2.469239993,11.81346512,10,N,1.381595727,0.831383727,4.908966452,A,0.113406092,1,0.128957166,0.190050626,-0.249146367,251 A,1,0.170210613
187,251,E2: B domain,2.469239993,11.81346512,10,N,1.381595727,0.831383727,4.908966452,C,0.000423028,1,0.000540501,-0.000231199,0.000521464,251 C,0,-0.798745402
187,251,E2: B domain,2.469239993,11.81346512,10,N,1.381595727,0.831383727,4.908966452,D,0.016899309,1,-1.835788086,-0.331401828,-0.410395412,251 D,1,0.814767541
187,251,E2: B domain,2.469239993,11.81346512,10,N,1.381595727,0.831383727,4.908966452,E,0.139587795,1,0.435033618,-0.140634644,0.345443013,251 E,1,0.519378679
187,251,E2: B domain,2.469239993,11.81346512,10,N,1.381595727,0.831383727,4.908966452,F,0.048471068,1,0.000540501,-0.000231199,0.000521464,251 F,0,2.087597338
187,251,E2: B domain,2.469239993,11.81346512,10,N,1.381595727,0.831383727,4.908966452,G,0.000308785,1,0.000540501,-0.000231199,0.000521464,251 G,0,0.881193563
187,251,E2: B domain,2.469239993,11.81346512,10,N,1.381595727,0.831383727,4.908966452,H,0.04480151,1,0.000540501,-0.000231199,0.000521464,251 H,0,0.315776302
187,251,E2: B domain,2.469239993,11.81346512,10,N,1.381595727,0.831383727,4.908966452,I,0.044389362,1,0.000540501,-0.000231199,0.000521464,251 I,0,-0.272251252
187,251,E2: B domain,2.469239993,11.81346512,10,N,1.381595727,0.831383727,4.908966452,K,0.042201973,1,0.000540501,-0.000231199,0.000521464,251 K,0,2.961008111
187,251,E2: B domain,2.469239993,11.81346512,10,N,1.381595727,0.831383727,4.908966452,L,0.048692222,1,0.176796795,-0.173001325,0.141126635,251 L,1,0.324410526
187,251,E2: B domain,2.469239993,11.81346512,10,N,1.381595727,0.831383727,4.908966452,M,0.060491434,1,0.085036507,0.6413331,0.762955595,251 M,1,0.481723595
187,251,E2: B domain,2.469239993,11.81346512,10,N,1.381595727,0.831383727,4.908966452,N,0.099313698,1,NA,NA,NA,251 N,1,0
187,251,E2: B domain,2.469239993,11.81346512,10,N,1.381595727,0.831383727,4.908966452,P,0.009998062,1,0.374766235,-0.289878559,0.074622136,251 P,1,-0.908982881
187,251,E2: B domain,2.469239993,11.81346512,10,N,1.381595727,0.831383727,4.908966452,Q,6.96E-05,1,0.000540501,-0.000231199,0.000521464,251 Q,0,0.506957446
187,251,E2: B domain,2.469239993,11.81346512,10,N,1.381595727,0.831383727,4.908966452,R,0.010498858,1,-0.32878523,-3.585715318,-0.363573076,251 R,1,1.963113797
187,251,E2: B domain,2.469239993,11.81346512,10,N,1.381595727,0.831383727,4.908966452,S,0.216213906,1,0.1756004,-0.122266765,0.234965569,251 S,1,-0.09612879
187,251,E2: B domain,2.469239993,11.81346512,10,N,1.381595727,0.831383727,4.908966452,T,0.04169436,1,0.000540501,-0.000231199,3.345160324,251 T,0,1.030978613
187,251,E2: B domain,2.469239993,11.81346512,10,N,1.381595727,0.831383727,4.908966452,V,0.017148173,1,-0.244126988,-0.09927833,-0.05686645,251 V,1,0.438451926
187,251,E2: B domain,2.469239993,11.81346512,10,N,1.381595727,0.831383727,4.908966452,W,8.75E-05,1,0.000540501,-0.000231199,0.000521464,251 W,0,-1.613306496
187,251,E2: B domain,2.469239993,11.81346512,10,N,1.381595727,0.831383727,4.908966452,Y,0.045303351,1,0.000540501,-0.000231199,0.000521464,251 Y,0,-0.391524408
188,252,E2: B domain,1.700429099,5.476296762,7,V,0.72153387,0.586804943,1.267163468,A,0.079885155,1,0.22895443,-0.296796917,0.280122658,252 A,1,0.395950628
188,252,E2: B domain,1.700429099,5.476296762,7,V,0.72153387,0.586804943,1.267163468,C,0.161540764,1,-0.080653653,-0.238999777,0.145692455,252 C,1,-0.167317135
188,252,E2: B domain,1.700429099,5.476296762,7,V,0.72153387,0.586804943,1.267163468,D,0.000183237,1,4.34E-05,-6.03E-05,0.0002546,252 D,0,-0.724799656
188,252,E2: B domain,1.700429099,5.476296762,7,V,0.72153387,0.586804943,1.267163468,E,0.000721532,1,4.34E-05,-6.03E-05,0.0002546,252 E,0,-0.191639164
188,252,E2: B domain,1.700429099,5.476296762,7,V,0.72153387,0.586804943,1.267163468,F,0.000112965,1,4.34E-05,-6.03E-05,0.0002546,252 F,0,0.714152292
188,252,E2: B domain,1.700429099,5.476296762,7,V,0.72153387,0.586804943,1.267163468,G,0.000119698,1,4.34E-05,-6.03E-05,0.0002546,252 G,0,0.892728958
188,252,E2: B domain,1.700429099,5.476296762,7,V,0.72153387,0.586804943,1.267163468,H,0.00034439,1,4.34E-05,-6.03E-05,0.0002546,252 H,0,-0.350518904
188,252,E2: B domain,1.700429099,5.476296762,7,V,0.72153387,0.586804943,1.267163468,I,0.06187151,1,-0.124516786,0.247385249,-0.187508238,252 I,1,-0.139304432
188,252,E2: B domain,1.700429099,5.476296762,7,V,0.72153387,0.586804943,1.267163468,K,0.000273596,1,4.34E-05,-6.03E-05,0.0002546,252 K,0,-0.170886732
188,252,E2: B domain,1.700429099,5.476296762,7,V,0.72153387,0.586804943,1.267163468,L,0.125288444,1,-0.037400666,0.102131751,0.630535175,252 L,1,-0.047771839
188,252,E2: B domain,1.700429099,5.476296762,7,V,0.72153387,0.586804943,1.267163468,M,0.000211164,1,-4.444333293,-4.440328399,-4.488799261,252 M,0,-0.301088334
188,252,E2: B domain,1.700429099,5.476296762,7,V,0.72153387,0.586804943,1.267163468,N,0.000505107,1,4.34E-05,-6.03E-05,0.0002546,252 N,0,-0.230667369
188,252,E2: B domain,1.700429099,5.476296762,7,V,0.72153387,0.586804943,1.267163468,P,0.000165959,1,4.34E-05,-6.03E-05,0.0002546,252 P,0,-0.483804162
188,252,E2: B domain,1.700429099,5.476296762,7,V,0.72153387,0.586804943,1.267163468,Q,0.001704989,1,4.34E-05,-6.03E-05,0.0002546,252 Q,0,0.729283441
188,252,E2: B domain,1.700429099,5.476296762,7,V,0.72153387,0.586804943,1.267163468,R,0.000131123,1,4.34E-05,-6.03E-05,0.0002546,252 R,0,0.070131917
188,252,E2: B domain,1.700429099,5.476296762,7,V,0.72153387,0.586804943,1.267163468,S,0.036662663,1,-0.309723857,0.209348324,-0.475016007,252 S,1,0.78982024
188,252,E2: B domain,1.700429099,5.476296762,7,V,0.72153387,0.586804943,1.267163468,T,0.103144261,1,0.492058982,0.027939619,0.207757978,252 T,1,0.475048603
188,252,E2: B domain,1.700429099,5.476296762,7,V,0.72153387,0.586804943,1.267163468,V,0.424026255,1,NA,NA,NA,252 V,1,0
188,252,E2: B domain,1.700429099,5.476296762,7,V,0.72153387,0.586804943,1.267163468,W,0.000515456,1,4.34E-05,-6.03E-05,0.0002546,252 W,0,-0.649673025
188,252,E2: B domain,1.700429099,5.476296762,7,V,0.72153387,0.586804943,1.267163468,Y,0.002591732,1,4.34E-05,-6.03E-05,0.0002546,252 Y,0,0.13558857
189,253,E2: B domain,2.23881318,9.382189711,9,K,3.129737538,0.493546482,2.027260751,A,0.000136275,1,0.000188238,0.000218793,0.000272816,253 A,0,-1.256302177
189,253,E2: B domain,2.23881318,9.382189711,9,K,3.129737538,0.493546482,2.027260751,C,0.100427265,1,-0.176480256,-0.093332926,0.352177938,253 C,1,-2.154412928
189,253,E2: B domain,2.23881318,9.382189711,9,K,3.129737538,0.493546482,2.027260751,D,0.195306897,1,0.626802434,-0.338380908,0.1309995,253 D,1,-0.435358741
189,253,E2: B domain,2.23881318,9.382189711,9,K,3.129737538,0.493546482,2.027260751,E,0.032490584,1,0.899865401,-0.73330481,-0.081499058,253 E,1,0.050801682
189,253,E2: B domain,2.23881318,9.382189711,9,K,3.129737538,0.493546482,2.027260751,F,0.000603715,1,0.000188238,0.000218793,0.000272816,253 F,0,-0.630948363
189,253,E2: B domain,2.23881318,9.382189711,9,K,3.129737538,0.493546482,2.027260751,G,6.51E-05,1,0.000188238,0.000218793,0.000272816,253 G,0,0.209949467
189,253,E2: B domain,2.23881318,9.382189711,9,K,3.129737538,0.493546482,2.027260751,H,0.02189569,1,-2.709279617,-5.388648931,-5.439005162,253 H,1,0.23798553
189,253,E2: B domain,2.23881318,9.382189711,9,K,3.129737538,0.493546482,2.027260751,I,0.000111208,1,-3.514013709,-3.510880022,-3.529534612,253 I,0,-0.634640683
189,253,E2: B domain,2.23881318,9.382189711,9,K,3.129737538,0.493546482,2.027260751,K,0.10918984,1,NA,NA,NA,253 K,1,0
189,253,E2: B domain,2.23881318,9.382189711,9,K,3.129737538,0.493546482,2.027260751,L,0.063743536,1,0.658681149,0.072744176,0.051728603,253 L,1,1.100759724
189,253,E2: B domain,2.23881318,9.382189711,9,K,3.129737538,0.493546482,2.027260751,M,0.044092505,1,0.000188238,0.000218793,0.000272816,253 M,0,-1.823409635
189,253,E2: B domain,2.23881318,9.382189711,9,K,3.129737538,0.493546482,2.027260751,N,3.64E-06,1,0.000188238,0.000218793,0.000272816,253 N,0,0.3331193
189,253,E2: B domain,2.23881318,9.382189711,9,K,3.129737538,0.493546482,2.027260751,P,9.49E-05,1,0.000188238,0.000218793,0.000272816,253 P,0,-0.257078693
189,253,E2: B domain,2.23881318,9.382189711,9,K,3.129737538,0.493546482,2.027260751,Q,0.038314258,1,0.000188238,0.000218793,0.000272816,253 Q,0,1.239319941
189,253,E2: B domain,2.23881318,9.382189711,9,K,3.129737538,0.493546482,2.027260751,R,0.162314748,1,-0.11709066,0.418614379,0.159977821,253 R,1,0.507468633
189,253,E2: B domain,2.23881318,9.382189711,9,K,3.129737538,0.493546482,2.027260751,S,0.016809499,1,0.745734615,-0.756623987,1.196539339,253 S,1,-1.932619167
189,253,E2: B domain,2.23881318,9.382189711,9,K,3.129737538,0.493546482,2.027260751,T,0.00027674,1,0.000188238,0.000218793,0.000272816,253 T,0,1.017060876
189,253,E2: B domain,2.23881318,9.382189711,9,K,3.129737538,0.493546482,2.027260751,V,0.169689546,1,0.19677156,-0.071875886,0.13310939,253 V,1,0.032400956
189,253,E2: B domain,2.23881318,9.382189711,9,K,3.129737538,0.493546482,2.027260751,W,0.044377752,1,0.000188238,0.000218793,0.000272816,253 W,0,0.563117898
189,253,E2: B domain,2.23881318,9.382189711,9,K,3.129737538,0.493546482,2.027260751,Y,5.64E-05,1,0.000188238,0.000218793,0.000272816,253 Y,0,-0.211085358
190,254,E2: B domain,1.464017193,4.323292191,6,I,4.770346968,0.358719297,0.482586576,A,0.000249811,1,4.09E-05,-0.000258903,-0.000560624,254 A,0,0.156219334
190,254,E2: B domain,1.464017193,4.323292191,6,I,4.770346968,0.358719297,0.482586576,C,0.000166972,1,4.09E-05,-0.000258903,-0.000560624,254 C,0,0.383468147
190,254,E2: B domain,1.464017193,4.323292191,6,I,4.770346968,0.358719297,0.482586576,D,0.000204831,1,4.09E-05,-0.000258903,-0.000560624,254 D,0,-0.04295146
190,254,E2: B domain,1.464017193,4.323292191,6,I,4.770346968,0.358719297,0.482586576,E,0.000592763,1,4.09E-05,-0.000258903,-0.000560624,254 E,0,0.574853789
190,254,E2: B domain,1.464017193,4.323292191,6,I,4.770346968,0.358719297,0.482586576,F,0.103591971,1,-0.098064257,-3.203751731,0.155944791,254 F,1,0.38091535
190,254,E2: B domain,1.464017193,4.323292191,6,I,4.770346968,0.358719297,0.482586576,G,0.000336221,1,4.09E-05,-0.000258903,-0.000560624,254 G,0,-0.419608804
190,254,E2: B domain,1.464017193,4.323292191,6,I,4.770346968,0.358719297,0.482586576,H,0.000134402,1,4.09E-05,-0.000258903,-0.000560624,254 H,0,-0.45145561
190,254,E2: B domain,1.464017193,4.323292191,6,I,4.770346968,0.358719297,0.482586576,I,0.340351101,1,NA,NA,NA,254 I,1,0
190,254,E2: B domain,1.464017193,4.323292191,6,I,4.770346968,0.358719297,0.482586576,K,0.000928766,1,4.09E-05,-0.000258903,-0.000560624,254 K,0,0.174219502
190,254,E2: B domain,1.464017193,4.323292191,6,I,4.770346968,0.358719297,0.482586576,L,0.373456552,1,-0.391650224,0.358719297,-0.361160268,254 L,1,-0.034178827
190,254,E2: B domain,1.464017193,4.323292191,6,I,4.770346968,0.358719297,0.482586576,M,0.000100155,1,4.514227277,-4.356521058,-4.374992481,254 M,0,0.215377861
190,254,E2: B domain,1.464017193,4.323292191,6,I,4.770346968,0.358719297,0.482586576,N,9.27E-05,1,4.09E-05,-0.000258903,-0.000560624,254 N,0,-0.311967184
190,254,E2: B domain,1.464017193,4.323292191,6,I,4.770346968,0.358719297,0.482586576,P,6.27E-05,1,4.09E-05,-0.000258903,-0.000560624,254 P,0,0.390708895
190,254,E2: B domain,1.464017193,4.323292191,6,I,4.770346968,0.358719297,0.482586576,Q,0.000281573,1,4.09E-05,-0.000258903,-0.000560624,254 Q,0,0.12194455
190,254,E2: B domain,1.464017193,4.323292191,6,I,4.770346968,0.358719297,0.482586576,R,0.000110256,1,4.09E-05,-0.000258903,-0.000560624,254 R,0,-0.723182093
190,254,E2: B domain,1.464017193,4.323292191,6,I,4.770346968,0.358719297,0.482586576,S,8.19E-05,1,4.09E-05,-0.000258903,-0.000560624,254 S,0,1.325842514
190,254,E2: B domain,1.464017193,4.323292191,6,I,4.770346968,0.358719297,0.482586576,T,0.016913598,1,0.255587613,-0.147506148,0.326641785,254 T,1,0.366200769
190,254,E2: B domain,1.464017193,4.323292191,6,I,4.770346968,0.358719297,0.482586576,V,0.108800671,1,-0.445686762,-0.333580527,-0.422706379,254 V,1,-0.718937519
190,254,E2: B domain,1.464017193,4.323292191,6,I,4.770346968,0.358719297,0.482586576,W,0.000126972,1,4.09E-05,-0.000258903,-0.000560624,254 W,0,-0.067701072
190,254,E2: B domain,1.464017193,4.323292191,6,I,4.770346968,0.358719297,0.482586576,Y,0.053416128,1,-0.847566001,-1.043435284,-0.443592862,254 Y,1,-1.935061549
191,255,E2: B domain,2.623403513,13.78255295,18,T,3.236931165,4.895076583,3.319072638,A,0.082228552,1,-0.314444462,-0.89694303,-0.450483449,255 A,1,-0.38356221
191,255,E2: B domain,2.623403513,13.78255295,18,T,3.236931165,4.895076583,3.319072638,C,0.000353038,1,-0.000447184,-0.000594981,-0.000256573,255 C,0,-0.068106576
191,255,E2: B domain,2.623403513,13.78255295,18,T,3.236931165,4.895076583,3.319072638,D,8.65E-05,1,-0.017788395,0.203926612,-2.216736277,255 D,0,-0.794936708
191,255,E2: B domain,2.623403513,13.78255295,18,T,3.236931165,4.895076583,3.319072638,E,0.075509433,1,2.11874824,-0.503009264,2.402492934,255 E,1,1.161218163
191,255,E2: B domain,2.623403513,13.78255295,18,T,3.236931165,4.895076583,3.319072638,F,0.140469568,1,0.147280063,-0.029602611,0.186079829,255 F,1,0.249481297
191,255,E2: B domain,2.623403513,13.78255295,18,T,3.236931165,4.895076583,3.319072638,G,0.102255465,1,0.495743758,0.256754484,0.288404201,255 G,1,0.013173693
191,255,E2: B domain,2.623403513,13.78255295,18,T,3.236931165,4.895076583,3.319072638,H,0.072353937,1,-0.178754602,0.044511324,-0.031826749,255 H,1,-0.72531519
191,255,E2: B domain,2.623403513,13.78255295,18,T,3.236931165,4.895076583,3.319072638,I,0.050525878,1,-0.406976736,-0.173646067,0.113747357,255 I,1,-0.064636234
191,255,E2: B domain,2.623403513,13.78255295,18,T,3.236931165,4.895076583,3.319072638,K,0.000417002,1,-0.000447184,2.202401199,-0.000256573,255 K,1,-2.140873045
191,255,E2: B domain,2.623403513,13.78255295,18,T,3.236931165,4.895076583,3.319072638,L,0.016156707,1,0.149414492,-0.111172334,-0.300139363,255 L,1,-0.214450624
191,255,E2: B domain,2.623403513,13.78255295,18,T,3.236931165,4.895076583,3.319072638,M,0.023075386,1,-4.466820204,-4.464441913,-1.559021448,255 M,1,-4.760417759
191,255,E2: B domain,2.623403513,13.78255295,18,T,3.236931165,4.895076583,3.319072638,N,0.021968367,1,0.184458786,0.430468723,-0.314026812,255 N,1,-0.578367817
191,255,E2: B domain,2.623403513,13.78255295,18,T,3.236931165,4.895076583,3.319072638,P,0.004157775,1,-2.435027536,-2.587831203,-0.085619603,255 P,1,0.906274628
191,255,E2: B domain,2.623403513,13.78255295,18,T,3.236931165,4.895076583,3.319072638,Q,0.103276802,1,-0.053313069,0.412059002,-0.163040296,255 Q,1,-0.323638861
191,255,E2: B domain,2.623403513,13.78255295,18,T,3.236931165,4.895076583,3.319072638,R,0.051804616,1,-0.558532079,-0.079239317,-0.458665399,255 R,1,0.054837678
191,255,E2: B domain,2.623403513,13.78255295,18,T,3.236931165,4.895076583,3.319072638,S,0.05781426,1,-4.345908387,-7.635009265,-3.266170523,255 S,1,-0.448899848
191,255,E2: B domain,2.623403513,13.78255295,18,T,3.236931165,4.895076583,3.319072638,T,0.073620298,1,NA,NA,NA,255 T,1,0
191,255,E2: B domain,2.623403513,13.78255295,18,T,3.236931165,4.895076583,3.319072638,V,0.060706515,1,0.024286974,-0.419254714,0.030255008,255 V,1,-0.451123654
191,255,E2: B domain,2.623403513,13.78255295,18,T,3.236931165,4.895076583,3.319072638,W,0.058543989,1,0.116998853,1.138322534,0.298093309,255 W,1,-1.245446763
191,255,E2: B domain,2.623403513,13.78255295,18,T,3.236931165,4.895076583,3.319072638,Y,0.004675873,1,-0.264087363,0.206632705,-5.391557282,255 Y,1,-2.945751779
192,256,E2: B domain,2.325737516,10.23422521,15,V,2.498906687,1.233695932,2.456787942,A,0.14007543,1,-0.032893279,-0.037330326,-0.090018054,256 A,1,-0.191914534
192,256,E2: B domain,2.325737516,10.23422521,15,V,2.498906687,1.233695932,2.456787942,C,0.15584928,1,0.149690699,-0.243945165,0.10537515,256 C,1,-0.252311138
192,256,E2: B domain,2.325737516,10.23422521,15,V,2.498906687,1.233695932,2.456787942,D,0.000109136,1,0.000450053,-0.000376135,0.000361405,256 D,0,1.102757695
192,256,E2: B domain,2.325737516,10.23422521,15,V,2.498906687,1.233695932,2.456787942,E,0.016795084,1,-0.319684569,-2.813778757,-5.14683141,256 E,1,-1.662310655
192,256,E2: B domain,2.325737516,10.23422521,15,V,2.498906687,1.233695932,2.456787942,F,0.046541653,1,-0.06574717,-0.389154188,-0.04614875,256 F,1,-0.82646985
192,256,E2: B domain,2.325737516,10.23422521,15,V,2.498906687,1.233695932,2.456787942,G,0.182120884,1,0.498958922,-0.149409613,0.514729472,256 G,1,-0.54086608
192,256,E2: B domain,2.325737516,10.23422521,15,V,2.498906687,1.233695932,2.456787942,H,0.000245137,1,0.000450053,-0.000376135,0.000361405,256 H,0,0.259033866
192,256,E2: B domain,2.325737516,10.23422521,15,V,2.498906687,1.233695932,2.456787942,I,0.123116427,1,-0.129037276,-0.733068601,0.173322287,256 I,1,1.018072418
192,256,E2: B domain,2.325737516,10.23422521,15,V,2.498906687,1.233695932,2.456787942,K,0.000108591,1,0.000450053,-0.000376135,0.000361405,256 K,0,0.460308402
192,256,E2: B domain,2.325737516,10.23422521,15,V,2.498906687,1.233695932,2.456787942,L,0.050093612,1,0.230235052,0.111093998,0.025393324,256 L,1,0.411018148
192,256,E2: B domain,2.325737516,10.23422521,15,V,2.498906687,1.233695932,2.456787942,M,4.82E-05,1,0.050000018,-2.230455424,-0.078164869,256 M,0,1.727002466
192,256,E2: B domain,2.325737516,10.23422521,15,V,2.498906687,1.233695932,2.456787942,N,0.009925858,1,0.004267951,-2.345600812,0.281581001,256 N,1,2.65781056
192,256,E2: B domain,2.325737516,10.23422521,15,V,2.498906687,1.233695932,2.456787942,P,0.024297561,1,-1.477148809,-0.385075081,-0.994879271,256 P,1,0.408870754
192,256,E2: B domain,2.325737516,10.23422521,15,V,2.498906687,1.233695932,2.456787942,Q,9.54E-05,1,0.000450053,-0.000376135,0.000361405,256 Q,0,0.012274181
192,256,E2: B domain,2.325737516,10.23422521,15,V,2.498906687,1.233695932,2.456787942,R,0.020020573,1,-0.250142003,0.6134948,0.115115958,256 R,1,-1.390166174
192,256,E2: B domain,2.325737516,10.23422521,15,V,2.498906687,1.233695932,2.456787942,S,0.023342374,1,0.452713383,-0.333831937,0.199510447,256 S,1,0.259219489
192,256,E2: B domain,2.325737516,10.23422521,15,V,2.498906687,1.233695932,2.456787942,T,0.024915005,1,0.005466732,0.509107134,0.348540333,256 T,1,0.414768324
192,256,E2: B domain,2.325737516,10.23422521,15,V,2.498906687,1.233695932,2.456787942,V,0.142859905,1,NA,NA,NA,256 V,1,0
192,256,E2: B domain,2.325737516,10.23422521,15,V,2.498906687,1.233695932,2.456787942,W,0.024245592,1,0.731848903,-0.195656261,0.153006733,256 W,1,-1.949002732
192,256,E2: B domain,2.325737516,10.23422521,15,V,2.498906687,1.233695932,2.456787942,Y,0.015194322,1,0.373924814,-0.217638783,0.538767616,256 Y,1,-2.49891677
193,257,E2: B domain,0.745192292,2.106846525,17,N,7.423663491,1.821345571,8.337480611,A,0.000620602,1,0.098271141,0.385090682,0.474868889,257 A,1,0.059723788
193,257,E2: B domain,0.745192292,2.106846525,17,N,7.423663491,1.821345571,8.337480611,C,0.000518575,1,-0.27924729,-0.295366567,-0.011187707,257 C,1,-0.317992993
193,257,E2: B domain,0.745192292,2.106846525,17,N,7.423663491,1.821345571,8.337480611,D,0.001122683,1,0.25114994,-0.514385331,0.47862185,257 D,1,-1.220608807
193,257,E2: B domain,0.745192292,2.106846525,17,N,7.423663491,1.821345571,8.337480611,E,0.00130557,1,-0.059901446,0.104674472,0.377356314,257 E,1,1.108646756
193,257,E2: B domain,0.745192292,2.106846525,17,N,7.423663491,1.821345571,8.337480611,F,0.050047306,1,0.001617098,0.000469906,0.001389734,257 F,0,-1.165830698
193,257,E2: B domain,0.745192292,2.106846525,17,N,7.423663491,1.821345571,8.337480611,G,0.002814912,1,0.222643637,0.878688546,0.470892841,257 G,1,-0.634080337
193,257,E2: B domain,0.745192292,2.106846525,17,N,7.423663491,1.821345571,8.337480611,H,0.836284256,1,5.20040553,-0.047690595,4.925919486,257 H,1,0.273840879
193,257,E2: B domain,0.745192292,2.106846525,17,N,7.423663491,1.821345571,8.337480611,I,1.89E-05,1,0.001617098,0.000469906,0.001389734,257 I,0,1.911031721
193,257,E2: B domain,0.745192292,2.106846525,17,N,7.423663491,1.821345571,8.337480611,K,0.05016282,1,0.001617098,0.000469906,0.001389734,257 K,0,-0.440849031
193,257,E2: B domain,0.745192292,2.106846525,17,N,7.423663491,1.821345571,8.337480611,L,0.006077097,1,0.180658634,0.078745405,0.206236919,257 L,1,0.437875458
193,257,E2: B domain,0.745192292,2.106846525,17,N,7.423663491,1.821345571,8.337480611,M,0.002389011,1,0.212488002,-0.219259838,0.082521284,257 M,1,-0.493555889
193,257,E2: B domain,0.745192292,2.106846525,17,N,7.423663491,1.821345571,8.337480611,N,0.001952811,1,NA,NA,NA,257 N,1,0
193,257,E2: B domain,0.745192292,2.106846525,17,N,7.423663491,1.821345571,8.337480611,P,0.001327682,1,-0.211135815,-0.863690767,-0.118103598,257 P,1,0.332658573
193,257,E2: B domain,0.745192292,2.106846525,17,N,7.423663491,1.821345571,8.337480611,Q,0.001415013,1,0.30132535,-0.453234784,0.226254783,257 Q,1,2.735685684
193,257,E2: B domain,0.745192292,2.106846525,17,N,7.423663491,1.821345571,8.337480611,R,0.006973076,1,-0.049320339,0.082625345,-0.117432106,257 R,1,0.214041353
193,257,E2: B domain,0.745192292,2.106846525,17,N,7.423663491,1.821345571,8.337480611,S,0.002379621,1,0.018097914,0.163121737,0.134806051,257 S,1,-0.265956723
193,257,E2: B domain,0.745192292,2.106846525,17,N,7.423663491,1.821345571,8.337480611,T,0.000879084,1,0.084467172,-0.268705733,-0.13963979,257 T,1,0.075898661
193,257,E2: B domain,0.745192292,2.106846525,17,N,7.423663491,1.821345571,8.337480611,V,0.001188474,1,0.582627915,-0.395700694,0.458703432,257 V,1,0.975936671
193,257,E2: B domain,0.745192292,2.106846525,17,N,7.423663491,1.821345571,8.337480611,W,0.000823872,1,0.265059864,0.126519759,0.495739827,257 W,1,0.872358155
193,257,E2: B domain,0.745192292,2.106846525,17,N,7.423663491,1.821345571,8.337480611,Y,0.03169867,1,0.001617098,0.000469906,0.001389734,257 Y,0,3.467895713
194,258,E2: B domain,2.518368921,12.40834116,12,S,1.697000213,6.574034786,3.920092707,A,0.013243764,1,0.052618351,-1.135970723,-0.450076257,258 A,1,1.433796583
194,258,E2: B domain,2.518368921,12.40834116,12,S,1.697000213,6.574034786,3.920092707,C,0.054663599,1,-8.39E-06,0.000274922,-0.000218628,258 C,0,-0.493997803
194,258,E2: B domain,2.518368921,12.40834116,12,S,1.697000213,6.574034786,3.920092707,D,0.000184421,1,-8.39E-06,0.000274922,2.222863624,258 D,0,-1.064175126
194,258,E2: B domain,2.518368921,12.40834116,12,S,1.697000213,6.574034786,3.920092707,E,0.00046388,1,-8.39E-06,0.000274922,-0.000218628,258 E,0,0.278532314
194,258,E2: B domain,2.518368921,12.40834116,12,S,1.697000213,6.574034786,3.920092707,F,5.04E-05,1,-8.39E-06,0.000274922,-0.000218628,258 F,0,0.109269296
194,258,E2: B domain,2.518368921,12.40834116,12,S,1.697000213,6.574034786,3.920092707,G,0.1555217,1,-0.126253021,-1.774349908,-0.128646933,258 G,1,-0.189165084
194,258,E2: B domain,2.518368921,12.40834116,12,S,1.697000213,6.574034786,3.920092707,H,0.102664546,1,-0.190882371,0.919077029,0.048867434,258 H,1,-0.456184938
194,258,E2: B domain,2.518368921,12.40834116,12,S,1.697000213,6.574034786,3.920092707,I,0.055485504,1,-8.39E-06,0.000274922,-0.000218628,258 I,0,0.062263067
194,258,E2: B domain,2.518368921,12.40834116,12,S,1.697000213,6.574034786,3.920092707,K,0.054048912,1,-8.39E-06,0.000274922,-0.000218628,258 K,0,-0.094746466
194,258,E2: B domain,2.518368921,12.40834116,12,S,1.697000213,6.574034786,3.920092707,L,0.099061304,1,-0.084501361,0.384830596,0.129789163,258 L,1,-0.273983881
194,258,E2: B domain,2.518368921,12.40834116,12,S,1.697000213,6.574034786,3.920092707,M,0.019803083,1,0.309554359,2.648615041,0.261671047,258 M,1,1.599326185
194,258,E2: B domain,2.518368921,12.40834116,12,S,1.697000213,6.574034786,3.920092707,N,0.040595134,1,-0.171946398,0.461385437,-3.943076159,258 N,1,0.478803574
194,258,E2: B domain,2.518368921,12.40834116,12,S,1.697000213,6.574034786,3.920092707,P,0.000129211,1,-8.39E-06,0.000274922,-0.000218628,258 P,0,-0.310054295
194,258,E2: B domain,2.518368921,12.40834116,12,S,1.697000213,6.574034786,3.920092707,Q,0.055703995,1,-8.39E-06,0.000274922,-0.000218628,258 Q,0,-0.258414616
194,258,E2: B domain,2.518368921,12.40834116,12,S,1.697000213,6.574034786,3.920092707,R,0.092453417,1,0.107303745,0.422342772,-0.626290136,258 R,1,-0.410852486
194,258,E2: B domain,2.518368921,12.40834116,12,S,1.697000213,6.574034786,3.920092707,S,0.09069008,1,NA,NA,NA,258 S,1,0
194,258,E2: B domain,2.518368921,12.40834116,12,S,1.697000213,6.574034786,3.920092707,T,0.021808446,1,0.092975337,1.041082401,0.648947377,258 T,1,0.25906234
194,258,E2: B domain,2.518368921,12.40834116,12,S,1.697000213,6.574034786,3.920092707,V,0.013222962,1,0.55721301,0.517021511,0.195163258,258 V,1,-2.149568579
194,258,E2: B domain,2.518368921,12.40834116,12,S,1.697000213,6.574034786,3.920092707,W,0.002570156,1,-8.39E-06,0.000274922,-0.000218628,258 W,1,-0.005343041
194,258,E2: B domain,2.518368921,12.40834116,12,S,1.697000213,6.574034786,3.920092707,Y,0.127635443,1,0.577335411,0.177205699,0.412790805,258 Y,1,-0.848519112
195,259,E2: B domain,2.344039623,10.42325767,15,Q,5.718709296,7.855772582,6.221439277,A,0.010005684,1,0.073009756,-1.366973173,0.454617776,259 A,1,2.098756738
195,259,E2: B domain,2.344039623,10.42325767,15,Q,5.718709296,7.855772582,6.221439277,C,0.045037831,1,-0.296499953,0.119210652,-0.255210669,259 C,1,-1.564309464
195,259,E2: B domain,2.344039623,10.42325767,15,Q,5.718709296,7.855772582,6.221439277,D,2.66E-05,1,-2.625058248,-5.256972298,-2.23814294,259 D,0,0.488846434
195,259,E2: B domain,2.344039623,10.42325767,15,Q,5.718709296,7.855772582,6.221439277,E,0.046250665,1,0.000191153,-0.005753764,-0.001790143,259 E,0,-2.049722772
195,259,E2: B domain,2.344039623,10.42325767,15,Q,5.718709296,7.855772582,6.221439277,F,0.03188278,1,0.18111854,-0.766995822,0.225706493,259 F,1,-0.592312336
195,259,E2: B domain,2.344039623,10.42325767,15,Q,5.718709296,7.855772582,6.221439277,G,0.10203921,1,0.022966724,-0.176170946,-0.068321024,259 G,1,-0.577487704
195,259,E2: B domain,2.344039623,10.42325767,15,Q,5.718709296,7.855772582,6.221439277,H,3.76E-06,1,0.000191153,4.095929168,-0.001790143,259 H,0,0.305081185
195,259,E2: B domain,2.344039623,10.42325767,15,Q,5.718709296,7.855772582,6.221439277,I,9.02E-05,1,0.000191153,-0.005753764,-0.001790143,259 I,0,0.040630087
195,259,E2: B domain,2.344039623,10.42325767,15,Q,5.718709296,7.855772582,6.221439277,K,2.96E-06,1,-0.023009975,-11.65922633,-5.932099121,259 K,0,0.018074679
195,259,E2: B domain,2.344039623,10.42325767,15,Q,5.718709296,7.855772582,6.221439277,L,7.29E-05,1,3.802244534,3.391454169,3.807861352,259 L,1,-1.842017907
195,259,E2: B domain,2.344039623,10.42325767,15,Q,5.718709296,7.855772582,6.221439277,M,0.044350442,1,0.000191153,-0.005753764,-0.001790143,259 M,0,-0.677501144
195,259,E2: B domain,2.344039623,10.42325767,15,Q,5.718709296,7.855772582,6.221439277,N,0.05045456,1,0.115763862,0.249178594,-0.062580249,259 N,1,-0.322876682
195,259,E2: B domain,2.344039623,10.42325767,15,Q,5.718709296,7.855772582,6.221439277,P,0.016797804,1,-0.106110609,-0.678940715,0.175815806,259 P,1,-1.379553615
195,259,E2: B domain,2.344039623,10.42325767,15,Q,5.718709296,7.855772582,6.221439277,Q,0.071204548,1,NA,NA,NA,259 Q,1,0
195,259,E2: B domain,2.344039623,10.42325767,15,Q,5.718709296,7.855772582,6.221439277,R,0.159156929,1,-0.145666378,-0.162166351,0.01416224,259 R,1,-0.105196122
195,259,E2: B domain,2.344039623,10.42325767,15,Q,5.718709296,7.855772582,6.221439277,S,0.005889208,1,0.751683917,-0.368789616,0.759319618,259 S,1,0.674431949
195,259,E2: B domain,2.344039623,10.42325767,15,Q,5.718709296,7.855772582,6.221439277,T,0.004019717,1,-3.031941485,-2.724434393,-2.452282146,259 T,1,-1.125175005
195,259,E2: B domain,2.344039623,10.42325767,15,Q,5.718709296,7.855772582,6.221439277,V,0.120910778,1,0.499370807,-0.352697397,0.424542143,259 V,1,0.711149707
195,259,E2: B domain,2.344039623,10.42325767,15,Q,5.718709296,7.855772582,6.221439277,W,0.216998197,1,0.111561349,-0.607379186,0.359413849,259 W,1,-0.474917903
195,259,E2: B domain,2.344039623,10.42325767,15,Q,5.718709296,7.855772582,6.221439277,Y,0.074805291,1,0.160225194,-0.619707448,-0.146012688,259 Y,1,0.467392637
196,260,E2: B domain,2.602595267,13.49872541,15,T,1.669910132,5.728624821,1.894163736,A,0.036493706,1,-0.093801283,0.072457097,-0.005406809,260 A,1,-0.390320069
196,260,E2: B domain,2.602595267,13.49872541,15,T,1.669910132,5.728624821,1.894163736,C,0.02775074,1,0.184253231,0.57546503,0.124804429,260 C,1,0.256411743
196,260,E2: B domain,2.602595267,13.49872541,15,T,1.669910132,5.728624821,1.894163736,D,0.006482942,1,-2.207365083,0.177653909,0.118624032,260 D,1,-0.469877858
196,260,E2: B domain,2.602595267,13.49872541,15,T,1.669910132,5.728624821,1.894163736,E,8.37E-05,1,-0.000748243,0.00367442,-0.001089175,260 E,0,-0.015539457
196,260,E2: B domain,2.602595267,13.49872541,15,T,1.669910132,5.728624821,1.894163736,F,5.13E-05,1,-0.000748243,0.00367442,-0.001089175,260 F,0,-0.181895934
196,260,E2: B domain,2.602595267,13.49872541,15,T,1.669910132,5.728624821,1.894163736,G,0.149309076,1,0.066686714,0.40265498,-0.134077691,260 G,1,-0.361327604
196,260,E2: B domain,2.602595267,13.49872541,15,T,1.669910132,5.728624821,1.894163736,H,0.145467771,1,0.418546927,0.674415142,0.283717777,260 H,1,0.118519525
196,260,E2: B domain,2.602595267,13.49872541,15,T,1.669910132,5.728624821,1.894163736,I,0.020163966,1,0.078538701,-0.549787832,0.012510586,260 I,1,1.95292579
196,260,E2: B domain,2.602595267,13.49872541,15,T,1.669910132,5.728624821,1.894163736,K,0.045062002,1,-0.000748243,0.00367442,-0.001089175,260 K,0,1.277064474
196,260,E2: B domain,2.602595267,13.49872541,15,T,1.669910132,5.728624821,1.894163736,L,0.071184188,1,-0.837283739,0.354710769,-0.708932613,260 L,1,-0.314083337
196,260,E2: B domain,2.602595267,13.49872541,15,T,1.669910132,5.728624821,1.894163736,M,0.03175017,1,0.292386926,1.066446038,0.297440368,260 M,1,0.380382585
196,260,E2: B domain,2.602595267,13.49872541,15,T,1.669910132,5.728624821,1.894163736,N,0.05672777,1,0.181708311,0.794786753,0.063275008,260 N,1,-0.237554455
196,260,E2: B domain,2.602595267,13.49872541,15,T,1.669910132,5.728624821,1.894163736,P,0.038558881,1,-0.000748243,0.00367442,-0.001089175,260 P,0,1.35989124
196,260,E2: B domain,2.602595267,13.49872541,15,T,1.669910132,5.728624821,1.894163736,Q,0.036034434,1,0.139716298,0.534231462,0.377665195,260 Q,1,0.267788822
196,260,E2: B domain,2.602595267,13.49872541,15,T,1.669910132,5.728624821,1.894163736,R,0.13924388,1,-0.64379777,0.483250893,-0.728448073,260 R,1,-0.042594551
196,260,E2: B domain,2.602595267,13.49872541,15,T,1.669910132,5.728624821,1.894163736,S,0.065683242,1,-0.022655476,0.357434346,-0.066179713,260 S,1,-0.114027406
196,260,E2: B domain,2.602595267,13.49872541,15,T,1.669910132,5.728624821,1.894163736,T,0.051611299,1,NA,NA,NA,260 T,1,0
196,260,E2: B domain,2.602595267,13.49872541,15,T,1.669910132,5.728624821,1.894163736,V,4.03E-05,1,-2.207365083,-2.201219573,-2.22421729,260 V,0,-0.42667521
196,260,E2: B domain,2.602595267,13.49872541,15,T,1.669910132,5.728624821,1.894163736,W,0.034286816,1,0.308073024,-3.239795434,0.616126339,260 W,1,0.016303017
196,260,E2: B domain,2.602595267,13.49872541,15,T,1.669910132,5.728624821,1.894163736,Y,0.044013834,1,-0.027955314,0.220420722,-0.203404001,260 Y,1,-0.190499197
197,261,E2: B domain,2.049635005,7.765066378,7,V,2.528916767,3.144410047,2.399681161,A,0.088710001,1,-0.598245391,-0.249636924,-0.081882471,261 A,1,-1.386027125
197,261,E2: B domain,2.049635005,7.765066378,7,V,2.528916767,3.144410047,2.399681161,C,0.016676056,1,-0.250163146,-0.685920685,-0.295192549,261 C,1,0.419151455
197,261,E2: B domain,2.049635005,7.765066378,7,V,2.528916767,3.144410047,2.399681161,D,0.000174724,1,-0.000180731,-0.000117153,-2.87E-05,261 D,0,0.364980026
197,261,E2: B domain,2.049635005,7.765066378,7,V,2.528916767,3.144410047,2.399681161,E,0.055690366,1,-0.000180731,-0.000117153,-2.87E-05,261 E,0,-0.286277764
197,261,E2: B domain,2.049635005,7.765066378,7,V,2.528916767,3.144410047,2.399681161,F,9.11E-05,1,-0.000180731,-0.000117153,-2.87E-05,261 F,0,-0.091512504
197,261,E2: B domain,2.049635005,7.765066378,7,V,2.528916767,3.144410047,2.399681161,G,0.000358692,1,-0.000180731,-0.000117153,-2.87E-05,261 G,0,0.724448275
197,261,E2: B domain,2.049635005,7.765066378,7,V,2.528916767,3.144410047,2.399681161,H,0.000139233,1,-0.000180731,-0.000117153,-2.87E-05,261 H,0,-0.174457169
197,261,E2: B domain,2.049635005,7.765066378,7,V,2.528916767,3.144410047,2.399681161,I,0.309244766,1,-0.474132422,-1.365266016,0.045936052,261 I,1,1.210729567
197,261,E2: B domain,2.049635005,7.765066378,7,V,2.528916767,3.144410047,2.399681161,K,0.056247005,1,-0.000180731,-0.000117153,-2.87E-05,261 K,0,-0.342071814
197,261,E2: B domain,2.049635005,7.765066378,7,V,2.528916767,3.144410047,2.399681161,L,0.052124466,1,2.528916767,3.051121185,2.353745109,261 L,1,-0.302440404
197,261,E2: B domain,2.049635005,7.765066378,7,V,2.528916767,3.144410047,2.399681161,M,0.120075713,1,-0.000180731,-0.000117153,-2.87E-05,261 M,1,0.062253404
197,261,E2: B domain,2.049635005,7.765066378,7,V,2.528916767,3.144410047,2.399681161,N,0.000489704,1,-0.000180731,-0.000117153,-2.87E-05,261 N,0,-0.041215603
197,261,E2: B domain,2.049635005,7.765066378,7,V,2.528916767,3.144410047,2.399681161,P,3.74E-05,1,-0.000180731,-0.000117153,-2.87E-05,261 P,0,0.007618204
197,261,E2: B domain,2.049635005,7.765066378,7,V,2.528916767,3.144410047,2.399681161,Q,0.047789865,1,-0.000180731,-0.000117153,-2.87E-05,261 Q,0,-0.282509452
197,261,E2: B domain,2.049635005,7.765066378,7,V,2.528916767,3.144410047,2.399681161,R,4.65E-05,1,-0.000180731,-0.000117153,-2.87E-05,261 R,0,-0.656670585
197,261,E2: B domain,2.049635005,7.765066378,7,V,2.528916767,3.144410047,2.399681161,S,4.54E-05,1,-0.000180731,-0.000117153,-2.87E-05,261 S,0,-0.422114294
197,261,E2: B domain,2.049635005,7.765066378,7,V,2.528916767,3.144410047,2.399681161,T,0.086707784,1,-0.180512404,0.093288863,-0.103186598,261 T,1,0.027553575
197,261,E2: B domain,2.049635005,7.765066378,7,V,2.528916767,3.144410047,2.399681161,V,0.164475512,1,NA,NA,NA,261 V,1,0
197,261,E2: B domain,2.049635005,7.765066378,7,V,2.528916767,3.144410047,2.399681161,W,0.000201409,1,-0.000180731,-0.000117153,-2.87E-05,261 W,0,-0.402258308
197,261,E2: B domain,2.049635005,7.765066378,7,V,2.528916767,3.144410047,2.399681161,Y,0.000674356,1,-0.000180731,-0.000117153,-2.87E-05,261 Y,0,-0.403408435
198,262,E2: B domain,2.525274809,12.49432835,15,R,1.313390915,4.108119181,2.743117803,A,0.102840229,1,-0.155238216,-0.145817874,-0.17066169,262 A,1,-0.651649525
198,262,E2: B domain,2.525274809,12.49432835,15,R,1.313390915,4.108119181,2.743117803,C,0.014887399,1,0.19679952,-0.612773833,-0.170058942,262 C,1,0.214352184
198,262,E2: B domain,2.525274809,12.49432835,15,R,1.313390915,4.108119181,2.743117803,D,0.000259,1,7.77E-05,0.001922947,0.000598549,262 D,0,0.043914859
198,262,E2: B domain,2.525274809,12.49432835,15,R,1.313390915,4.108119181,2.743117803,E,0.123181196,1,0.151300535,-0.373828208,0.33381546,262 E,1,-0.081475676
198,262,E2: B domain,2.525274809,12.49432835,15,R,1.313390915,4.108119181,2.743117803,F,4.01E-05,1,7.77E-05,0.001922947,0.000598549,262 F,0,0.409403404
198,262,E2: B domain,2.525274809,12.49432835,15,R,1.313390915,4.108119181,2.743117803,G,0.000340375,1,-4.141679746,-4.137471813,-4.158559871,262 G,0,0.916023163
198,262,E2: B domain,2.525274809,12.49432835,15,R,1.313390915,4.108119181,2.743117803,H,0.080029958,1,0.184156798,0.318584043,-0.013024756,262 H,1,0.500246682
198,262,E2: B domain,2.525274809,12.49432835,15,R,1.313390915,4.108119181,2.743117803,I,0.012390781,1,-0.153720282,0.356516505,0.344504824,262 I,1,-1.537475796
198,262,E2: B domain,2.525274809,12.49432835,15,R,1.313390915,4.108119181,2.743117803,K,0.056868222,1,0.179422938,-0.161134285,0.452059687,262 K,1,1.374254782
198,262,E2: B domain,2.525274809,12.49432835,15,R,1.313390915,4.108119181,2.743117803,L,0.000746509,1,-0.214589563,0.829114311,0.761777326,262 L,1,0.684727841
198,262,E2: B domain,2.525274809,12.49432835,15,R,1.313390915,4.108119181,2.743117803,M,1.81E-05,1,7.77E-05,0.001922947,0.000598549,262 M,0,0.354748883
198,262,E2: B domain,2.525274809,12.49432835,15,R,1.313390915,4.108119181,2.743117803,N,0.042281571,1,-0.114378319,0.394289583,-0.342347255,262 N,1,0.984072901
198,262,E2: B domain,2.525274809,12.49432835,15,R,1.313390915,4.108119181,2.743117803,P,1.20E-05,1,7.77E-05,0.001922947,0.000598549,262 P,0,-0.047210958
198,262,E2: B domain,2.525274809,12.49432835,15,R,1.313390915,4.108119181,2.743117803,Q,0.084823522,1,0.236220115,0.592990833,0.200429198,262 Q,1,-0.374234721
198,262,E2: B domain,2.525274809,12.49432835,15,R,1.313390915,4.108119181,2.743117803,R,0.070679579,1,NA,NA,NA,262 R,1,0
198,262,E2: B domain,2.525274809,12.49432835,15,R,1.313390915,4.108119181,2.743117803,S,0.073528401,1,-0.043324665,0.386698255,-0.00517672,262 S,1,-0.144719684
198,262,E2: B domain,2.525274809,12.49432835,15,R,1.313390915,4.108119181,2.743117803,T,0.101250057,1,0.300454217,0.274029221,0.014608468,262 T,1,0.659468477
198,262,E2: B domain,2.525274809,12.49432835,15,R,1.313390915,4.108119181,2.743117803,V,0.053217212,1,0.064726191,0.312317058,0.128024534,262 V,1,1.278548841
198,262,E2: B domain,2.525274809,12.49432835,15,R,1.313390915,4.108119181,2.743117803,W,0.116486123,1,-0.036423867,0.53274024,0.149031423,262 W,1,0.005323604
198,262,E2: B domain,2.525274809,12.49432835,15,R,1.313390915,4.108119181,2.743117803,Y,0.066119669,1,-0.098551172,0.103147344,0.356472686,262 Y,1,0.151412019
199,263,E2: B domain,1.753849411,5.776797196,8,Y,1.152655055,0.748639008,1.04259314,A,4.93E-05,1,0.000483931,0.000328316,0.000499479,263 A,0,0.041297492
199,263,E2: B domain,1.753849411,5.776797196,8,Y,1.152655055,0.748639008,1.04259314,C,0.015677725,1,-0.289086069,-1.195440341,-1.211634482,263 C,1,-1.045538008
199,263,E2: B domain,1.753849411,5.776797196,8,Y,1.152655055,0.748639008,1.04259314,D,0.00025679,1,0.000483931,0.000328316,0.000499479,263 D,0,2.132198266
199,263,E2: B domain,1.753849411,5.776797196,8,Y,1.152655055,0.748639008,1.04259314,E,0.00010016,1,0.000483931,0.000328316,0.000499479,263 E,0,0.300893571
199,263,E2: B domain,1.753849411,5.776797196,8,Y,1.152655055,0.748639008,1.04259314,F,0.201603219,1,0.510188711,0.387221693,0.365237405,263 F,1,0.024250291
199,263,E2: B domain,1.753849411,5.776797196,8,Y,1.152655055,0.748639008,1.04259314,G,7.04E-05,1,0.000483931,0.000328316,0.000499479,263 G,0,0.219239354
199,263,E2: B domain,1.753849411,5.776797196,8,Y,1.152655055,0.748639008,1.04259314,H,0.026901401,1,-1.117595887,-0.263861999,-0.060414811,263 H,1,-1.0754059
199,263,E2: B domain,1.753849411,5.776797196,8,Y,1.152655055,0.748639008,1.04259314,I,0.172922724,1,0.116598793,-0.008259922,0.15018271,263 I,1,0.669783925
199,263,E2: B domain,1.753849411,5.776797196,8,Y,1.152655055,0.748639008,1.04259314,K,8.67E-05,1,0.000483931,0.000328316,0.000499479,263 K,0,-0.001979169
199,263,E2: B domain,1.753849411,5.776797196,8,Y,1.152655055,0.748639008,1.04259314,L,0.012978424,1,0.098945685,0.18977347,-0.10594533,263 L,1,-2.232708363
199,263,E2: B domain,1.753849411,5.776797196,8,Y,1.152655055,0.748639008,1.04259314,M,0.000197631,1,0.000483931,0.000328316,0.000499479,263 M,0,0.137433468
199,263,E2: B domain,1.753849411,5.776797196,8,Y,1.152655055,0.748639008,1.04259314,N,4.92E-05,1,0.000483931,0.000328316,0.000499479,263 N,0,-0.744859461
199,263,E2: B domain,1.753849411,5.776797196,8,Y,1.152655055,0.748639008,1.04259314,P,7.94E-05,1,0.000483931,0.000328316,0.000499479,263 P,0,0.440316587
199,263,E2: B domain,1.753849411,5.776797196,8,Y,1.152655055,0.748639008,1.04259314,Q,6.24E-05,1,0.000483931,0.000328316,0.000499479,263 Q,0,-0.143847073
199,263,E2: B domain,1.753849411,5.776797196,8,Y,1.152655055,0.748639008,1.04259314,R,4.18E-05,1,0.000483931,0.000328316,0.000499479,263 R,0,-0.329051257
199,263,E2: B domain,1.753849411,5.776797196,8,Y,1.152655055,0.748639008,1.04259314,S,2.63E-05,1,0.000483931,0.000328316,0.000499479,263 S,0,-0.408518812
199,263,E2: B domain,1.753849411,5.776797196,8,Y,1.152655055,0.748639008,1.04259314,T,5.67E-05,1,0.000483931,0.000328316,0.000499479,263 T,0,-0.825331546
199,263,E2: B domain,1.753849411,5.776797196,8,Y,1.152655055,0.748639008,1.04259314,V,0.089027576,1,0.093186567,0.050884617,0.324745978,263 V,1,0.31487753
199,263,E2: B domain,1.753849411,5.776797196,8,Y,1.152655055,0.748639008,1.04259314,W,0.257860798,1,0.327928124,0.116819439,0.196433296,263 W,1,-0.732746219
199,263,E2: B domain,1.753849411,5.776797196,8,Y,1.152655055,0.748639008,1.04259314,Y,0.221951385,1,NA,NA,NA,263 Y,1,0
200,264,E2: B domain,0.660863165,1.936463101,16,K,1.87540487,1.131259247,1.525937804,A,0.001988308,1,0.136832657,0.281243728,-0.026116591,264 A,1,0.074769548
200,264,E2: B domain,0.660863165,1.936463101,16,K,1.87540487,1.131259247,1.525937804,C,0.003095271,1,0.153378034,-0.511008892,0.041803231,264 C,1,-0.388689229
200,264,E2: B domain,0.660863165,1.936463101,16,K,1.87540487,1.131259247,1.525937804,D,0.001010717,1,0.057801667,-0.15431302,0.138915747,264 D,1,0.750785332
200,264,E2: B domain,0.660863165,1.936463101,16,K,1.87540487,1.131259247,1.525937804,E,0.002594496,1,0.177789338,0.16568292,0.280707213,264 E,1,-0.214688573
200,264,E2: B domain,0.660863165,1.936463101,16,K,1.87540487,1.131259247,1.525937804,F,0.002482301,1,-0.470086005,-0.35414334,-0.305921552,264 F,1,1.223822795
200,264,E2: B domain,0.660863165,1.936463101,16,K,1.87540487,1.131259247,1.525937804,G,0.000201322,1,0.209620224,-2.351436386,-2.481922768,264 G,1,0.014501844
200,264,E2: B domain,0.660863165,1.936463101,16,K,1.87540487,1.131259247,1.525937804,H,0.002572876,1,0.189114928,0.065601977,0.191447111,264 H,1,0.032287631
200,264,E2: B domain,0.660863165,1.936463101,16,K,1.87540487,1.131259247,1.525937804,I,1.66E-06,1,-0.000324411,-0.00038183,-2.04E-05,264 I,0,-0.553819827
200,264,E2: B domain,0.660863165,1.936463101,16,K,1.87540487,1.131259247,1.525937804,K,0.003931645,1,NA,NA,NA,264 K,1,0
200,264,E2: B domain,0.660863165,1.936463101,16,K,1.87540487,1.131259247,1.525937804,L,0.003665213,1,-0.030901963,-0.017113016,0.023707785,264 L,1,-0.044659995
200,264,E2: B domain,0.660863165,1.936463101,16,K,1.87540487,1.131259247,1.525937804,M,0.049673729,1,-0.000324411,-0.00038183,-2.04E-05,264 M,0,-0.478094641
200,264,E2: B domain,0.660863165,1.936463101,16,K,1.87540487,1.131259247,1.525937804,N,0.049498476,1,-0.000324411,-0.00038183,-2.04E-05,264 N,0,-6.671507776
200,264,E2: B domain,0.660863165,1.936463101,16,K,1.87540487,1.131259247,1.525937804,P,6.99E-07,1,-0.000324411,-0.00038183,-2.04E-05,264 P,0,0.228675287
200,264,E2: B domain,0.660863165,1.936463101,16,K,1.87540487,1.131259247,1.525937804,Q,0.003581326,1,-0.090586168,-0.081820124,0.030268448,264 Q,1,-0.482263424
200,264,E2: B domain,0.660863165,1.936463101,16,K,1.87540487,1.131259247,1.525937804,R,0.00375598,1,-0.196006464,-0.145869033,-0.104711068,264 R,1,-0.296894636
200,264,E2: B domain,0.660863165,1.936463101,16,K,1.87540487,1.131259247,1.525937804,S,0.003006425,1,-0.365501228,-0.187732224,-0.255622049,264 S,1,0.202861319
200,264,E2: B domain,0.660863165,1.936463101,16,K,1.87540487,1.131259247,1.525937804,T,0.001745713,1,0.087897013,-0.763917526,0.416736279,264 T,1,0.476767271
200,264,E2: B domain,0.660863165,1.936463101,16,K,1.87540487,1.131259247,1.525937804,V,0.00085058,1,0.188283048,0.215298131,0.217877391,264 V,1,0.456243285
200,264,E2: B domain,0.660863165,1.936463101,16,K,1.87540487,1.131259247,1.525937804,W,0.00602978,1,0.361764788,-0.089494788,-0.04051911,264 W,1,-0.689088302
200,264,E2: B domain,0.660863165,1.936463101,16,K,1.87540487,1.131259247,1.525937804,Y,0.860313483,1,0.312923171,0.403432491,0.1844746,264 Y,1,0.656665393
201,265,E2: B domain,1.321800565,3.750167723,4,C,0,0,0,A,0.000215603,1,-0.000104192,-0.000186241,-6.83E-05,265 A,0,-0.521090363
201,265,E2: B domain,1.321800565,3.750167723,4,C,0,0,0,C,0.568663133,1,NA,NA,NA,265 C,1,0
201,265,E2: B domain,1.321800565,3.750167723,4,C,0,0,0,D,0.000444397,1,-0.000104192,-0.000186241,-6.83E-05,265 D,0,-0.147647109
201,265,E2: B domain,1.321800565,3.750167723,4,C,0,0,0,E,0.000360577,1,-0.000104192,-0.000186241,-6.83E-05,265 E,0,-0.188876197
201,265,E2: B domain,1.321800565,3.750167723,4,C,0,0,0,F,0.052972409,1,-0.000104192,-0.000186241,-6.83E-05,265 F,0,-0.870775766
201,265,E2: B domain,1.321800565,3.750167723,4,C,0,0,0,G,0.000602475,1,-0.000104192,-0.000186241,-6.83E-05,265 G,0,3.279143804
201,265,E2: B domain,1.321800565,3.750167723,4,C,0,0,0,H,0.00018527,1,-0.000104192,-0.000186241,-6.83E-05,265 H,0,-0.951021128
201,265,E2: B domain,1.321800565,3.750167723,4,C,0,0,0,I,0.000348301,1,-0.000104192,-0.000186241,-6.83E-05,265 I,0,-0.246504369
201,265,E2: B domain,1.321800565,3.750167723,4,C,0,0,0,K,0.000666256,1,-0.000104192,-0.000186241,-6.83E-05,265 K,0,-0.33508536
201,265,E2: B domain,1.321800565,3.750167723,4,C,0,0,0,L,0.000113124,1,-0.000104192,-0.000186241,-6.83E-05,265 L,0,0.04130507
201,265,E2: B domain,1.321800565,3.750167723,4,C,0,0,0,M,0.000406091,1,-0.000104192,-0.000186241,-6.83E-05,265 M,0,0.173330751
201,265,E2: B domain,1.321800565,3.750167723,4,C,0,0,0,N,0.000244226,1,-0.000104192,-0.000186241,-6.83E-05,265 N,0,0.580863794
201,265,E2: B domain,1.321800565,3.750167723,4,C,0,0,0,P,0.000309855,1,-0.000104192,-0.000186241,-6.83E-05,265 P,0,-0.045080191
201,265,E2: B domain,1.321800565,3.750167723,4,C,0,0,0,Q,0.048361037,1,-0.000104192,-0.000186241,-6.83E-05,265 Q,0,-0.719212985
201,265,E2: B domain,1.321800565,3.750167723,4,C,0,0,0,R,0.038167919,1,-0.811180843,-0.061441859,-0.346895523,265 R,1,0.317451101
201,265,E2: B domain,1.321800565,3.750167723,4,C,0,0,0,S,0.000175202,1,-0.000104192,-0.000186241,-6.83E-05,265 S,0,-0.639578202
201,265,E2: B domain,1.321800565,3.750167723,4,C,0,0,0,T,0.222809203,1,-0.237292892,-1.06355261,-0.166600476,265 T,1,0.270076767
201,265,E2: B domain,1.321800565,3.750167723,4,C,0,0,0,V,0.00018533,1,-0.000104192,-0.000186241,-6.83E-05,265 V,0,0.004078389
201,265,E2: B domain,1.321800565,3.750167723,4,C,0,0,0,W,0.05434363,1,-0.000104192,-0.000186241,-6.83E-05,265 W,0,4.063484692
201,265,E2: B domain,1.321800565,3.750167723,4,C,0,0,0,Y,0.010425962,1,-0.000104192,-0.000186241,-6.83E-05,265 Y,1,0.602080006
202,266,E2: B domain,2.386810807,10.87874415,8,N,1.574114595,0.407469687,1.115621796,A,0.000276255,1,0.000489638,7.02E-05,0.000266926,266 A,0,-0.249582604
202,266,E2: B domain,2.386810807,10.87874415,8,N,1.574114595,0.407469687,1.115621796,C,0.000506228,1,0.000489638,7.02E-05,0.000266926,266 C,0,-0.549975717
202,266,E2: B domain,2.386810807,10.87874415,8,N,1.574114595,0.407469687,1.115621796,D,0.013656143,1,0.401558828,-1.461974726,0.529777005,266 D,1,-0.642038425
202,266,E2: B domain,2.386810807,10.87874415,8,N,1.574114595,0.407469687,1.115621796,E,0.132244077,1,0.66635002,0.277888057,0.429010904,266 E,1,-1.164126094
202,266,E2: B domain,2.386810807,10.87874415,8,N,1.574114595,0.407469687,1.115621796,F,0.047922331,1,0.000489638,7.02E-05,0.000266926,266 F,0,-1.223884946
202,266,E2: B domain,2.386810807,10.87874415,8,N,1.574114595,0.407469687,1.115621796,G,0.066357741,1,0.209053454,-1.496846221,-0.269852829,266 G,1,0.794848313
202,266,E2: B domain,2.386810807,10.87874415,8,N,1.574114595,0.407469687,1.115621796,H,0.044278639,1,0.000489638,7.02E-05,0.000266926,266 H,0,-0.528757822
202,266,E2: B domain,2.386810807,10.87874415,8,N,1.574114595,0.407469687,1.115621796,I,0.05606603,1,0.000489638,7.02E-05,0.000266926,266 I,0,0.063889129
202,266,E2: B domain,2.386810807,10.87874415,8,N,1.574114595,0.407469687,1.115621796,K,0.047766529,1,0.000489638,7.02E-05,0.000266926,266 K,0,0.339725322
202,266,E2: B domain,2.386810807,10.87874415,8,N,1.574114595,0.407469687,1.115621796,L,0.063872426,1,-0.146128145,-0.108125379,-0.121948919,266 L,1,0.338050177
202,266,E2: B domain,2.386810807,10.87874415,8,N,1.574114595,0.407469687,1.115621796,M,6.22E-05,1,0.000489638,7.02E-05,0.000266926,266 M,0,0.935198321
202,266,E2: B domain,2.386810807,10.87874415,8,N,1.574114595,0.407469687,1.115621796,N,0.069794405,1,NA,NA,NA,266 N,1,0
202,266,E2: B domain,2.386810807,10.87874415,8,N,1.574114595,0.407469687,1.115621796,P,0.000139398,1,0.000489638,7.02E-05,0.000266926,266 P,0,-2.361498332
202,266,E2: B domain,2.386810807,10.87874415,8,N,1.574114595,0.407469687,1.115621796,Q,0.05052749,1,0.000489638,7.02E-05,0.000266926,266 Q,0,0.18229487
202,266,E2: B domain,2.386810807,10.87874415,8,N,1.574114595,0.407469687,1.115621796,R,0.264391259,1,0.075519031,0.128809605,0.153897698,266 R,1,-0.084231425
202,266,E2: B domain,2.386810807,10.87874415,8,N,1.574114595,0.407469687,1.115621796,S,0.079852228,1,0.110352601,-0.011459051,-0.052473989,266 S,1,0.344501082
202,266,E2: B domain,2.386810807,10.87874415,8,N,1.574114595,0.407469687,1.115621796,T,0.023985269,1,0.105894645,-3.038492764,-3.004223271,266 T,1,-0.430225564
202,266,E2: B domain,2.386810807,10.87874415,8,N,1.574114595,0.407469687,1.115621796,V,2.28E-05,1,-2.52578468,-2.524131945,-2.543464494,266 V,0,0.680847199
202,266,E2: B domain,2.386810807,10.87874415,8,N,1.574114595,0.407469687,1.115621796,W,0.000292589,1,0.000489638,7.02E-05,0.000266926,266 W,0,-0.263474867
202,266,E2: B domain,2.386810807,10.87874415,8,N,1.574114595,0.407469687,1.115621796,Y,0.037985979,1,0.000489638,7.02E-05,0.000266926,266 Y,0,0.941737414
203,267,E2: B domain,1.887513787,6.60293196,7,C,0,2.350055735,0,A,0.001316519,1,-0.000109332,-0.000164124,-9.18E-05,267 A,0,-0.125046145
203,267,E2: B domain,1.887513787,6.60293196,7,C,0,2.350055735,0,C,0.206100958,1,NA,NA,NA,267 C,1,0
203,267,E2: B domain,1.887513787,6.60293196,7,C,0,2.350055735,0,D,0.000388794,1,-0.000109332,-0.000164124,-9.18E-05,267 D,0,0.495993834
203,267,E2: B domain,1.887513787,6.60293196,7,C,0,2.350055735,0,E,0.05248344,1,-0.000109332,-0.000164124,-9.18E-05,267 E,0,-0.178712234
203,267,E2: B domain,1.887513787,6.60293196,7,C,0,2.350055735,0,F,7.18E-05,1,-0.000109332,2.350055735,-9.18E-05,267 F,0,0.568624935
203,267,E2: B domain,1.887513787,6.60293196,7,C,0,2.350055735,0,G,0.091694729,1,-0.064260068,-0.770040874,-0.285472974,267 G,1,0.512897878
203,267,E2: B domain,1.887513787,6.60293196,7,C,0,2.350055735,0,H,0.061731631,1,-4.679026503,-4.678361166,-4.726397227,267 H,1,-0.622930868
203,267,E2: B domain,1.887513787,6.60293196,7,C,0,2.350055735,0,I,0.000160212,1,-0.000109332,-0.000164124,-9.18E-05,267 I,0,-1.001519592
203,267,E2: B domain,1.887513787,6.60293196,7,C,0,2.350055735,0,K,0.052996253,1,-3.015956208,-5.2579948,-0.469342698,267 K,1,-0.848976432
203,267,E2: B domain,1.887513787,6.60293196,7,C,0,2.350055735,0,L,0.000143399,1,-0.000109332,-0.000164124,-9.18E-05,267 L,0,0.146801724
203,267,E2: B domain,1.887513787,6.60293196,7,C,0,2.350055735,0,M,6.74E-05,1,-0.000109332,-0.000164124,-9.18E-05,267 M,0,-0.023163104
203,267,E2: B domain,1.887513787,6.60293196,7,C,0,2.350055735,0,N,0.0009958,1,-0.000109332,-0.000164124,-9.18E-05,267 N,0,-0.011687396
203,267,E2: B domain,1.887513787,6.60293196,7,C,0,2.350055735,0,P,0.046464459,1,-0.000109332,-0.000164124,-9.18E-05,267 P,0,-0.686281205
203,267,E2: B domain,1.887513787,6.60293196,7,C,0,2.350055735,0,Q,0.001672242,1,-0.000109332,-0.000164124,-9.18E-05,267 Q,0,0.04301409
203,267,E2: B domain,1.887513787,6.60293196,7,C,0,2.350055735,0,R,0.391187955,1,-0.990790446,-0.291488224,-0.094594063,267 R,1,-0.534485272
203,267,E2: B domain,1.887513787,6.60293196,7,C,0,2.350055735,0,S,0.011378609,1,-0.000109332,-0.000164124,-9.18E-05,267 S,1,-0.362104395
203,267,E2: B domain,1.887513787,6.60293196,7,C,0,2.350055735,0,T,0.037311897,1,-0.448458718,-4.949113227,-2.502403418,267 T,1,1.25284098
203,267,E2: B domain,1.887513787,6.60293196,7,C,0,2.350055735,0,V,0.000253097,1,-0.000109332,-0.000164124,-9.18E-05,267 V,0,0.63920441
203,267,E2: B domain,1.887513787,6.60293196,7,C,0,2.350055735,0,W,0.042450216,1,-0.000109332,-0.000164124,-9.18E-05,267 W,0,2.004600187
203,267,E2: B domain,1.887513787,6.60293196,7,C,0,2.350055735,0,Y,0.001130608,1,-0.000109332,-0.000164124,-9.18E-05,267 Y,0,-2.696323923
204,268,E2: B domain,2.163312683,8.699910016,5,G,2.681539723,0.094548155,0.82955248,A,0.137321988,1,-0.23630617,0.094548155,-0.197813633,268 A,1,-1.00706569
204,268,E2: B domain,2.163312683,8.699910016,5,G,2.681539723,0.094548155,0.82955248,C,0.049598254,1,-8.10E-05,-6.94E-05,2.28E-05,268 C,0,0.623570019
204,268,E2: B domain,2.163312683,8.699910016,5,G,2.681539723,0.094548155,0.82955248,D,0.052539342,1,-8.10E-05,-6.94E-05,2.28E-05,268 D,0,-1.542468137
204,268,E2: B domain,2.163312683,8.699910016,5,G,2.681539723,0.094548155,0.82955248,E,0.000548326,1,2.391109012,-2.643553386,-0.454593718,268 E,0,1.422260221
204,268,E2: B domain,2.163312683,8.699910016,5,G,2.681539723,0.094548155,0.82955248,F,0.053510339,1,-8.10E-05,-6.94E-05,2.28E-05,268 F,0,-0.19417942
204,268,E2: B domain,2.163312683,8.699910016,5,G,2.681539723,0.094548155,0.82955248,G,0.203086761,1,NA,NA,NA,268 G,1,0
204,268,E2: B domain,2.163312683,8.699910016,5,G,2.681539723,0.094548155,0.82955248,H,0.001705355,1,-8.10E-05,-6.94E-05,2.28E-05,268 H,0,0.615393519
204,268,E2: B domain,2.163312683,8.699910016,5,G,2.681539723,0.094548155,0.82955248,I,0.00059608,1,-8.10E-05,-6.94E-05,2.28E-05,268 I,0,-0.106246048
204,268,E2: B domain,2.163312683,8.699910016,5,G,2.681539723,0.094548155,0.82955248,K,0.000651713,1,-8.10E-05,-6.94E-05,2.28E-05,268 K,0,-0.695418739
204,268,E2: B domain,2.163312683,8.699910016,5,G,2.681539723,0.094548155,0.82955248,L,0.001676132,1,-8.10E-05,-6.94E-05,2.28E-05,268 L,0,-0.702340516
204,268,E2: B domain,2.163312683,8.699910016,5,G,2.681539723,0.094548155,0.82955248,M,0.234555362,1,0.290430711,-2.259291664,0.521481216,268 M,1,0.452064318
204,268,E2: B domain,2.163312683,8.699910016,5,G,2.681539723,0.094548155,0.82955248,N,0.056285403,1,-8.10E-05,-6.94E-05,2.28E-05,268 N,0,-0.370658546
204,268,E2: B domain,2.163312683,8.699910016,5,G,2.681539723,0.094548155,0.82955248,P,0.081672444,1,-0.051745265,-0.325204442,-5.120779421,268 P,1,-3.041422022
204,268,E2: B domain,2.163312683,8.699910016,5,G,2.681539723,0.094548155,0.82955248,Q,0.052658601,1,-8.10E-05,-6.94E-05,2.28E-05,268 Q,0,-0.3101923
204,268,E2: B domain,2.163312683,8.699910016,5,G,2.681539723,0.094548155,0.82955248,R,0.000257352,1,-8.10E-05,-6.94E-05,2.28E-05,268 R,0,-0.719618787
204,268,E2: B domain,2.163312683,8.699910016,5,G,2.681539723,0.094548155,0.82955248,S,0.070412414,1,-0.829392612,-0.250712786,0.307751636,268 S,1,0.598233371
204,268,E2: B domain,2.163312683,8.699910016,5,G,2.681539723,0.094548155,0.82955248,T,0.000574794,1,-8.10E-05,-6.94E-05,2.28E-05,268 T,0,-0.707285016
204,268,E2: B domain,2.163312683,8.699910016,5,G,2.681539723,0.094548155,0.82955248,V,0.00042179,1,-8.10E-05,-6.94E-05,2.28E-05,268 V,0,-3.090665981
204,268,E2: B domain,2.163312683,8.699910016,5,G,2.681539723,0.094548155,0.82955248,W,0.000806271,1,-8.10E-05,-6.94E-05,2.28E-05,268 W,0,-0.000156339
204,268,E2: B domain,2.163312683,8.699910016,5,G,2.681539723,0.094548155,0.82955248,Y,0.00112128,1,-8.10E-05,-6.94E-05,2.28E-05,268 Y,0,0.262945569
205,269,E2: B domain,2.481645239,11.96092683,10,D,0.97700302,2.171680328,0.719623696,A,0.182938327,1,0.010200179,-0.507166525,-0.084873514,269 A,1,0.230628255
205,269,E2: B domain,2.481645239,11.96092683,10,D,0.97700302,2.171680328,0.719623696,C,0.00013062,1,-0.000494155,0.001203598,-0.000403478,269 C,0,-0.712654231
205,269,E2: B domain,2.481645239,11.96092683,10,D,0.97700302,2.171680328,0.719623696,D,0.046584306,1,NA,NA,NA,269 D,1,0
205,269,E2: B domain,2.481645239,11.96092683,10,D,0.97700302,2.171680328,0.719623696,E,0.049355567,1,-0.000494155,0.001203598,-0.000403478,269 E,0,-1.663332932
205,269,E2: B domain,2.481645239,11.96092683,10,D,0.97700302,2.171680328,0.719623696,F,0.067704345,1,-0.405295331,0.756096593,0.385822606,269 F,1,-1.909084162
205,269,E2: B domain,2.481645239,11.96092683,10,D,0.97700302,2.171680328,0.719623696,G,0.134402211,1,-0.497235287,0.698718298,-0.471179984,269 G,1,-0.112141734
205,269,E2: B domain,2.481645239,11.96092683,10,D,0.97700302,2.171680328,0.719623696,H,0.048208775,1,-0.000494155,0.001203598,-0.000403478,269 H,0,0.626009958
205,269,E2: B domain,2.481645239,11.96092683,10,D,0.97700302,2.171680328,0.719623696,I,0.146953394,1,-0.330390059,0.107777703,0.024300192,269 I,1,-0.900615323
205,269,E2: B domain,2.481645239,11.96092683,10,D,0.97700302,2.171680328,0.719623696,K,0.050259793,1,-0.000494155,0.001203598,-0.000403478,269 K,0,-0.176499584
205,269,E2: B domain,2.481645239,11.96092683,10,D,0.97700302,2.171680328,0.719623696,L,0.051291024,1,0.120039145,0.307943304,0.274181171,269 L,1,-1.102864932
205,269,E2: B domain,2.481645239,11.96092683,10,D,0.97700302,2.171680328,0.719623696,M,7.17E-05,1,-0.000494155,0.001203598,-0.000403478,269 M,0,-0.029317621
205,269,E2: B domain,2.481645239,11.96092683,10,D,0.97700302,2.171680328,0.719623696,N,0.066421644,1,-0.001362011,-0.046374881,-0.066401752,269 N,1,0.926197598
205,269,E2: B domain,2.481645239,11.96092683,10,D,0.97700302,2.171680328,0.719623696,P,0.048156089,1,-0.000494155,0.001203598,-0.000403478,269 P,0,-0.937443396
205,269,E2: B domain,2.481645239,11.96092683,10,D,0.97700302,2.171680328,0.719623696,Q,0.042184743,1,-0.000494155,0.001203598,-0.000403478,269 Q,0,0.196432907
205,269,E2: B domain,2.481645239,11.96092683,10,D,0.97700302,2.171680328,0.719623696,R,0.013037235,1,-0.907174295,-0.763106271,-0.5031213,269 R,1,-1.09901783
205,269,E2: B domain,2.481645239,11.96092683,10,D,0.97700302,2.171680328,0.719623696,S,3.54E-05,1,-0.000494155,0.001203598,-0.000403478,269 S,0,-0.122580782
205,269,E2: B domain,2.481645239,11.96092683,10,D,0.97700302,2.171680328,0.719623696,T,0.008671792,1,0.547346782,-0.084313726,-0.197457435,269 T,1,1.320453096
205,269,E2: B domain,2.481645239,11.96092683,10,D,0.97700302,2.171680328,0.719623696,V,0.043509052,1,0.299416914,0.289108449,0.035319728,269 V,1,-0.820052509
205,269,E2: B domain,2.481645239,11.96092683,10,D,0.97700302,2.171680328,0.719623696,W,8.23E-05,1,-0.000494155,0.001203598,-0.000403478,269 W,0,-1.497043328
205,269,E2: B domain,2.481645239,11.96092683,10,D,0.97700302,2.171680328,0.719623696,Y,1.66E-06,1,-0.000494155,0.001203598,-0.000403478,269 Y,0,-2.240040095
206,270,E2: B domain,2.386116006,10.87118821,12,S,5.689417338,3.431303607,2.649627312,A,0.000494921,1,0.000344861,0.000382759,0.000314042,270 A,0,1.871914012
206,270,E2: B domain,2.386116006,10.87118821,12,S,5.689417338,3.431303607,2.649627312,C,5.59E-05,1,0.000344861,0.000382759,0.000314042,270 C,0,-0.328294124
206,270,E2: B domain,2.386116006,10.87118821,12,S,5.689417338,3.431303607,2.649627312,D,0.099069727,1,0.024652643,-0.376774451,0.007199025,270 D,1,0.937756894
206,270,E2: B domain,2.386116006,10.87118821,12,S,5.689417338,3.431303607,2.649627312,E,7.71E-05,1,0.000344861,0.000382759,0.000314042,270 E,0,-0.196991722
206,270,E2: B domain,2.386116006,10.87118821,12,S,5.689417338,3.431303607,2.649627312,F,0.000166857,1,0.000344861,0.000382759,0.000314042,270 F,0,-0.040613893
206,270,E2: B domain,2.386116006,10.87118821,12,S,5.689417338,3.431303607,2.649627312,G,0.039653069,1,0.079492154,0.352721337,0.045363836,270 G,1,-0.516637544
206,270,E2: B domain,2.386116006,10.87118821,12,S,5.689417338,3.431303607,2.649627312,H,0.106694011,1,0.178384732,1.422705553,1.020350071,270 H,1,0.677937514
206,270,E2: B domain,2.386116006,10.87118821,12,S,5.689417338,3.431303607,2.649627312,I,0.000259191,1,-5.092813,-2.835088935,0.117352907,270 I,0,-1.391675375
206,270,E2: B domain,2.386116006,10.87118821,12,S,5.689417338,3.431303607,2.649627312,K,0.000358481,1,0.000344861,0.000382759,0.000314042,270 K,0,-0.416193683
206,270,E2: B domain,2.386116006,10.87118821,12,S,5.689417338,3.431303607,2.649627312,L,0.076409795,1,0.295730685,-0.033612028,0.118203052,270 L,1,-0.157398633
206,270,E2: B domain,2.386116006,10.87118821,12,S,5.689417338,3.431303607,2.649627312,M,0.043995712,1,-4.675020264,0.398252915,0.126135328,270 M,1,-0.844305881
206,270,E2: B domain,2.386116006,10.87118821,12,S,5.689417338,3.431303607,2.649627312,N,0.000292322,1,0.000344861,0.000382759,0.000314042,270 N,0,0.051298488
206,270,E2: B domain,2.386116006,10.87118821,12,S,5.689417338,3.431303607,2.649627312,P,0.027434022,1,0.571498953,0.317421544,0.38116051,270 P,1,-0.641652751
206,270,E2: B domain,2.386116006,10.87118821,12,S,5.689417338,3.431303607,2.649627312,Q,0.11273511,1,0.263862857,0.293845685,0.647056459,270 Q,1,-0.710930941
206,270,E2: B domain,2.386116006,10.87118821,12,S,5.689417338,3.431303607,2.649627312,R,0.060755495,1,-0.04536419,-0.095882664,0.045141041,270 R,1,0.726848902
206,270,E2: B domain,2.386116006,10.87118821,12,S,5.689417338,3.431303607,2.649627312,S,0.051478181,1,NA,NA,NA,270 S,1,0
206,270,E2: B domain,2.386116006,10.87118821,12,S,5.689417338,3.431303607,2.649627312,T,0.183824122,1,-0.432067863,0.380371664,0.025126225,270 T,1,-0.681735705
206,270,E2: B domain,2.386116006,10.87118821,12,S,5.689417338,3.431303607,2.649627312,V,0.011131804,1,-3.364715493,-0.109951608,-0.698671382,270 V,1,-0.540275861
206,270,E2: B domain,2.386116006,10.87118821,12,S,5.689417338,3.431303607,2.649627312,W,0.141330164,1,-0.126232437,-0.037607265,-0.092947762,270 W,1,-1.159659301
206,270,E2: B domain,2.386116006,10.87118821,12,S,5.689417338,3.431303607,2.649627312,Y,0.043783942,1,4.273726149,0.263688352,0.114654607,270 Y,0,0.53812662
207,271,E2: B domain,1.508804332,4.521321563,11,N,0.763986943,0.761926122,0.202453582,A,0.010517994,1,-0.54824542,0.533091761,-0.231119015,271 A,1,0.499522645
207,271,E2: B domain,1.508804332,4.521321563,11,N,0.763986943,0.761926122,0.202453582,C,2.44E-05,1,-0.000114204,-0.000186051,-0.000216718,271 C,0,0.085129286
207,271,E2: B domain,1.508804332,4.521321563,11,N,0.763986943,0.761926122,0.202453582,D,0.004475303,1,-1.562807977,0.101317231,0.061189567,271 D,1,0.96997549
207,271,E2: B domain,1.508804332,4.521321563,11,N,0.763986943,0.761926122,0.202453582,E,2.72E-05,1,-0.000114204,-0.000186051,-0.000216718,271 E,0,0.376280404
207,271,E2: B domain,1.508804332,4.521321563,11,N,0.763986943,0.761926122,0.202453582,F,0.05062834,1,-0.000114204,-0.000186051,-0.000216718,271 F,0,0.301530585
207,271,E2: B domain,1.508804332,4.521321563,11,N,0.763986943,0.761926122,0.202453582,G,0.002202622,1,-0.067542398,0.120580692,-0.177625422,271 G,1,0.538947621
207,271,E2: B domain,1.508804332,4.521321563,11,N,0.763986943,0.761926122,0.202453582,H,0.051194946,1,-0.000114204,-0.000186051,-0.000216718,271 H,0,1.458881816
207,271,E2: B domain,1.508804332,4.521321563,11,N,0.763986943,0.761926122,0.202453582,I,0.053498601,1,-0.000114204,-0.000186051,-0.000216718,271 I,0,0.567936206
207,271,E2: B domain,1.508804332,4.521321563,11,N,0.763986943,0.761926122,0.202453582,K,0.048735286,1,-0.000114204,-0.000186051,-0.000216718,271 K,0,4.872061458
207,271,E2: B domain,1.508804332,4.521321563,11,N,0.763986943,0.761926122,0.202453582,L,0.007219613,1,0.129458075,-0.158918165,-0.039756551,271 L,1,1.103331971
207,271,E2: B domain,1.508804332,4.521321563,11,N,0.763986943,0.761926122,0.202453582,M,0.048512337,1,-0.000114204,-0.000186051,-0.000216718,271 M,0,-0.162435384
207,271,E2: B domain,1.508804332,4.521321563,11,N,0.763986943,0.761926122,0.202453582,N,0.006196997,1,NA,NA,NA,271 N,1,0
207,271,E2: B domain,1.508804332,4.521321563,11,N,0.763986943,0.761926122,0.202453582,P,0.634197492,1,0.405220454,-3.181607372,-0.062979472,271 P,1,-0.20826576
207,271,E2: B domain,1.508804332,4.521321563,11,N,0.763986943,0.761926122,0.202453582,Q,1.34E-05,1,-0.000114204,-0.000186051,-0.000216718,271 Q,0,0.149339971
207,271,E2: B domain,1.508804332,4.521321563,11,N,0.763986943,0.761926122,0.202453582,R,0.008147985,1,0.087461117,-0.476416504,0.106261622,271 R,1,0.827965914
207,271,E2: B domain,1.508804332,4.521321563,11,N,0.763986943,0.761926122,0.202453582,S,0.007264053,1,-0.60767193,-0.169686873,-0.164107146,271 S,1,0.39291699
207,271,E2: B domain,1.508804332,4.521321563,11,N,0.763986943,0.761926122,0.202453582,T,0.012371445,1,0.141847296,0.006936439,0.035002393,271 T,1,0.473206685
207,271,E2: B domain,1.508804332,4.521321563,11,N,0.763986943,0.761926122,0.202453582,V,0.002486245,1,-0.31112166,-3.014266006,-5.353035259,271 V,1,0.664332842
207,271,E2: B domain,1.508804332,4.521321563,11,N,0.763986943,0.761926122,0.202453582,W,0.004033794,1,-0.148779205,-0.254356649,-0.489364456,271 W,1,0.734178871
207,271,E2: B domain,1.508804332,4.521321563,11,N,0.763986943,0.761926122,0.202453582,Y,0.048251984,1,-0.000114204,-0.000186051,-0.000216718,271 Y,0,-0.065125982
208,272,E2: B domain,2.598852988,13.44830381,14,E,1.197483185,1.244361077,0.942606362,A,0.150509116,1,0.293164373,0.14061131,0.111699282,272 A,1,0.19036925
208,272,E2: B domain,2.598852988,13.44830381,14,E,1.197483185,1.244361077,0.942606362,C,3.75E-05,1,5.20E-05,0.000183756,-6.07E-05,272 C,0,-0.385562631
208,272,E2: B domain,2.598852988,13.44830381,14,E,1.197483185,1.244361077,0.942606362,D,0.052584609,1,5.20E-05,0.000183756,-6.07E-05,272 D,0,0.051482747
208,272,E2: B domain,2.598852988,13.44830381,14,E,1.197483185,1.244361077,0.942606362,E,0.041812786,1,NA,NA,NA,272 E,1,0
208,272,E2: B domain,2.598852988,13.44830381,14,E,1.197483185,1.244361077,0.942606362,F,0.080758538,1,-0.05073067,-0.155182434,-0.110222627,272 F,1,0.490279333
208,272,E2: B domain,2.598852988,13.44830381,14,E,1.197483185,1.244361077,0.942606362,G,0.047840387,1,-0.261003174,-0.02786532,-0.040275033,272 G,1,-0.494313456
208,272,E2: B domain,2.598852988,13.44830381,14,E,1.197483185,1.244361077,0.942606362,H,0.015976678,1,-0.662522252,-0.352733485,0.05607435,272 H,1,0.488616532
208,272,E2: B domain,2.598852988,13.44830381,14,E,1.197483185,1.244361077,0.942606362,I,0.108848778,1,0.065896791,0.478033911,0.146556039,272 I,1,0.822192493
208,272,E2: B domain,2.598852988,13.44830381,14,E,1.197483185,1.244361077,0.942606362,K,0.000158738,1,5.20E-05,0.000183756,-6.07E-05,272 K,0,-3.051012684
208,272,E2: B domain,2.598852988,13.44830381,14,E,1.197483185,1.244361077,0.942606362,L,0.026341544,1,0.082962393,-0.207584064,0.070779304,272 L,1,-0.036139362
208,272,E2: B domain,2.598852988,13.44830381,14,E,1.197483185,1.244361077,0.942606362,M,0.000230299,1,5.20E-05,0.000183756,-6.07E-05,272 M,0,0.389551759
208,272,E2: B domain,2.598852988,13.44830381,14,E,1.197483185,1.244361077,0.942606362,N,0.100789216,1,-0.233542163,-0.49051884,-0.208537294,272 N,1,0.211413595
208,272,E2: B domain,2.598852988,13.44830381,14,E,1.197483185,1.244361077,0.942606362,P,0.03756153,1,5.20E-05,0.000183756,-6.07E-05,272 P,0,-0.212385432
208,272,E2: B domain,2.598852988,13.44830381,14,E,1.197483185,1.244361077,0.942606362,Q,0.095438585,1,-0.464156844,0.324235848,-0.284029401,272 Q,1,-0.505025001
208,272,E2: B domain,2.598852988,13.44830381,14,E,1.197483185,1.244361077,0.942606362,R,0.083072471,1,0.019608933,-0.156847747,-0.113081876,272 R,1,-0.236625372
208,272,E2: B domain,2.598852988,13.44830381,14,E,1.197483185,1.244361077,0.942606362,S,0.026143021,1,-0.218895759,-0.444895076,0.00359437,272 S,1,-0.378446507
208,272,E2: B domain,2.598852988,13.44830381,14,E,1.197483185,1.244361077,0.942606362,T,0.053818904,1,-0.441610634,0.071866829,-0.059924591,272 T,1,0.06840346
208,272,E2: B domain,2.598852988,13.44830381,14,E,1.197483185,1.244361077,0.942606362,V,0.01186427,1,-0.877658252,-0.172958669,-0.687013351,272 V,1,-0.549369224
208,272,E2: B domain,2.598852988,13.44830381,14,E,1.197483185,1.244361077,0.942606362,W,0.066187201,1,0.735538986,0.228510642,0.553903017,272 W,1,-0.690862063
208,272,E2: B domain,2.598852988,13.44830381,14,E,1.197483185,1.244361077,0.942606362,Y,2.58E-05,1,5.20E-05,0.000183756,-6.07E-05,272 Y,0,-1.913466502
209,273,E2: B domain,2.051161324,7.776927393,11,G,1.795249334,2.253550592,5.725137663,A,0.000475165,1,0.000161474,-0.000307692,0.000136538,273 A,0,0.23607235
209,273,E2: B domain,2.051161324,7.776927393,11,G,1.795249334,2.253550592,5.725137663,C,3.61E-05,1,-0.00485356,-4.020072891,-4.040405426,273 C,0,0.031346535
209,273,E2: B domain,2.051161324,7.776927393,11,G,1.795249334,2.253550592,5.725137663,D,0.000130344,1,0.000161474,-0.000307692,0.000136538,273 D,0,-0.493499896
209,273,E2: B domain,2.051161324,7.776927393,11,G,1.795249334,2.253550592,5.725137663,E,0.120892677,1,-0.497224751,-0.312418055,0.169310387,273 E,1,0.60580798
209,273,E2: B domain,2.051161324,7.776927393,11,G,1.795249334,2.253550592,5.725137663,F,0.254227481,1,0.107881455,-0.062480361,0.270486881,273 F,1,1.295668686
209,273,E2: B domain,2.051161324,7.776927393,11,G,1.795249334,2.253550592,5.725137663,G,0.063893498,1,NA,NA,NA,273 G,1,0
209,273,E2: B domain,2.051161324,7.776927393,11,G,1.795249334,2.253550592,5.725137663,H,0.232604531,1,-0.150838224,-0.035658111,-0.446266414,273 H,1,-0.915515594
209,273,E2: B domain,2.051161324,7.776927393,11,G,1.795249334,2.253550592,5.725137663,I,0.000115037,1,0.000161474,-0.000307692,0.000136538,273 I,0,0.220031444
209,273,E2: B domain,2.051161324,7.776927393,11,G,1.795249334,2.253550592,5.725137663,K,0.000354664,1,0.047409904,-2.183459185,0.459263007,273 K,0,-0.139655822
209,273,E2: B domain,2.051161324,7.776927393,11,G,1.795249334,2.253550592,5.725137663,L,0.033678452,1,-0.086557123,-0.600623043,-0.26610273,273 L,1,0.834780558
209,273,E2: B domain,2.051161324,7.776927393,11,G,1.795249334,2.253550592,5.725137663,M,0.000122069,1,0.000161474,-0.000307692,0.000136538,273 M,0,1.567563398
209,273,E2: B domain,2.051161324,7.776927393,11,G,1.795249334,2.253550592,5.725137663,N,0.080262837,1,-0.308398201,0.289818598,-0.334222883,273 N,1,0.248257336
209,273,E2: B domain,2.051161324,7.776927393,11,G,1.795249334,2.253550592,5.725137663,P,0.017365981,1,0.67700118,-2.911661326,0.340051522,273 P,1,-1.252522055
209,273,E2: B domain,2.051161324,7.776927393,11,G,1.795249334,2.253550592,5.725137663,Q,8.70E-05,1,0.000161474,-0.000307692,0.000136538,273 Q,0,-0.14793459
209,273,E2: B domain,2.051161324,7.776927393,11,G,1.795249334,2.253550592,5.725137663,R,0.001561283,1,-2.275296194,1.651320669,4.010103343,273 R,1,1.106882931
209,273,E2: B domain,2.051161324,7.776927393,11,G,1.795249334,2.253550592,5.725137663,S,0.068593894,1,0.445200017,0.312411325,0.22292787,273 S,1,0.319956635
209,273,E2: B domain,2.051161324,7.776927393,11,G,1.795249334,2.253550592,5.725137663,T,0.086310727,1,0.204051349,-0.394186973,0.252038885,273 T,1,-0.279061942
209,273,E2: B domain,2.051161324,7.776927393,11,G,1.795249334,2.253550592,5.725137663,V,3.28E-05,1,0.000161474,-0.000307692,0.000136538,273 V,0,-1.404353563
209,273,E2: B domain,2.051161324,7.776927393,11,G,1.795249334,2.253550592,5.725137663,W,0.038942402,1,0.31257511,-0.674900787,-0.015259395,273 W,1,0.108295444
209,273,E2: B domain,2.051161324,7.776927393,11,G,1.795249334,2.253550592,5.725137663,Y,0.000313146,1,0.000161474,-0.000307692,0.000136538,273 Y,0,0.50182679
210,274,E2: B domain,2.616626988,13.68947088,18,L,2.174374698,4.046150906,2.153051999,A,0.027239458,1,-0.282434486,-0.195792758,0.196661412,274 A,1,-0.840632954
210,274,E2: B domain,2.616626988,13.68947088,18,L,2.174374698,4.046150906,2.153051999,C,0.025789357,1,0.987544095,0.383834642,1.008269845,274 C,1,-1.171367175
210,274,E2: B domain,2.616626988,13.68947088,18,L,2.174374698,4.046150906,2.153051999,D,0.006471256,1,-5.12491376,-0.372445013,-2.825814341,274 D,1,1.949571152
210,274,E2: B domain,2.616626988,13.68947088,18,L,2.174374698,4.046150906,2.153051999,E,0.075846685,1,-0.012886671,0.187609824,0.359466064,274 E,1,-0.411952121
210,274,E2: B domain,2.616626988,13.68947088,18,L,2.174374698,4.046150906,2.153051999,F,0.058044189,1,-0.107333507,0.648357396,0.07606078,274 F,1,-0.83054423
210,274,E2: B domain,2.616626988,13.68947088,18,L,2.174374698,4.046150906,2.153051999,G,0.051357682,1,0.358017552,0.593969929,-0.013544009,274 G,1,0.442557
210,274,E2: B domain,2.616626988,13.68947088,18,L,2.174374698,4.046150906,2.153051999,H,0.00017362,1,-2.308562959,0.58235412,-0.090912239,274 H,0,-0.043213732
210,274,E2: B domain,2.616626988,13.68947088,18,L,2.174374698,4.046150906,2.153051999,I,1.75E-05,1,0.000247471,0.001530022,-9.19E-05,274 I,0,-0.135993218
210,274,E2: B domain,2.616626988,13.68947088,18,L,2.174374698,4.046150906,2.153051999,K,0.205228731,1,0.039827028,0.150620702,-0.06919867,274 K,1,0.331004342
210,274,E2: B domain,2.616626988,13.68947088,18,L,2.174374698,4.046150906,2.153051999,L,0.063924008,1,NA,NA,NA,274 L,1,0
210,274,E2: B domain,2.616626988,13.68947088,18,L,2.174374698,4.046150906,2.153051999,M,0.106910391,1,-0.02133939,0.23452182,0.112127404,274 M,1,-0.147396598
210,274,E2: B domain,2.616626988,13.68947088,18,L,2.174374698,4.046150906,2.153051999,N,0.02967704,1,0.299334829,0.075036126,0.015880313,274 N,1,0.38170788
210,274,E2: B domain,2.616626988,13.68947088,18,L,2.174374698,4.046150906,2.153051999,P,0.065643854,1,-2.264710266,0.164501191,-5.269674164,274 P,1,2.839221018
210,274,E2: B domain,2.616626988,13.68947088,18,L,2.174374698,4.046150906,2.153051999,Q,0.021158054,1,0.109920655,0.236191787,0.169724183,274 Q,1,2.109784825
210,274,E2: B domain,2.616626988,13.68947088,18,L,2.174374698,4.046150906,2.153051999,R,0.011812589,1,-0.225508317,-0.323166799,-0.717241437,274 R,1,-0.698390674
210,274,E2: B domain,2.616626988,13.68947088,18,L,2.174374698,4.046150906,2.153051999,S,0.0505609,1,0.016785047,0.301320047,-0.200696595,274 S,1,0.127509142
210,274,E2: B domain,2.616626988,13.68947088,18,L,2.174374698,4.046150906,2.153051999,T,0.063301176,1,0.043452852,-0.198288625,0.214861998,274 T,1,0.01672342
210,274,E2: B domain,2.616626988,13.68947088,18,L,2.174374698,4.046150906,2.153051999,V,0.049516655,1,0.039991652,0.026296356,-0.350498593,274 V,1,0.072201729
210,274,E2: B domain,2.616626988,13.68947088,18,L,2.174374698,4.046150906,2.153051999,W,0.010547695,1,0.279253516,-0.103770695,-0.207176109,274 W,1,0.094419888
210,274,E2: B domain,2.616626988,13.68947088,18,L,2.174374698,4.046150906,2.153051999,Y,0.076779121,1,-0.055298214,0.460006946,-0.035396485,274 Y,1,0.50630537
211,275,E2: B domain,2.120524627,8.335509373,5,T,0.187057588,0.95884965,1.304199086,A,0.017415051,1,-0.839287613,0.915701411,1.045370249,275 A,1,0.409279517
211,275,E2: B domain,2.120524627,8.335509373,5,T,0.187057588,0.95884965,1.304199086,C,0.04791069,1,5.20E-06,-0.0001369,2.32E-05,275 C,0,0.508005193
211,275,E2: B domain,2.120524627,8.335509373,5,T,0.187057588,0.95884965,1.304199086,D,0.04842992,1,5.20E-06,-0.0001369,2.32E-05,275 D,0,0.464472158
211,275,E2: B domain,2.120524627,8.335509373,5,T,0.187057588,0.95884965,1.304199086,E,0.048065328,1,5.20E-06,-0.0001369,2.32E-05,275 E,0,0.417371918
211,275,E2: B domain,2.120524627,8.335509373,5,T,0.187057588,0.95884965,1.304199086,F,0.000401595,1,5.20E-06,-0.0001369,2.32E-05,275 F,0,-0.143097987
211,275,E2: B domain,2.120524627,8.335509373,5,T,0.187057588,0.95884965,1.304199086,G,0.001279144,1,5.20E-06,-0.0001369,2.32E-05,275 G,0,0.928983567
211,275,E2: B domain,2.120524627,8.335509373,5,T,0.187057588,0.95884965,1.304199086,H,0.001247821,1,5.20E-06,-0.0001369,2.32E-05,275 H,0,-0.401804578
211,275,E2: B domain,2.120524627,8.335509373,5,T,0.187057588,0.95884965,1.304199086,I,0.050127887,1,5.20E-06,-0.0001369,2.32E-05,275 I,1,-0.259975013
211,275,E2: B domain,2.120524627,8.335509373,5,T,0.187057588,0.95884965,1.304199086,K,0.000444304,1,5.20E-06,-0.0001369,2.32E-05,275 K,0,-0.309616848
211,275,E2: B domain,2.120524627,8.335509373,5,T,0.187057588,0.95884965,1.304199086,L,0.161790734,1,0.18697953,-0.290936224,0.258481194,275 L,1,-0.357869045
211,275,E2: B domain,2.120524627,8.335509373,5,T,0.187057588,0.95884965,1.304199086,M,0.051684879,1,5.20E-06,-0.0001369,2.32E-05,275 M,0,0.189174094
211,275,E2: B domain,2.120524627,8.335509373,5,T,0.187057588,0.95884965,1.304199086,N,0.000360518,1,5.20E-06,-0.0001369,2.32E-05,275 N,0,-0.103048789
211,275,E2: B domain,2.120524627,8.335509373,5,T,0.187057588,0.95884965,1.304199086,P,0.001007198,1,5.20E-06,-0.0001369,2.32E-05,275 P,0,-2.091420184
211,275,E2: B domain,2.120524627,8.335509373,5,T,0.187057588,0.95884965,1.304199086,Q,0.052211652,1,-2.212231397,0.043148238,-0.038186404,275 Q,0,0.511065094
211,275,E2: B domain,2.120524627,8.335509373,5,T,0.187057588,0.95884965,1.304199086,R,0.283863355,1,-0.296507096,-0.68931648,-0.60169242,275 R,1,1.948369051
211,275,E2: B domain,2.120524627,8.335509373,5,T,0.187057588,0.95884965,1.304199086,S,0.000317395,1,5.20E-06,-0.0001369,2.32E-05,275 S,0,-1.181838212
211,275,E2: B domain,2.120524627,8.335509373,5,T,0.187057588,0.95884965,1.304199086,T,0.187679,1,NA,NA,NA,275 T,1,0
211,275,E2: B domain,2.120524627,8.335509373,5,T,0.187057588,0.95884965,1.304199086,V,0.001544459,1,5.20E-06,-0.0001369,2.32E-05,275 V,0,-0.091748219
211,275,E2: B domain,2.120524627,8.335509373,5,T,0.187057588,0.95884965,1.304199086,W,0.000990144,1,5.20E-06,-0.0001369,2.32E-05,275 W,0,-0.179806969
211,275,E2: B domain,2.120524627,8.335509373,5,T,0.187057588,0.95884965,1.304199086,Y,0.043228929,1,5.20E-06,-0.0001369,2.32E-05,275 Y,0,0.060318549
212,276,E2: B domain,2.314367433,10.11852026,7,T,0.535444182,0.122341165,0.25287667,A,0.008796668,1,-0.415554764,-0.850312818,-0.664722043,276 A,1,1.033287734
212,276,E2: B domain,2.314367433,10.11852026,7,T,0.535444182,0.122341165,0.25287667,C,0.000102244,1,-0.000404703,-0.000756442,-0.000369561,276 C,0,0.508539577
212,276,E2: B domain,2.314367433,10.11852026,7,T,0.535444182,0.122341165,0.25287667,D,0.000246827,1,-0.000404703,-0.000756442,-0.000369561,276 D,0,0.066898316
212,276,E2: B domain,2.314367433,10.11852026,7,T,0.535444182,0.122341165,0.25287667,E,0.052614837,1,-0.000404703,-0.000756442,-0.000369561,276 E,0,-0.433647363
212,276,E2: B domain,2.314367433,10.11852026,7,T,0.535444182,0.122341165,0.25287667,F,0.144357583,1,0.535444182,0.122341165,0.25287667,276 F,1,0.377221879
212,276,E2: B domain,2.314367433,10.11852026,7,T,0.535444182,0.122341165,0.25287667,G,0.099921688,1,-0.247412126,-0.705758792,-0.280574403,276 G,1,0.742423323
212,276,E2: B domain,2.314367433,10.11852026,7,T,0.535444182,0.122341165,0.25287667,H,9.44E-05,1,-0.000404703,-0.000756442,-0.000369561,276 H,0,0.52323219
212,276,E2: B domain,2.314367433,10.11852026,7,T,0.535444182,0.122341165,0.25287667,I,0.000106827,1,-0.000404703,-0.000756442,-0.000369561,276 I,0,1.653233382
212,276,E2: B domain,2.314367433,10.11852026,7,T,0.535444182,0.122341165,0.25287667,K,0.050801798,1,-0.000404703,-0.000756442,-0.000369561,276 K,0,0.321345591
212,276,E2: B domain,2.314367433,10.11852026,7,T,0.535444182,0.122341165,0.25287667,L,0.027795471,1,-0.056998622,-4.145971113,-0.21516779,276 L,1,0.225907346
212,276,E2: B domain,2.314367433,10.11852026,7,T,0.535444182,0.122341165,0.25287667,M,0.00061201,1,-0.000404703,-0.000756442,-0.000369561,276 M,0,0.785584558
212,276,E2: B domain,2.314367433,10.11852026,7,T,0.535444182,0.122341165,0.25287667,N,0.049096171,1,-0.000404703,-0.000756442,-0.000369561,276 N,0,-2.067042448
212,276,E2: B domain,2.314367433,10.11852026,7,T,0.535444182,0.122341165,0.25287667,P,0.04814868,1,-0.000404703,-0.000756442,-0.000369561,276 P,0,3.56565613
212,276,E2: B domain,2.314367433,10.11852026,7,T,0.535444182,0.122341165,0.25287667,Q,0.12502781,1,-0.19813921,-0.811208567,-0.027692784,276 Q,1,0.512758277
212,276,E2: B domain,2.314367433,10.11852026,7,T,0.535444182,0.122341165,0.25287667,R,0.24036873,1,-0.871079945,-0.831042851,-0.705349252,276 R,1,-0.096345014
212,276,E2: B domain,2.314367433,10.11852026,7,T,0.535444182,0.122341165,0.25287667,S,0.047488749,1,-0.000404703,-0.000756442,-0.000369561,276 S,0,-0.854544323
212,276,E2: B domain,2.314367433,10.11852026,7,T,0.535444182,0.122341165,0.25287667,T,0.063296055,1,NA,NA,NA,276 T,1,0
212,276,E2: B domain,2.314367433,10.11852026,7,T,0.535444182,0.122341165,0.25287667,V,3.82E-05,1,-0.000404703,-0.000756442,-0.000369561,276 V,0,-0.013964822
212,276,E2: B domain,2.314367433,10.11852026,7,T,0.535444182,0.122341165,0.25287667,W,0.041047621,1,-0.000404703,-0.000756442,-0.000369561,276 W,0,-0.286124098
212,276,E2: B domain,2.314367433,10.11852026,7,T,0.535444182,0.122341165,0.25287667,Y,3.76E-05,1,-0.000404703,-0.000756442,-0.000369561,276 Y,0,-0.704312467
213,277,E2: B domain,2.444882915,11.52919963,15,T,1.448358063,1.259181714,2.852178148,A,0.013792068,1,-0.182407626,-0.099189671,0.165637586,277 A,1,0.08084119
213,277,E2: B domain,2.444882915,11.52919963,15,T,1.448358063,1.259181714,2.852178148,C,3.64E-05,1,-0.000231818,-7.61E-05,-0.000403083,277 C,0,0.050511423
213,277,E2: B domain,2.444882915,11.52919963,15,T,1.448358063,1.259181714,2.852178148,D,0.071538545,1,-0.30065595,0.652302216,-0.178771331,277 D,1,-0.082966634
213,277,E2: B domain,2.444882915,11.52919963,15,T,1.448358063,1.259181714,2.852178148,E,0.209772049,1,0.100241371,-0.027660437,-0.038488891,277 E,1,0.564745587
213,277,E2: B domain,2.444882915,11.52919963,15,T,1.448358063,1.259181714,2.852178148,F,0.035159123,1,0.44825685,-0.499981985,-0.100608904,277 F,1,0.933439337
213,277,E2: B domain,2.444882915,11.52919963,15,T,1.448358063,1.259181714,2.852178148,G,0.025774925,1,-0.741829095,-1.028559474,-0.243017079,277 G,1,-1.584528253
213,277,E2: B domain,2.444882915,11.52919963,15,T,1.448358063,1.259181714,2.852178148,H,0.052643264,1,0.398167286,-0.364952476,0.047308275,277 H,1,0.203900018
213,277,E2: B domain,2.444882915,11.52919963,15,T,1.448358063,1.259181714,2.852178148,I,0.05463527,1,0.164867348,0.410807714,-0.061113546,277 I,1,0.638239871
213,277,E2: B domain,2.444882915,11.52919963,15,T,1.448358063,1.259181714,2.852178148,K,0.022400649,1,-0.735967248,-0.188777377,-2.929591758,277 K,1,-2.523884482
213,277,E2: B domain,2.444882915,11.52919963,15,T,1.448358063,1.259181714,2.852178148,L,5.27E-05,1,-0.000231818,-7.61E-05,2.389044201,277 L,1,0.133438524
213,277,E2: B domain,2.444882915,11.52919963,15,T,1.448358063,1.259181714,2.852178148,M,0.074244159,1,0.05039404,-0.155285169,-0.027688567,277 M,1,0.579704035
213,277,E2: B domain,2.444882915,11.52919963,15,T,1.448358063,1.259181714,2.852178148,N,3.54E-05,1,-0.000231818,-7.61E-05,-0.000403083,277 N,0,-0.50761413
213,277,E2: B domain,2.444882915,11.52919963,15,T,1.448358063,1.259181714,2.852178148,P,2.07E-05,1,-0.000231818,-7.61E-05,-0.000403083,277 P,0,-0.082093843
213,277,E2: B domain,2.444882915,11.52919963,15,T,1.448358063,1.259181714,2.852178148,Q,0.037487414,1,0.100692559,-0.647944973,-0.349444273,277 Q,1,-0.862788909
213,277,E2: B domain,2.444882915,11.52919963,15,T,1.448358063,1.259181714,2.852178148,R,0.073722407,1,-1.312233127,-0.535743245,-1.564367265,277 R,1,-0.476134847
213,277,E2: B domain,2.444882915,11.52919963,15,T,1.448358063,1.259181714,2.852178148,S,0.000276187,1,-0.408715803,-3.255210682,-3.288115878,277 S,0,0.887336666
213,277,E2: B domain,2.444882915,11.52919963,15,T,1.448358063,1.259181714,2.852178148,T,0.054411516,1,NA,NA,NA,277 T,1,0
213,277,E2: B domain,2.444882915,11.52919963,15,T,1.448358063,1.259181714,2.852178148,V,0.182591343,1,0.185738609,0.196071784,0.250188087,277 V,1,-0.044856268
213,277,E2: B domain,2.444882915,11.52919963,15,T,1.448358063,1.259181714,2.852178148,W,0.031515385,1,-4.655769246,-2.378592486,-0.091181846,277 W,1,-0.397281078
213,277,E2: B domain,2.444882915,11.52919963,15,T,1.448358063,1.259181714,2.852178148,Y,0.059890571,1,-0.000231818,-7.61E-05,-0.000403083,277 Y,0,-0.79005921
214,278,E2: B domain,2.16484867,8.713283237,11,D,7.250421449,0,0.129858584,A,0.192154749,1,-0.589032439,-1.040193422,-0.362276243,278 A,1,-0.104913586
214,278,E2: B domain,2.16484867,8.713283237,11,D,7.250421449,0,0.129858584,C,0.000112392,1,-0.000693103,-0.001084124,-0.000559129,278 C,0,0.346831545
214,278,E2: B domain,2.16484867,8.713283237,11,D,7.250421449,0,0.129858584,D,0.089456406,1,NA,NA,NA,278 D,1,0
214,278,E2: B domain,2.16484867,8.713283237,11,D,7.250421449,0,0.129858584,E,0.03424543,1,-0.000693103,-0.001084124,-0.000559129,278 E,0,-0.000503331
214,278,E2: B domain,2.16484867,8.713283237,11,D,7.250421449,0,0.129858584,F,0.098104531,1,0.005832844,-1.001153231,-0.040012305,278 F,1,-0.171352506
214,278,E2: B domain,2.16484867,8.713283237,11,D,7.250421449,0,0.129858584,G,0.008233795,1,-1.832657046,-0.019195421,0.129858584,278 G,1,0.328326113
214,278,E2: B domain,2.16484867,8.713283237,11,D,7.250421449,0,0.129858584,H,0.033106581,1,-4.464995825,-4.460457863,-2.251679994,278 H,1,-0.412812219
214,278,E2: B domain,2.16484867,8.713283237,11,D,7.250421449,0,0.129858584,I,6.65E-05,1,-0.000693103,-0.001084124,-0.000559129,278 I,0,0.017773643
214,278,E2: B domain,2.16484867,8.713283237,11,D,7.250421449,0,0.129858584,K,8.25E-05,1,-0.000693103,-0.001084124,-0.000559129,278 K,0,-0.168704066
214,278,E2: B domain,2.16484867,8.713283237,11,D,7.250421449,0,0.129858584,L,0.077307892,1,-0.410949286,-0.468601999,-0.256868952,278 L,1,-1.37737975
214,278,E2: B domain,2.16484867,8.713283237,11,D,7.250421449,0,0.129858584,M,0.051423509,1,-0.023504067,-5.528319701,-0.551817849,278 M,1,-0.110974246
214,278,E2: B domain,2.16484867,8.713283237,11,D,7.250421449,0,0.129858584,N,0.000112777,1,4.477958118,-0.001084124,-0.000559129,278 N,0,-1.310010578
214,278,E2: B domain,2.16484867,8.713283237,11,D,7.250421449,0,0.129858584,P,0.122702648,1,-0.146002068,-0.16923628,-0.219057994,278 P,1,-1.115230313
214,278,E2: B domain,2.16484867,8.713283237,11,D,7.250421449,0,0.129858584,Q,0.227036554,1,-0.785280661,-0.549926348,-0.501183253,278 Q,1,-0.139315887
214,278,E2: B domain,2.16484867,8.713283237,11,D,7.250421449,0,0.129858584,R,0.000129374,1,-0.000693103,-0.001084124,-0.000559129,278 R,0,0.769094824
214,278,E2: B domain,2.16484867,8.713283237,11,D,7.250421449,0,0.129858584,S,0.000449246,1,2.766630486,-0.001084124,-0.000559129,278 S,1,-0.831920071
214,278,E2: B domain,2.16484867,8.713283237,11,D,7.250421449,0,0.129858584,T,0.000770495,1,-0.000693103,-0.001084124,-0.000559129,278 T,0,-0.504216514
214,278,E2: B domain,2.16484867,8.713283237,11,D,7.250421449,0,0.129858584,V,0.064314877,1,-0.389968429,-0.448090973,-0.314066419,278 V,1,-0.863799421
214,278,E2: B domain,2.16484867,8.713283237,11,D,7.250421449,0,0.129858584,W,0.000186898,1,-0.000693103,-0.001084124,-0.000559129,278 W,0,-0.357230709
214,278,E2: B domain,2.16484867,8.713283237,11,D,7.250421449,0,0.129858584,Y,2.86E-06,1,-0.000693103,-0.001084124,-0.000559129,278 Y,0,1.609545506
215,279,E2: B domain,2.338440247,10.36505702,10,K,3.713225526,3.544915449,1.246271535,A,0.0269425,1,-0.642277849,-0.354495778,-0.469889707,279 A,1,2.652506292
215,279,E2: B domain,2.338440247,10.36505702,10,K,3.713225526,3.544915449,1.246271535,C,0.000644081,1,6.95E-05,4.32E-05,0.000119845,279 C,0,-0.459921607
215,279,E2: B domain,2.338440247,10.36505702,10,K,3.713225526,3.544915449,1.246271535,D,0.052528152,1,6.95E-05,4.32E-05,0.000119845,279 D,0,-1.021152214
215,279,E2: B domain,2.338440247,10.36505702,10,K,3.713225526,3.544915449,1.246271535,E,0.049379563,1,0.321366012,0.027008627,0.466587981,279 E,1,0.660880763
215,279,E2: B domain,2.338440247,10.36505702,10,K,3.713225526,3.544915449,1.246271535,F,4.84E-05,1,3.006800632,4.32E-05,0.000119845,279 F,0,-0.684229791
215,279,E2: B domain,2.338440247,10.36505702,10,K,3.713225526,3.544915449,1.246271535,G,0.000163333,1,6.95E-05,4.32E-05,0.000119845,279 G,0,1.228941741
215,279,E2: B domain,2.338440247,10.36505702,10,K,3.713225526,3.544915449,1.246271535,H,0.103994308,1,-0.091699395,-2.74284257,0.153217913,279 H,1,-2.47231905
215,279,E2: B domain,2.338440247,10.36505702,10,K,3.713225526,3.544915449,1.246271535,I,0.053124898,1,6.95E-05,4.32E-05,0.000119845,279 I,0,-3.142983972
215,279,E2: B domain,2.338440247,10.36505702,10,K,3.713225526,3.544915449,1.246271535,K,0.093711222,1,NA,NA,NA,279 K,1,0
215,279,E2: B domain,2.338440247,10.36505702,10,K,3.713225526,3.544915449,1.246271535,L,0.050881211,1,-0.155531964,0.44018302,-0.092724689,279 L,1,0.068914303
215,279,E2: B domain,2.338440247,10.36505702,10,K,3.713225526,3.544915449,1.246271535,M,0.000233912,1,6.95E-05,4.32E-05,0.000119845,279 M,0,0.290424779
215,279,E2: B domain,2.338440247,10.36505702,10,K,3.713225526,3.544915449,1.246271535,N,0.051363984,1,6.95E-05,4.32E-05,0.000119845,279 N,0,-1.883181775
215,279,E2: B domain,2.338440247,10.36505702,10,K,3.713225526,3.544915449,1.246271535,P,5.63E-05,1,6.95E-05,4.32E-05,0.000119845,279 P,0,-1.573593358
215,279,E2: B domain,2.338440247,10.36505702,10,K,3.713225526,3.544915449,1.246271535,Q,0.016320748,1,0.149574153,2.772075746,0.317210083,279 Q,1,-0.878194619
215,279,E2: B domain,2.338440247,10.36505702,10,K,3.713225526,3.544915449,1.246271535,R,0.092996232,1,-0.068049673,0.169285378,0.008743051,279 R,1,1.690202823
215,279,E2: B domain,2.338440247,10.36505702,10,K,3.713225526,3.544915449,1.246271535,S,0.263545327,1,0.234789708,0.135887188,0.184816829,279 S,1,0.26240225
215,279,E2: B domain,2.338440247,10.36505702,10,K,3.713225526,3.544915449,1.246271535,T,0.098388399,1,-0.173168103,-0.212590185,0.114377386,279 T,1,0.570720702
215,279,E2: B domain,2.338440247,10.36505702,10,K,3.713225526,3.544915449,1.246271535,V,0.000409489,1,6.95E-05,4.32E-05,0.000119845,279 V,1,-0.682132053
215,279,E2: B domain,2.338440247,10.36505702,10,K,3.713225526,3.544915449,1.246271535,W,0.045207385,1,6.95E-05,4.32E-05,0.000119845,279 W,0,-0.088759757
215,279,E2: B domain,2.338440247,10.36505702,10,K,3.713225526,3.544915449,1.246271535,Y,6.05E-05,1,6.95E-05,4.32E-05,0.000119845,279 Y,0,0.534172396
216,280,E2: B domain,1.816542804,6.150557966,8,V,5.735616462,1.249155253,5.514688812,A,0.050529939,1,-0.213261929,-0.819177199,-0.206832019,280 A,1,-1.216819198
216,280,E2: B domain,1.816542804,6.150557966,8,V,5.735616462,1.249155253,5.514688812,C,9.84E-05,1,0.000571071,4.65E-05,0.000380952,280 C,0,0.114176051
216,280,E2: B domain,1.816542804,6.150557966,8,V,5.735616462,1.249155253,5.514688812,D,6.28E-05,1,0.000571071,4.65E-05,0.000380952,280 D,0,0.24689778
216,280,E2: B domain,1.816542804,6.150557966,8,V,5.735616462,1.249155253,5.514688812,E,0.051579467,1,0.000571071,4.65E-05,0.000380952,280 E,0,1.400069257
216,280,E2: B domain,1.816542804,6.150557966,8,V,5.735616462,1.249155253,5.514688812,F,2.32E-05,1,0.000571071,4.65E-05,0.000380952,280 F,0,-0.088972892
216,280,E2: B domain,1.816542804,6.150557966,8,V,5.735616462,1.249155253,5.514688812,G,0.000126328,1,0.000571071,4.65E-05,0.000380952,280 G,0,1.126469523
216,280,E2: B domain,1.816542804,6.150557966,8,V,5.735616462,1.249155253,5.514688812,H,0.000111305,1,0.000571071,4.65E-05,0.000380952,280 H,0,1.06472724
216,280,E2: B domain,1.816542804,6.150557966,8,V,5.735616462,1.249155253,5.514688812,I,0.325301182,1,0.215886849,0.095183154,0.152247989,280 I,1,0.488432714
216,280,E2: B domain,1.816542804,6.150557966,8,V,5.735616462,1.249155253,5.514688812,K,0.000395153,1,0.000571071,4.65E-05,0.000380952,280 K,0,-3.060155666
216,280,E2: B domain,1.816542804,6.150557966,8,V,5.735616462,1.249155253,5.514688812,L,0.000144353,1,0.409062798,-2.741213262,0.321534176,280 L,0,-0.36409127
216,280,E2: B domain,1.816542804,6.150557966,8,V,5.735616462,1.249155253,5.514688812,M,0.307778171,1,4.116421671,4.65E-05,4.173788092,280 M,1,-1.169341931
216,280,E2: B domain,1.816542804,6.150557966,8,V,5.735616462,1.249155253,5.514688812,N,0.0362458,1,0.390520844,0.563890112,0.642402943,280 N,1,-0.522768385
216,280,E2: B domain,1.816542804,6.150557966,8,V,5.735616462,1.249155253,5.514688812,P,0.004025701,1,0.342511358,0.051054423,0.152240717,280 P,1,-0.714309707
216,280,E2: B domain,1.816542804,6.150557966,8,V,5.735616462,1.249155253,5.514688812,Q,0.042530041,1,0.000571071,4.65E-05,0.000380952,280 Q,0,-0.819967352
216,280,E2: B domain,1.816542804,6.150557966,8,V,5.735616462,1.249155253,5.514688812,R,3.52E-05,1,0.000571071,4.65E-05,0.000380952,280 R,0,-0.845061593
216,280,E2: B domain,1.816542804,6.150557966,8,V,5.735616462,1.249155253,5.514688812,S,0.05466866,1,0.254931156,-0.45028012,0.068284424,280 S,1,-0.215791819
216,280,E2: B domain,1.816542804,6.150557966,8,V,5.735616462,1.249155253,5.514688812,T,0.036391755,1,-0.118438209,0.538470145,-0.608647387,280 T,1,0.845970096
216,280,E2: B domain,1.816542804,6.150557966,8,V,5.735616462,1.249155253,5.514688812,V,0.089472829,1,NA,NA,NA,280 V,1,0
216,280,E2: B domain,1.816542804,6.150557966,8,V,5.735616462,1.249155253,5.514688812,W,0.000322112,1,0.000571071,4.65E-05,0.000380952,280 W,0,0.447172951
216,280,E2: B domain,1.816542804,6.150557966,8,V,5.735616462,1.249155253,5.514688812,Y,0.00015761,1,0.000571071,4.65E-05,0.000380952,280 Y,0,0.327627769
217,281,E2: B domain,1.745170154,5.726875845,4,I,3.687129477,3.618771725,8.221166501,A,0.003852482,1,0.000145006,-0.000108327,-6.77E-05,281 A,0,-0.070032108
217,281,E2: B domain,1.745170154,5.726875845,4,I,3.687129477,3.618771725,8.221166501,C,0.000901716,1,0.000145006,-0.000108327,-6.77E-05,281 C,0,-0.676825923
217,281,E2: B domain,1.745170154,5.726875845,4,I,3.687129477,3.618771725,8.221166501,D,0.002266564,1,0.000145006,-0.000108327,-6.77E-05,281 D,0,-0.136138704
217,281,E2: B domain,1.745170154,5.726875845,4,I,3.687129477,3.618771725,8.221166501,E,0.002082047,1,0.000145006,-0.000108327,-6.77E-05,281 E,0,-0.071497026
217,281,E2: B domain,1.745170154,5.726875845,4,I,3.687129477,3.618771725,8.221166501,F,0.048407727,1,0.000145006,-0.000108327,-6.77E-05,281 F,0,1.18001082
217,281,E2: B domain,1.745170154,5.726875845,4,I,3.687129477,3.618771725,8.221166501,G,0.002442185,1,0.000145006,-0.000108327,-6.77E-05,281 G,0,-0.373738112
217,281,E2: B domain,1.745170154,5.726875845,4,I,3.687129477,3.618771725,8.221166501,H,0.000168724,1,0.000145006,-0.000108327,-6.77E-05,281 H,0,-0.145358944
217,281,E2: B domain,1.745170154,5.726875845,4,I,3.687129477,3.618771725,8.221166501,I,0.387309837,1,NA,NA,NA,281 I,1,0
217,281,E2: B domain,1.745170154,5.726875845,4,I,3.687129477,3.618771725,8.221166501,K,0.000624412,1,0.000145006,-0.000108327,-6.77E-05,281 K,0,-0.23501048
217,281,E2: B domain,1.745170154,5.726875845,4,I,3.687129477,3.618771725,8.221166501,L,0.02142129,1,-0.688461446,-0.281170858,-2.747552666,281 L,1,0.863609765
217,281,E2: B domain,1.745170154,5.726875845,4,I,3.687129477,3.618771725,8.221166501,M,0.055659568,1,0.000145006,-0.000108327,-6.77E-05,281 M,0,4.814689646
217,281,E2: B domain,1.745170154,5.726875845,4,I,3.687129477,3.618771725,8.221166501,N,0.054400123,1,0.000145006,-0.000108327,-6.77E-05,281 N,0,-0.521232481
217,281,E2: B domain,1.745170154,5.726875845,4,I,3.687129477,3.618771725,8.221166501,P,0.000280471,1,0.000145006,-0.000108327,-6.77E-05,281 P,0,-1.418758194
217,281,E2: B domain,1.745170154,5.726875845,4,I,3.687129477,3.618771725,8.221166501,Q,0.04820419,1,0.000145006,-0.000108327,-6.77E-05,281 Q,0,-0.324568443
217,281,E2: B domain,1.745170154,5.726875845,4,I,3.687129477,3.618771725,8.221166501,R,0.000134271,1,0.000145006,-0.000108327,-6.77E-05,281 R,0,0.404447012
217,281,E2: B domain,1.745170154,5.726875845,4,I,3.687129477,3.618771725,8.221166501,S,0.000990899,1,0.000145006,-0.000108327,-6.77E-05,281 S,0,-2.182388034
217,281,E2: B domain,1.745170154,5.726875845,4,I,3.687129477,3.618771725,8.221166501,T,0.000165871,1,3.481047936,3.410240333,3.414098053,281 T,0,0.739397991
217,281,E2: B domain,1.745170154,5.726875845,4,I,3.687129477,3.618771725,8.221166501,V,0.110788016,1,0.203906457,-1.007205983,-0.761683754,281 V,1,-0.992918758
217,281,E2: B domain,1.745170154,5.726875845,4,I,3.687129477,3.618771725,8.221166501,W,0.000349344,1,0.000145006,-0.000108327,4.570751198,281 W,0,0.198212675
217,281,E2: B domain,1.745170154,5.726875845,4,I,3.687129477,3.618771725,8.221166501,Y,0.259550263,1,-0.016409684,0.208531392,0.23631725,281 Y,1,1.519861108
218,282,E2: B domain,2.682523057,14.62193878,13,N,6.174749492,0.71293209,0.620966244,A,0.00015055,1,0.000492153,-0.000770642,-0.000205685,282 A,0,-0.484869634
218,282,E2: B domain,2.682523057,14.62193878,13,N,6.174749492,0.71293209,0.620966244,C,0.002899485,1,-4.464865061,-4.455479222,-2.085815383,282 C,1,-2.550012877
218,282,E2: B domain,2.682523057,14.62193878,13,N,6.174749492,0.71293209,0.620966244,D,0.011588871,1,-0.220786743,-1.00635999,-1.228402193,282 D,1,0.955912558
218,282,E2: B domain,2.682523057,14.62193878,13,N,6.174749492,0.71293209,0.620966244,E,0.108111073,1,-0.329656348,0.068128047,0.040817593,282 E,1,2.093096106
218,282,E2: B domain,2.682523057,14.62193878,13,N,6.174749492,0.71293209,0.620966244,F,0.054423171,1,0.000492153,-0.000770642,-0.000205685,282 F,0,0.245130441
218,282,E2: B domain,2.682523057,14.62193878,13,N,6.174749492,0.71293209,0.620966244,G,0.0328327,1,0.898847779,0.644804043,-0.031002402,282 G,1,-0.867508089
218,282,E2: B domain,2.682523057,14.62193878,13,N,6.174749492,0.71293209,0.620966244,H,0.054420216,1,4.663257319,-0.000770642,-0.000205685,282 H,0,0.43724156
218,282,E2: B domain,2.682523057,14.62193878,13,N,6.174749492,0.71293209,0.620966244,I,0.050401189,1,0.000492153,-0.000770642,-0.000205685,282 I,0,1.307427488
218,282,E2: B domain,2.682523057,14.62193878,13,N,6.174749492,0.71293209,0.620966244,K,0.052938386,1,0.000492153,-0.000770642,-0.000205685,282 K,0,-0.419392762
218,282,E2: B domain,2.682523057,14.62193878,13,N,6.174749492,0.71293209,0.620966244,L,0.034701828,1,-0.269430709,-0.405285505,-0.333228292,282 L,1,0.723814877
218,282,E2: B domain,2.682523057,14.62193878,13,N,6.174749492,0.71293209,0.620966244,M,0.047962876,1,0.282333835,-1.060759848,0.351010275,282 M,1,0.573990771
218,282,E2: B domain,2.682523057,14.62193878,13,N,6.174749492,0.71293209,0.620966244,N,0.045590433,1,NA,NA,NA,282 N,1,0
218,282,E2: B domain,2.682523057,14.62193878,13,N,6.174749492,0.71293209,0.620966244,P,0.113424165,1,-0.207780639,-0.054962687,0.038595223,282 P,1,0.522561432
218,282,E2: B domain,2.682523057,14.62193878,13,N,6.174749492,0.71293209,0.620966244,Q,0.000183929,1,0.000492153,-0.000770642,-0.000205685,282 Q,0,-0.107226714
218,282,E2: B domain,2.682523057,14.62193878,13,N,6.174749492,0.71293209,0.620966244,R,0.048296868,1,0.109838016,-0.783792761,-0.315481688,282 R,1,-1.572099182
218,282,E2: B domain,2.682523057,14.62193878,13,N,6.174749492,0.71293209,0.620966244,S,0.07654457,1,0.082410902,-0.057342392,0.023433854,282 S,1,-0.298891727
218,282,E2: B domain,2.682523057,14.62193878,13,N,6.174749492,0.71293209,0.620966244,T,0.002142857,1,0.000492153,-0.000770642,-0.000205685,282 T,1,-0.110714505
218,282,E2: B domain,2.682523057,14.62193878,13,N,6.174749492,0.71293209,0.620966244,V,0.121963285,1,0.00243207,-0.138248476,-0.06758671,282 V,1,0.152332393
218,282,E2: B domain,2.682523057,14.62193878,13,N,6.174749492,0.71293209,0.620966244,W,0.082962236,1,0.132184496,-0.818641191,0.167109297,282 W,1,0.723349857
218,282,E2: B domain,2.682523057,14.62193878,13,N,6.174749492,0.71293209,0.620966244,Y,0.058461313,1,0.000492153,-0.000770642,-0.000205685,282 Y,0,-0.567582052
219,283,E2: B domain,2.67296215,14.48280596,17,N,10.747728,2.497633602,8.340033195,A,0.169320415,1,0.700006721,0.207701389,0.286929005,283 A,1,0.071967409
219,283,E2: B domain,2.67296215,14.48280596,17,N,10.747728,2.497633602,8.340033195,C,0.002385302,1,0.001280951,-0.0016471,0.000632018,283 C,1,0.570076842
219,283,E2: B domain,2.67296215,14.48280596,17,N,10.747728,2.497633602,8.340033195,D,0.009306347,1,2.152914913,-0.0016471,0.000632018,283 D,1,1.35253602
219,283,E2: B domain,2.67296215,14.48280596,17,N,10.747728,2.497633602,8.340033195,E,0.000104355,1,0.001280951,-0.0016471,0.000632018,283 E,0,-0.269127923
219,283,E2: B domain,2.67296215,14.48280596,17,N,10.747728,2.497633602,8.340033195,F,0.062301345,1,0.49129395,-1.189381018,0.415137016,283 F,1,0.061615829
219,283,E2: B domain,2.67296215,14.48280596,17,N,10.747728,2.497633602,8.340033195,G,0.041665734,1,0.476834101,-0.206588279,0.686253769,283 G,1,-0.727974252
219,283,E2: B domain,2.67296215,14.48280596,17,N,10.747728,2.497633602,8.340033195,H,0.023081284,1,-0.15789945,-2.795744757,0.379794168,283 H,1,-0.426730353
219,283,E2: B domain,2.67296215,14.48280596,17,N,10.747728,2.497633602,8.340033195,I,0.010037901,1,-0.113902797,-0.127208228,-0.039367207,283 I,1,-2.692296231
219,283,E2: B domain,2.67296215,14.48280596,17,N,10.747728,2.497633602,8.340033195,K,0.043460087,1,-0.223307029,-9.16302169,-0.415257342,283 K,0,-0.011294339
219,283,E2: B domain,2.67296215,14.48280596,17,N,10.747728,2.497633602,8.340033195,L,0.071736165,1,-0.502344832,-0.056596525,-0.166665951,283 L,1,0.31646312
219,283,E2: B domain,2.67296215,14.48280596,17,N,10.747728,2.497633602,8.340033195,M,0.037419863,1,0.199382326,-0.533073846,-0.102241037,283 M,1,1.03147424
219,283,E2: B domain,2.67296215,14.48280596,17,N,10.747728,2.497633602,8.340033195,N,0.064514102,1,NA,NA,NA,283 N,1,0
219,283,E2: B domain,2.67296215,14.48280596,17,N,10.747728,2.497633602,8.340033195,P,0.00560201,1,4.935732841,2.208385485,4.916780073,283 P,1,-1.72136074
219,283,E2: B domain,2.67296215,14.48280596,17,N,10.747728,2.497633602,8.340033195,Q,0.050894941,1,0.001280951,-0.0016471,0.000632018,283 Q,0,-0.451606782
219,283,E2: B domain,2.67296215,14.48280596,17,N,10.747728,2.497633602,8.340033195,R,0.076810657,1,-0.520459043,-0.81185634,-1.146763829,283 R,1,0.471386598
219,283,E2: B domain,2.67296215,14.48280596,17,N,10.747728,2.497633602,8.340033195,S,0.115252041,1,-0.00093907,-0.24589012,-0.099269407,283 S,1,0.416751553
219,283,E2: B domain,2.67296215,14.48280596,17,N,10.747728,2.497633602,8.340033195,T,0.045404568,1,0.144360375,-0.288173315,0.290444026,283 T,1,0.597243229
219,283,E2: B domain,2.67296215,14.48280596,17,N,10.747728,2.497633602,8.340033195,V,0.052136746,1,-0.179706398,-0.632743802,-0.329972062,283 V,1,-0.23931291
219,283,E2: B domain,2.67296215,14.48280596,17,N,10.747728,2.497633602,8.340033195,W,0.040011003,1,0.716077526,-0.138241504,0.658459586,283 W,1,-0.75086222
219,283,E2: B domain,2.67296215,14.48280596,17,N,10.747728,2.497633602,8.340033195,Y,0.078555132,1,0.927282388,0.081546728,0.703707483,283 Y,1,0.473145132
220,284,E2: B domain,1.506842839,4.512461713,4,C,0,0.483462864,0.154464924,A,0.000266659,1,-9.89E-05,4.33E-05,7.05E-05,284 A,0,0.101726272
220,284,E2: B domain,1.506842839,4.512461713,4,C,0,0.483462864,0.154464924,C,0.549663085,1,NA,NA,NA,284 C,1,0
220,284,E2: B domain,1.506842839,4.512461713,4,C,0,0.483462864,0.154464924,D,0.050459015,1,-9.89E-05,4.33E-05,7.05E-05,284 D,0,0.22210213
220,284,E2: B domain,1.506842839,4.512461713,4,C,0,0.483462864,0.154464924,E,0.052722796,1,-9.89E-05,4.33E-05,7.05E-05,284 E,0,-0.299727164
220,284,E2: B domain,1.506842839,4.512461713,4,C,0,0.483462864,0.154464924,F,0.000218151,1,-9.89E-05,4.33E-05,7.05E-05,284 F,0,-0.50362809
220,284,E2: B domain,1.506842839,4.512461713,4,C,0,0.483462864,0.154464924,G,0.000304002,1,-9.89E-05,4.33E-05,7.05E-05,284 G,0,0.544131594
220,284,E2: B domain,1.506842839,4.512461713,4,C,0,0.483462864,0.154464924,H,0.002365968,1,-9.89E-05,4.33E-05,7.05E-05,284 H,0,0.272070524
220,284,E2: B domain,1.506842839,4.512461713,4,C,0,0.483462864,0.154464924,I,0.00019681,1,-9.89E-05,4.33E-05,7.05E-05,284 I,0,-0.389284318
220,284,E2: B domain,1.506842839,4.512461713,4,C,0,0.483462864,0.154464924,K,0.002401336,1,-9.89E-05,4.33E-05,7.05E-05,284 K,0,0.150155756
220,284,E2: B domain,1.506842839,4.512461713,4,C,0,0.483462864,0.154464924,L,0.000218137,1,-9.89E-05,4.33E-05,7.05E-05,284 L,0,-0.226176425
220,284,E2: B domain,1.506842839,4.512461713,4,C,0,0.483462864,0.154464924,M,0.000366982,1,-9.89E-05,4.33E-05,7.05E-05,284 M,0,-0.061905219
220,284,E2: B domain,1.506842839,4.512461713,4,C,0,0.483462864,0.154464924,N,0.000240653,1,-9.89E-05,4.33E-05,7.05E-05,284 N,0,0.101695256
220,284,E2: B domain,1.506842839,4.512461713,4,C,0,0.483462864,0.154464924,P,0.000151036,1,-9.89E-05,4.33E-05,7.05E-05,284 P,0,-0.978955237
220,284,E2: B domain,1.506842839,4.512461713,4,C,0,0.483462864,0.154464924,Q,0.002212763,1,-9.89E-05,4.33E-05,7.05E-05,284 Q,0,-0.119182544
220,284,E2: B domain,1.506842839,4.512461713,4,C,0,0.483462864,0.154464924,R,0.074082918,1,-0.249395499,0.369611823,-0.494748166,284 R,1,0.003015127
220,284,E2: B domain,1.506842839,4.512461713,4,C,0,0.483462864,0.154464924,S,0.000254617,1,-9.89E-05,4.33E-05,7.05E-05,284 S,0,-0.42759407
220,284,E2: B domain,1.506842839,4.512461713,4,C,0,0.483462864,0.154464924,T,0.000598003,1,-9.89E-05,4.33E-05,7.05E-05,284 T,0,-0.773218255
220,284,E2: B domain,1.506842839,4.512461713,4,C,0,0.483462864,0.154464924,V,0.135776771,1,-0.417229368,-3.249896573,-0.487988188,284 V,1,0.301277769
220,284,E2: B domain,1.506842839,4.512461713,4,C,0,0.483462864,0.154464924,W,0.041456281,1,-9.89E-05,4.33E-05,7.05E-05,284 W,0,0.367447421
220,284,E2: B domain,1.506842839,4.512461713,4,C,0,0.483462864,0.154464924,Y,0.086044018,1,-0.135707573,0.113158923,0.153337431,284 Y,1,0.617136596
221,285,E2: B domain,2.376327226,10.76529168,10,K,5.066529488,3.753932968,5.362410727,A,0.038526551,1,3.183787076,1.986529103,2.622610515,285 A,1,1.234508569
221,285,E2: B domain,2.376327226,10.76529168,10,K,5.066529488,3.753932968,5.362410727,C,0.010923515,1,-0.046851316,-5.307580425,-0.579562329,285 C,1,3.074656507
221,285,E2: B domain,2.376327226,10.76529168,10,K,5.066529488,3.753932968,5.362410727,D,6.56E-05,1,-0.095101606,-2.313260031,-2.33264697,285 D,0,0.985498051
221,285,E2: B domain,2.376327226,10.76529168,10,K,5.066529488,3.753932968,5.362410727,E,0.153483662,1,0.598853607,0.561967656,0.853183749,285 E,1,0.891001391
221,285,E2: B domain,2.376327226,10.76529168,10,K,5.066529488,3.753932968,5.362410727,F,0.218084321,1,0.014709138,-0.512753974,-0.029862299,285 F,1,1.966777825
221,285,E2: B domain,2.376327226,10.76529168,10,K,5.066529488,3.753932968,5.362410727,G,0.094639306,1,0.460420649,-0.913054189,0.454765971,285 G,1,0.459264857
221,285,E2: B domain,2.376327226,10.76529168,10,K,5.066529488,3.753932968,5.362410727,H,5.20E-05,1,0.000524115,0.000192439,0.000731326,285 H,0,-0.050311474
221,285,E2: B domain,2.376327226,10.76529168,10,K,5.066529488,3.753932968,5.362410727,I,0.05227305,1,0.000524115,0.000192439,0.000731326,285 I,0,-0.334139302
221,285,E2: B domain,2.376327226,10.76529168,10,K,5.066529488,3.753932968,5.362410727,K,0.118500508,1,NA,NA,NA,285 K,1,0
221,285,E2: B domain,2.376327226,10.76529168,10,K,5.066529488,3.753932968,5.362410727,L,0.047308238,1,-0.077945735,-0.061182313,0.139126864,285 L,1,-1.047226993
221,285,E2: B domain,2.376327226,10.76529168,10,K,5.066529488,3.753932968,5.362410727,M,0.046039506,1,0.000524115,0.000192439,0.000731326,285 M,0,0.115891558
221,285,E2: B domain,2.376327226,10.76529168,10,K,5.066529488,3.753932968,5.362410727,N,9.43E-06,1,0.000524115,0.000192439,0.000731326,285 N,0,1.045890459
221,285,E2: B domain,2.376327226,10.76529168,10,K,5.066529488,3.753932968,5.362410727,P,7.88E-05,1,0.000524115,0.000192439,0.000731326,285 P,0,-0.521338357
221,285,E2: B domain,2.376327226,10.76529168,10,K,5.066529488,3.753932968,5.362410727,Q,0.052754203,1,0.000524115,0.000192439,0.000731326,285 Q,0,-0.470923658
221,285,E2: B domain,2.376327226,10.76529168,10,K,5.066529488,3.753932968,5.362410727,R,0.010629729,1,-0.058986421,0.129692079,0.357171953,285 R,1,-0.147215679
221,285,E2: B domain,2.376327226,10.76529168,10,K,5.066529488,3.753932968,5.362410727,S,0.068783929,1,0.804041986,0.42435014,0.928969738,285 S,1,-1.209618421
221,285,E2: B domain,2.376327226,10.76529168,10,K,5.066529488,3.753932968,5.362410727,T,7.76E-05,1,0.000524115,0.000192439,0.000731326,285 T,0,-1.157512884
221,285,E2: B domain,2.376327226,10.76529168,10,K,5.066529488,3.753932968,5.362410727,V,0.045388339,1,-2.950496759,0.649662039,-0.002103481,285 V,1,-0.098222781
221,285,E2: B domain,2.376327226,10.76529168,10,K,5.066529488,3.753932968,5.362410727,W,0.00012584,1,0.000524115,0.000192439,0.000731326,285 W,0,-0.636297442
221,285,E2: B domain,2.376327226,10.76529168,10,K,5.066529488,3.753932968,5.362410727,Y,0.042255924,1,0.000524115,0.000192439,0.000731326,285 Y,0,0.152234719
222,286,E2: B domain,2.335214097,10.33167168,14,V,2.946086421,1.374570657,5.494851196,A,0.094077619,1,0.051187292,-0.166620441,-0.059411695,286 A,1,0.599747042
222,286,E2: B domain,2.335214097,10.33167168,14,V,2.946086421,1.374570657,5.494851196,C,0.042872286,1,0.017872897,-0.633406559,-0.534845894,286 C,1,0.317846475
222,286,E2: B domain,2.335214097,10.33167168,14,V,2.946086421,1.374570657,5.494851196,D,0.049303781,1,-0.011533041,-0.012475412,-0.011605752,286 D,0,0.166625695
222,286,E2: B domain,2.335214097,10.33167168,14,V,2.946086421,1.374570657,5.494851196,E,0.036343734,1,-0.026009514,0.321582639,-0.5221067,286 E,1,0.519227143
222,286,E2: B domain,2.335214097,10.33167168,14,V,2.946086421,1.374570657,5.494851196,F,0.063891549,1,-0.011533041,-0.012475412,-0.011605752,286 F,0,-0.785607678
222,286,E2: B domain,2.335214097,10.33167168,14,V,2.946086421,1.374570657,5.494851196,G,4.03E-05,1,-0.011533041,-0.012475412,-0.011605752,286 G,0,-0.259610317
222,286,E2: B domain,2.335214097,10.33167168,14,V,2.946086421,1.374570657,5.494851196,H,0.01887251,1,0.004427137,-3.500270508,0.256129001,286 H,1,0.045970203
222,286,E2: B domain,2.335214097,10.33167168,14,V,2.946086421,1.374570657,5.494851196,I,0.05381892,1,-0.011533041,-0.012475412,-0.011605752,286 I,1,-0.031283599
222,286,E2: B domain,2.335214097,10.33167168,14,V,2.946086421,1.374570657,5.494851196,K,0.048501842,1,-3.431891706,-3.156169302,-0.145561575,286 K,1,-0.595921405
222,286,E2: B domain,2.335214097,10.33167168,14,V,2.946086421,1.374570657,5.494851196,L,0.005329409,1,0.411067348,0.242203654,0.228403278,286 L,1,-0.685341986
222,286,E2: B domain,2.335214097,10.33167168,14,V,2.946086421,1.374570657,5.494851196,M,0.000140448,1,2.386973447,-0.012475412,4.673702519,286 M,0,-0.340825093
222,286,E2: B domain,2.335214097,10.33167168,14,V,2.946086421,1.374570657,5.494851196,N,0.03066901,1,-2.978146608,0.266944109,-2.993342814,286 N,1,0.331806478
222,286,E2: B domain,2.335214097,10.33167168,14,V,2.946086421,1.374570657,5.494851196,P,0.325485789,1,-2.24766478,-2.468439011,-2.185038709,286 P,1,-0.331184863
222,286,E2: B domain,2.335214097,10.33167168,14,V,2.946086421,1.374570657,5.494851196,Q,8.26E-05,1,-5.588666677,-5.578033564,-5.6322922,286 Q,0,-0.575178455
222,286,E2: B domain,2.335214097,10.33167168,14,V,2.946086421,1.374570657,5.494851196,R,0.005781072,1,-2.928640982,-0.515471335,-0.210394461,286 R,1,0.671008232
222,286,E2: B domain,2.335214097,10.33167168,14,V,2.946086421,1.374570657,5.494851196,S,0.020814347,1,-0.257354512,-0.611284911,-0.065201345,286 S,1,-0.6898287
222,286,E2: B domain,2.335214097,10.33167168,14,V,2.946086421,1.374570657,5.494851196,T,0.093925305,1,-0.032119356,-0.10577714,-0.041508547,286 T,1,-0.182344546
222,286,E2: B domain,2.335214097,10.33167168,14,V,2.946086421,1.374570657,5.494851196,V,0.052036684,1,NA,NA,NA,286 V,1,0
222,286,E2: B domain,2.335214097,10.33167168,14,V,2.946086421,1.374570657,5.494851196,W,2.32E-05,1,-0.011533041,-0.012475412,-0.011605752,286 W,0,-0.452779354
222,286,E2: B domain,2.335214097,10.33167168,14,V,2.946086421,1.374570657,5.494851196,Y,0.057989649,1,0.074558301,0.543840255,0.336616399,286 Y,1,0.006080896
223,287,E2: B domain,2.416041496,11.20143052,12,D,0.208010094,2.706257921,2.601753968,A,0.053251842,1,-0.627958187,-0.875109632,-0.680935855,287 A,1,-0.264661022
223,287,E2: B domain,2.416041496,11.20143052,12,D,0.208010094,2.706257921,2.601753968,C,3.17E-05,1,-0.001496872,-0.002140305,-0.001560159,287 C,0,-0.208937652
223,287,E2: B domain,2.416041496,11.20143052,12,D,0.208010094,2.706257921,2.601753968,D,0.04804083,1,NA,NA,NA,287 D,1,0
223,287,E2: B domain,2.416041496,11.20143052,12,D,0.208010094,2.706257921,2.601753968,E,0.046411078,1,-0.001496872,-0.002140305,-0.001560159,287 E,0,-1.086429351
223,287,E2: B domain,2.416041496,11.20143052,12,D,0.208010094,2.706257921,2.601753968,F,0.140110185,1,0.011988126,-0.490450094,-0.147480446,287 F,1,0.007978248
223,287,E2: B domain,2.416041496,11.20143052,12,D,0.208010094,2.706257921,2.601753968,G,0.038080071,1,-0.404230176,-0.732664685,-0.177088022,287 G,1,0.380648086
223,287,E2: B domain,2.416041496,11.20143052,12,D,0.208010094,2.706257921,2.601753968,H,0.049687635,1,-0.001496872,-0.002140305,-0.001560159,287 H,0,1.312732632
223,287,E2: B domain,2.416041496,11.20143052,12,D,0.208010094,2.706257921,2.601753968,I,0.085960797,1,-0.067931156,-0.154143182,0.240821033,287 I,1,-0.062528614
223,287,E2: B domain,2.416041496,11.20143052,12,D,0.208010094,2.706257921,2.601753968,K,0.032791458,1,-0.758823885,-4.121084627,-0.58052898,287 K,1,-1.589335623
223,287,E2: B domain,2.416041496,11.20143052,12,D,0.208010094,2.706257921,2.601753968,L,0.046938232,1,-0.130601195,0.059383131,-0.187356552,287 L,1,0.7893607
223,287,E2: B domain,2.416041496,11.20143052,12,D,0.208010094,2.706257921,2.601753968,M,0.000105537,1,-0.001496872,-0.002140305,-0.001560159,287 M,0,-0.547977008
223,287,E2: B domain,2.416041496,11.20143052,12,D,0.208010094,2.706257921,2.601753968,N,0.090192737,1,0.196021968,-0.172782508,0.024492305,287 N,1,0.16721198
223,287,E2: B domain,2.416041496,11.20143052,12,D,0.208010094,2.706257921,2.601753968,P,0.025325409,1,-0.197692334,-0.164429739,-0.419363428,287 P,1,-1.413375279
223,287,E2: B domain,2.416041496,11.20143052,12,D,0.208010094,2.706257921,2.601753968,Q,0.091399043,1,-0.467517709,0.081675902,-0.209753544,287 Q,1,0.122527848
223,287,E2: B domain,2.416041496,11.20143052,12,D,0.208010094,2.706257921,2.601753968,R,0.228455203,1,-0.47177957,-0.90270786,-0.739420007,287 R,1,0.249162585
223,287,E2: B domain,2.416041496,11.20143052,12,D,0.208010094,2.706257921,2.601753968,S,0.023029392,1,-0.545768941,-0.107815737,-0.126632709,287 S,1,0.150986585
223,287,E2: B domain,2.416041496,11.20143052,12,D,0.208010094,2.706257921,2.601753968,T,1.80E-05,1,-0.001496872,2.565198888,2.33644063,287 T,0,-2.483525747
223,287,E2: B domain,2.416041496,11.20143052,12,D,0.208010094,2.706257921,2.601753968,V,5.12E-05,1,-0.001496872,-0.002140305,-0.001560159,287 V,0,0.630525945
223,287,E2: B domain,2.416041496,11.20143052,12,D,0.208010094,2.706257921,2.601753968,W,0.000117548,1,-0.001496872,-0.002140305,-0.001560159,287 W,0,0.158949592
223,287,E2: B domain,2.416041496,11.20143052,12,D,0.208010094,2.706257921,2.601753968,Y,2.21E-06,1,-0.001496872,-0.002140305,-0.001560159,287 Y,0,0.256627879
224,288,E2: B domain,2.456184305,11.66023465,16,Q,1.529192723,2.385759662,5.146238667,A,0.008139027,1,0.440497291,-2.199346838,-2.22286387,288 A,1,-1.944101002
224,288,E2: B domain,2.456184305,11.66023465,16,Q,1.529192723,2.385759662,5.146238667,C,0.044042043,1,0.442876154,-1.0228999,0.325116864,288 C,1,0.155306979
224,288,E2: B domain,2.456184305,11.66023465,16,Q,1.529192723,2.385759662,5.146238667,D,0.176063819,1,0.396506206,0.335121348,0.544756041,288 D,1,-0.630522394
224,288,E2: B domain,2.456184305,11.66023465,16,Q,1.529192723,2.385759662,5.146238667,E,0.058225234,1,0.0780834,0.127545341,-0.030291026,288 E,1,-2.619178989
224,288,E2: B domain,2.456184305,11.66023465,16,Q,1.529192723,2.385759662,5.146238667,F,0.000138987,1,-0.000281768,0.000220043,0.000264245,288 F,0,-1.266494757
224,288,E2: B domain,2.456184305,11.66023465,16,Q,1.529192723,2.385759662,5.146238667,G,0.066446284,1,-0.091445993,0.233481277,-0.109255972,288 G,1,0.495464943
224,288,E2: B domain,2.456184305,11.66023465,16,Q,1.529192723,2.385759662,5.146238667,H,0.050736739,1,-0.000281768,0.000220043,0.000264245,288 H,0,-0.402010985
224,288,E2: B domain,2.456184305,11.66023465,16,Q,1.529192723,2.385759662,5.146238667,I,0.019255398,1,-0.412899705,-0.355122922,-0.641492318,288 I,1,-1.080589088
224,288,E2: B domain,2.456184305,11.66023465,16,Q,1.529192723,2.385759662,5.146238667,K,0.001083301,1,-0.143303629,1.322496503,-1.258156431,288 K,1,-2.837859153
224,288,E2: B domain,2.456184305,11.66023465,16,Q,1.529192723,2.385759662,5.146238667,L,0.074503486,1,-0.173824618,-0.007108808,0.075367821,288 L,1,0.202905589
224,288,E2: B domain,2.456184305,11.66023465,16,Q,1.529192723,2.385759662,5.146238667,M,0.049429989,1,-0.354852825,-0.083815243,-0.499672455,288 M,1,-1.261020314
224,288,E2: B domain,2.456184305,11.66023465,16,Q,1.529192723,2.385759662,5.146238667,N,3.09E-05,1,-0.000281768,0.000220043,3.463343186,288 N,0,-0.570850006
224,288,E2: B domain,2.456184305,11.66023465,16,Q,1.529192723,2.385759662,5.146238667,P,5.93E-05,1,-0.000281768,0.000220043,0.000264245,288 P,0,0.496452974
224,288,E2: B domain,2.456184305,11.66023465,16,Q,1.529192723,2.385759662,5.146238667,Q,0.080477621,1,NA,NA,NA,288 Q,1,0
224,288,E2: B domain,2.456184305,11.66023465,16,Q,1.529192723,2.385759662,5.146238667,R,0.069994129,1,-0.287419021,-0.094613322,-0.223028928,288 R,1,-0.285275244
224,288,E2: B domain,2.456184305,11.66023465,16,Q,1.529192723,2.385759662,5.146238667,S,0.014271814,1,-0.159341767,-0.631511909,0.393572176,288 S,1,-0.173800311
224,288,E2: B domain,2.456184305,11.66023465,16,Q,1.529192723,2.385759662,5.146238667,T,0.04752462,1,0.171229671,0.198546854,0.136890351,288 T,1,-0.155982935
224,288,E2: B domain,2.456184305,11.66023465,16,Q,1.529192723,2.385759662,5.146238667,V,0.00020326,1,-0.000281768,0.000220043,0.000264245,288 V,0,-0.068572686
224,288,E2: B domain,2.456184305,11.66023465,16,Q,1.529192723,2.385759662,5.146238667,W,0.197687215,1,-0.097118741,0.167468125,0.206135247,288 W,1,-0.466019161
224,288,E2: B domain,2.456184305,11.66023465,16,Q,1.529192723,2.385759662,5.146238667,Y,0.041686853,1,-0.676823384,-0.037634933,-0.183739204,288 Y,1,-1.960372949
225,289,E2: B domain,1.279079436,3.593330313,3,C,0,0.421021822,1.312043443,A,0.000251658,1,-2.208897503,-2.199533662,-0.011567802,289 A,0,-1.130314751
225,289,E2: B domain,1.279079436,3.593330313,3,C,0,0.421021822,1.312043443,C,0.604182458,1,NA,NA,NA,289 C,1,0
225,289,E2: B domain,1.279079436,3.593330313,3,C,0,0.421021822,1.312043443,D,0.001203542,1,-3.67E-06,-1.62E-05,4.16E-05,289 D,0,-0.863292179
225,289,E2: B domain,1.279079436,3.593330313,3,C,0,0.421021822,1.312043443,E,0.004080195,1,-3.67E-06,-1.62E-05,4.16E-05,289 E,0,-0.154335331
225,289,E2: B domain,1.279079436,3.593330313,3,C,0,0.421021822,1.312043443,F,0.000255826,1,-3.67E-06,-1.62E-05,4.16E-05,289 F,0,0.087743656
225,289,E2: B domain,1.279079436,3.593330313,3,C,0,0.421021822,1.312043443,G,0.000342527,1,-3.67E-06,-1.62E-05,4.16E-05,289 G,0,-0.427795684
225,289,E2: B domain,1.279079436,3.593330313,3,C,0,0.421021822,1.312043443,H,0.005329248,1,-3.67E-06,-1.62E-05,4.16E-05,289 H,0,-0.02080921
225,289,E2: B domain,1.279079436,3.593330313,3,C,0,0.421021822,1.312043443,I,0.001069042,1,-3.67E-06,-1.62E-05,4.16E-05,289 I,0,-0.362280004
225,289,E2: B domain,1.279079436,3.593330313,3,C,0,0.421021822,1.312043443,K,0.053714854,1,-3.67E-06,-1.62E-05,4.16E-05,289 K,0,0.056014231
225,289,E2: B domain,1.279079436,3.593330313,3,C,0,0.421021822,1.312043443,L,0.000203807,1,-3.67E-06,-1.62E-05,4.16E-05,289 L,0,-0.331016293
225,289,E2: B domain,1.279079436,3.593330313,3,C,0,0.421021822,1.312043443,M,0.000558267,1,-3.67E-06,-1.62E-05,4.16E-05,289 M,0,0.039798309
225,289,E2: B domain,1.279079436,3.593330313,3,C,0,0.421021822,1.312043443,N,0.003056365,1,-3.67E-06,-1.62E-05,4.16E-05,289 N,0,-0.353936476
225,289,E2: B domain,1.279079436,3.593330313,3,C,0,0.421021822,1.312043443,P,0.001449901,1,-3.67E-06,-1.62E-05,4.16E-05,289 P,0,-0.584934532
225,289,E2: B domain,1.279079436,3.593330313,3,C,0,0.421021822,1.312043443,Q,0.00344578,1,-3.67E-06,-1.62E-05,4.16E-05,289 Q,0,-0.023776531
225,289,E2: B domain,1.279079436,3.593330313,3,C,0,0.421021822,1.312043443,R,0.173993461,1,-1.932937799,0.137124167,0.224462653,289 R,1,-1.703549716
225,289,E2: B domain,1.279079436,3.593330313,3,C,0,0.421021822,1.312043443,S,0.000573165,1,-3.67E-06,-1.62E-05,4.16E-05,289 S,0,-0.977138761
225,289,E2: B domain,1.279079436,3.593330313,3,C,0,0.421021822,1.312043443,T,0.000508339,1,-3.67E-06,-1.62E-05,4.16E-05,289 T,0,-0.508763409
225,289,E2: B domain,1.279079436,3.593330313,3,C,0,0.421021822,1.312043443,V,0.000244906,1,-3.67E-06,-1.62E-05,4.16E-05,289 V,0,-0.029542419
225,289,E2: B domain,1.279079436,3.593330313,3,C,0,0.421021822,1.312043443,W,0.056770033,1,-3.67E-06,-1.62E-05,4.16E-05,289 W,0,-4.48099E-05
225,289,E2: B domain,1.279079436,3.593330313,3,C,0,0.421021822,1.312043443,Y,0.088766626,1,-1.222952908,0.283897655,1.086914937,289 Y,1,-1.359957027
226,290,E2: B domain,2.615018311,13.66746664,9,H,3.059177118,4.766038169,0.817566642,A,0.000142157,1,2.310988209,0.000329545,-4.79E-05,290 A,0,0.119670308
226,290,E2: B domain,2.615018311,13.66746664,9,H,3.059177118,4.766038169,0.817566642,C,0.049626083,1,-0.000101824,0.000329545,-4.79E-05,290 C,0,-0.399469234
226,290,E2: B domain,2.615018311,13.66746664,9,H,3.059177118,4.766038169,0.817566642,D,0.04849274,1,-0.000101824,0.000329545,-4.79E-05,290 D,0,-0.362991895
226,290,E2: B domain,2.615018311,13.66746664,9,H,3.059177118,4.766038169,0.817566642,E,0.051396755,1,-0.000101824,0.000329545,-4.79E-05,290 E,0,0.332223862
226,290,E2: B domain,2.615018311,13.66746664,9,H,3.059177118,4.766038169,0.817566642,F,0.022140999,1,-0.457877556,-0.009003214,-0.013301654,290 F,1,-0.195303226
226,290,E2: B domain,2.615018311,13.66746664,9,H,3.059177118,4.766038169,0.817566642,G,0.06456249,1,-0.407607998,-0.963106204,-0.127918803,290 G,1,1.145772375
226,290,E2: B domain,2.615018311,13.66746664,9,H,3.059177118,4.766038169,0.817566642,H,0.077699625,1,NA,NA,NA,290 H,1,0
226,290,E2: B domain,2.615018311,13.66746664,9,H,3.059177118,4.766038169,0.817566642,I,0.081805795,1,0.347700144,1.180967288,0.180977942,290 I,1,-1.094883435
226,290,E2: B domain,2.615018311,13.66746664,9,H,3.059177118,4.766038169,0.817566642,K,0.000149953,1,-0.000101824,0.000329545,-4.79E-05,290 K,0,0.022801398
226,290,E2: B domain,2.615018311,13.66746664,9,H,3.059177118,4.766038169,0.817566642,L,0.117643985,1,0.400488764,0.871613747,0.6365887,290 L,1,-0.878981554
226,290,E2: B domain,2.615018311,13.66746664,9,H,3.059177118,4.766038169,0.817566642,M,0.061394399,1,-0.000101824,0.000329545,-4.79E-05,290 M,0,-0.245297627
226,290,E2: B domain,2.615018311,13.66746664,9,H,3.059177118,4.766038169,0.817566642,N,0.053515177,1,-0.000101824,2.268355995,-4.79E-05,290 N,0,-9.0121E-05
226,290,E2: B domain,2.615018311,13.66746664,9,H,3.059177118,4.766038169,0.817566642,P,7.69E-05,1,-0.000101824,0.000329545,-4.79E-05,290 P,0,0.606022755
226,290,E2: B domain,2.615018311,13.66746664,9,H,3.059177118,4.766038169,0.817566642,Q,0.053854916,1,-0.000101824,0.000329545,-4.79E-05,290 Q,0,-4.827762442
226,290,E2: B domain,2.615018311,13.66746664,9,H,3.059177118,4.766038169,0.817566642,R,0.108276179,1,-0.363148144,-0.336516653,-0.31810096,290 R,1,-0.701584439
226,290,E2: B domain,2.615018311,13.66746664,9,H,3.059177118,4.766038169,0.817566642,S,0.042543663,1,-0.326521053,0.263815854,-0.826426767,290 S,1,0.659490896
226,290,E2: B domain,2.615018311,13.66746664,9,H,3.059177118,4.766038169,0.817566642,T,0.035420143,1,-0.296536247,0.177989835,-0.077081561,290 T,1,-1.104299686
226,290,E2: B domain,2.615018311,13.66746664,9,H,3.059177118,4.766038169,0.817566642,V,0.000124868,1,-0.000101824,0.000329545,-4.79E-05,290 V,0,-0.506533437
226,290,E2: B domain,2.615018311,13.66746664,9,H,3.059177118,4.766038169,0.817566642,W,9.84E-05,1,-0.000101824,0.000329545,-4.79E-05,290 W,0,-0.113917366
226,290,E2: B domain,2.615018311,13.66746664,9,H,3.059177118,4.766038169,0.817566642,Y,0.131034802,1,-0.480074619,-1.223699561,-0.38500102,290 Y,1,5.270141488
227,291,E2: B domain,1.831088998,6.240679044,7,A,0.950108666,9.70211562,9.458663707,A,0.138274883,1,NA,NA,NA,291 A,1,0
227,291,E2: B domain,1.831088998,6.240679044,7,A,0.950108666,9.70211562,9.458663707,C,0.000276552,1,-3.54E-05,0.000881403,0.000791664,291 C,0,-0.183095941
227,291,E2: B domain,1.831088998,6.240679044,7,A,0.950108666,9.70211562,9.458663707,D,0.001102902,1,-3.54E-05,0.000881403,0.000791664,291 D,0,-0.013661955
227,291,E2: B domain,1.831088998,6.240679044,7,A,0.950108666,9.70211562,9.458663707,E,0.048328392,1,-3.54E-05,0.000881403,0.000791664,291 E,0,0.295023127
227,291,E2: B domain,1.831088998,6.240679044,7,A,0.950108666,9.70211562,9.458663707,F,0.044557034,1,-3.54E-05,0.000881403,0.000791664,291 F,1,0.48494198
227,291,E2: B domain,1.831088998,6.240679044,7,A,0.950108666,9.70211562,9.458663707,G,8.29E-05,1,-3.54E-05,0.000881403,0.000791664,291 G,0,-2.062974792
227,291,E2: B domain,1.831088998,6.240679044,7,A,0.950108666,9.70211562,9.458663707,H,0.001196002,1,-3.54E-05,0.000881403,0.000791664,291 H,0,-0.213235656
227,291,E2: B domain,1.831088998,6.240679044,7,A,0.950108666,9.70211562,9.458663707,I,0.000102357,1,0.757768705,0.000881403,0.000791664,291 I,0,-1.195279544
227,291,E2: B domain,1.831088998,6.240679044,7,A,0.950108666,9.70211562,9.458663707,K,0.000404813,1,-3.54E-05,0.000881403,0.000791664,291 K,0,-0.203313337
227,291,E2: B domain,1.831088998,6.240679044,7,A,0.950108666,9.70211562,9.458663707,L,0.056693837,1,0.19233996,0.365746055,0.292432764,291 L,1,-1.871631908
227,291,E2: B domain,1.831088998,6.240679044,7,A,0.950108666,9.70211562,9.458663707,M,0.000529459,1,-3.54E-05,0.000881403,0.000791664,291 M,0,0.764335006
227,291,E2: B domain,1.831088998,6.240679044,7,A,0.950108666,9.70211562,9.458663707,N,0.046463589,1,-0.41420472,-3.396249112,-0.5619352,291 N,1,-0.255548416
227,291,E2: B domain,1.831088998,6.240679044,7,A,0.950108666,9.70211562,9.458663707,P,0.000331603,1,-3.54E-05,0.000881403,0.000791664,291 P,0,-0.456971929
227,291,E2: B domain,1.831088998,6.240679044,7,A,0.950108666,9.70211562,9.458663707,Q,0.050408528,1,-3.54E-05,0.000881403,0.000791664,291 Q,0,-0.134587953
227,291,E2: B domain,1.831088998,6.240679044,7,A,0.950108666,9.70211562,9.458663707,R,0.000745019,1,-3.54E-05,0.000881403,0.000791664,291 R,0,-0.178441976
227,291,E2: B domain,1.831088998,6.240679044,7,A,0.950108666,9.70211562,9.458663707,S,0.001347851,1,-0.009931269,-2.737068117,-0.511577195,291 S,1,0.249073365
227,291,E2: B domain,1.831088998,6.240679044,7,A,0.950108666,9.70211562,9.458663707,T,0.132989161,1,-3.54E-05,9.15690133,9.155147644,291 T,1,2.001925395
227,291,E2: B domain,1.831088998,6.240679044,7,A,0.950108666,9.70211562,9.458663707,V,0.430853897,1,-0.365691469,0.167128588,-0.079898746,291 V,1,-0.888359163
227,291,E2: B domain,1.831088998,6.240679044,7,A,0.950108666,9.70211562,9.458663707,W,0.045042664,1,-3.54E-05,0.000881403,0.000791664,291 W,0,-0.318345703
227,291,E2: B domain,1.831088998,6.240679044,7,A,0.950108666,9.70211562,9.458663707,Y,0.000268603,1,-3.54E-05,0.000881403,0.000791664,291 Y,0,-0.480724702
228,292,E2: B domain,2.189671818,8.932281217,8,A,5.222084684,3.624424365,7.670016354,A,0.068982337,1,NA,NA,NA,292 A,1,0
228,292,E2: B domain,2.189671818,8.932281217,8,A,5.222084684,3.624424365,7.670016354,C,0.016059213,1,-0.449034995,-5.072689608,-2.547142396,292 C,1,-1.689139584
228,292,E2: B domain,2.189671818,8.932281217,8,A,5.222084684,3.624424365,7.670016354,D,0.047934064,1,0.00026085,0.001123199,-1.42E-05,292 D,0,-0.261797352
228,292,E2: B domain,2.189671818,8.932281217,8,A,5.222084684,3.624424365,7.670016354,E,0.050348437,1,0.00026085,0.001123199,-1.42E-05,292 E,0,-0.34650181
228,292,E2: B domain,2.189671818,8.932281217,8,A,5.222084684,3.624424365,7.670016354,F,0.000162967,1,0.00026085,0.001123199,2.293219412,292 F,0,-0.114169613
228,292,E2: B domain,2.189671818,8.932281217,8,A,5.222084684,3.624424365,7.670016354,G,0.048812193,1,0.00026085,0.001123199,-1.42E-05,292 G,0,-1.050940711
228,292,E2: B domain,2.189671818,8.932281217,8,A,5.222084684,3.624424365,7.670016354,H,0.292396397,1,0.081758116,1.029397248,0.163350431,292 H,1,-0.986451181
228,292,E2: B domain,2.189671818,8.932281217,8,A,5.222084684,3.624424365,7.670016354,I,0.049678699,1,0.00026085,0.001123199,-1.42E-05,292 I,0,-0.389380724
228,292,E2: B domain,2.189671818,8.932281217,8,A,5.222084684,3.624424365,7.670016354,K,0.038142863,1,-0.057558684,0.316814554,-0.458508344,292 K,1,0.61800082
228,292,E2: B domain,2.189671818,8.932281217,8,A,5.222084684,3.624424365,7.670016354,L,0.000131689,1,4.711779413,0.001123199,4.719871914,292 L,0,-1.382554583
228,292,E2: B domain,2.189671818,8.932281217,8,A,5.222084684,3.624424365,7.670016354,M,0.000413652,1,0.00026085,0.001123199,-1.42E-05,292 M,0,0.295192395
228,292,E2: B domain,2.189671818,8.932281217,8,A,5.222084684,3.624424365,7.670016354,N,0.049206258,1,0.00026085,0.001123199,-1.42E-05,292 N,0,0.297063264
228,292,E2: B domain,2.189671818,8.932281217,8,A,5.222084684,3.624424365,7.670016354,P,4.78E-05,1,0.00026085,0.001123199,-1.42E-05,292 P,0,-0.441256195
228,292,E2: B domain,2.189671818,8.932281217,8,A,5.222084684,3.624424365,7.670016354,Q,0.000155194,1,-2.160747073,-4.561335306,-4.616603802,292 Q,0,-1.478399001
228,292,E2: B domain,2.189671818,8.932281217,8,A,5.222084684,3.624424365,7.670016354,R,0.048566339,1,0.107224602,0.518706066,-0.562481205,292 R,1,-3.977064102
228,292,E2: B domain,2.189671818,8.932281217,8,A,5.222084684,3.624424365,7.670016354,S,2.27E-05,1,0.00026085,0.001123199,-1.42E-05,292 S,0,1.623829849
228,292,E2: B domain,2.189671818,8.932281217,8,A,5.222084684,3.624424365,7.670016354,T,0.054187876,1,0.168761094,0.547244363,-0.238650789,292 T,1,0.678306276
228,292,E2: B domain,2.189671818,8.932281217,8,A,5.222084684,3.624424365,7.670016354,V,0.016373522,1,-0.285502917,1.024204236,0.493574596,292 V,1,-0.218478467
228,292,E2: B domain,2.189671818,8.932281217,8,A,5.222084684,3.624424365,7.670016354,W,0.218189385,1,0.14995296,0.175702706,-0.090084533,292 W,1,0.28157475
228,292,E2: B domain,2.189671818,8.932281217,8,A,5.222084684,3.624424365,7.670016354,Y,0.000188355,1,0.00026085,0.001123199,-1.42E-05,292 Y,0,-0.348440988
229,293,E2: B domain,2.301070225,9.984862786,11,V,0.75727768,1.886037851,2.845785651,A,0.137225949,1,-0.155477902,0.238946733,0.061756368,293 A,1,0.030123446
229,293,E2: B domain,2.301070225,9.984862786,11,V,0.75727768,1.886037851,2.845785651,C,0.025534467,1,0.364518768,-1.102925864,-0.400722641,293 C,1,0.689064106
229,293,E2: B domain,2.301070225,9.984862786,11,V,0.75727768,1.886037851,2.845785651,D,0.000322126,1,-0.000465223,0.000292514,-0.000334496,293 D,0,-0.773092273
229,293,E2: B domain,2.301070225,9.984862786,11,V,0.75727768,1.886037851,2.845785651,E,0.000843255,1,-0.000465223,0.000292514,-0.000334496,293 E,0,-0.218052642
229,293,E2: B domain,2.301070225,9.984862786,11,V,0.75727768,1.886037851,2.845785651,F,0.000528438,1,-0.000465223,0.000292514,-0.000334496,293 F,0,2.032655562
229,293,E2: B domain,2.301070225,9.984862786,11,V,0.75727768,1.886037851,2.845785651,G,5.75E-05,1,-0.000465223,0.000292514,-0.000334496,293 G,0,-0.188944507
229,293,E2: B domain,2.301070225,9.984862786,11,V,0.75727768,1.886037851,2.845785651,H,0.000239387,1,-0.000465223,0.000292514,-0.000334496,293 H,0,-0.178931418
229,293,E2: B domain,2.301070225,9.984862786,11,V,0.75727768,1.886037851,2.845785651,I,0.12829361,1,-0.753877715,-0.155499386,-0.875518559,293 I,1,-0.513701747
229,293,E2: B domain,2.301070225,9.984862786,11,V,0.75727768,1.886037851,2.845785651,K,0.101332278,1,-2.917834763,-3.034459424,0.015652208,293 K,1,-0.040306744
229,293,E2: B domain,2.301070225,9.984862786,11,V,0.75727768,1.886037851,2.845785651,L,0.09121826,1,0.020383392,-0.253075165,0.006910542,293 L,1,-0.574677452
229,293,E2: B domain,2.301070225,9.984862786,11,V,0.75727768,1.886037851,2.845785651,M,0.08944296,1,0.068180342,-0.053076194,-0.16582179,293 M,1,-0.743950613
229,293,E2: B domain,2.301070225,9.984862786,11,V,0.75727768,1.886037851,2.845785651,N,0.026124769,1,-0.452347708,0.146314409,0.006861479,293 N,1,0.851495317
229,293,E2: B domain,2.301070225,9.984862786,11,V,0.75727768,1.886037851,2.845785651,P,0.000114686,1,-0.000465223,0.000292514,-0.000334496,293 P,0,-0.725203617
229,293,E2: B domain,2.301070225,9.984862786,11,V,0.75727768,1.886037851,2.845785651,Q,0.000651141,1,-0.000465223,0.000292514,-0.000334496,293 Q,0,-0.473876604
229,293,E2: B domain,2.301070225,9.984862786,11,V,0.75727768,1.886037851,2.845785651,R,0.148012746,1,-0.125719289,0.726801497,-0.608520495,293 R,1,0.29826271
229,293,E2: B domain,2.301070225,9.984862786,11,V,0.75727768,1.886037851,2.845785651,S,0.05974172,1,-0.262459759,0.319188217,0.143525759,293 S,1,0.138845932
229,293,E2: B domain,2.301070225,9.984862786,11,V,0.75727768,1.886037851,2.845785651,T,0.06285574,1,0.304195177,0.452446879,0.092581396,293 T,1,-1.038100132
229,293,E2: B domain,2.301070225,9.984862786,11,V,0.75727768,1.886037851,2.845785651,V,0.127297568,1,NA,NA,NA,293 V,1,0
229,293,E2: B domain,2.301070225,9.984862786,11,V,0.75727768,1.886037851,2.845785651,W,0.000100087,1,-0.000465223,0.000292514,-0.000334496,293 W,0,1.595570224
229,293,E2: B domain,2.301070225,9.984862786,11,V,0.75727768,1.886037851,2.845785651,Y,6.33E-05,1,-2.292496681,-0.042248413,2.518497899,293 Y,0,-2.090507112
230,294,E2: B domain,2.038410867,7.678397507,11,T,0.641211962,13.35765832,0.390955615,A,0.333819603,1,-1.024091275,0.281473759,-1.011185564,294 A,1,-0.971639203
230,294,E2: B domain,2.038410867,7.678397507,11,T,0.641211962,13.35765832,0.390955615,C,3.74E-05,1,-0.00109841,0.002346658,-0.001058301,294 C,0,0.002219779
230,294,E2: B domain,2.038410867,7.678397507,11,T,0.641211962,13.35765832,0.390955615,D,0.049140931,1,-0.00109841,0.002346658,-0.001058301,294 D,0,0.00970781
230,294,E2: B domain,2.038410867,7.678397507,11,T,0.641211962,13.35765832,0.390955615,E,7.63E-05,1,-0.00109841,0.002346658,-0.001058301,294 E,0,-0.023913414
230,294,E2: B domain,2.038410867,7.678397507,11,T,0.641211962,13.35765832,0.390955615,F,0.014020341,1,0.174583513,2.649373784,-0.041686154,294 F,1,-1.012795631
230,294,E2: B domain,2.038410867,7.678397507,11,T,0.641211962,13.35765832,0.390955615,G,6.59E-05,1,-0.00109841,0.002346658,-0.001058301,294 G,0,0.611637186
230,294,E2: B domain,2.038410867,7.678397507,11,T,0.641211962,13.35765832,0.390955615,H,8.91E-05,1,-0.00109841,0.002346658,-0.001058301,294 H,0,-0.236784316
230,294,E2: B domain,2.038410867,7.678397507,11,T,0.641211962,13.35765832,0.390955615,I,0.228875312,1,-1.047708402,1.238677774,-0.897656217,294 I,1,-0.121525711
230,294,E2: B domain,2.038410867,7.678397507,11,T,0.641211962,13.35765832,0.390955615,K,0.06324785,1,-0.324371054,0.929576774,-0.315502863,294 K,1,-0.64945068
230,294,E2: B domain,2.038410867,7.678397507,11,T,0.641211962,13.35765832,0.390955615,L,0.093003631,1,-0.746320798,1.079700751,-0.927939039,294 L,1,-0.386918869
230,294,E2: B domain,2.038410867,7.678397507,11,T,0.641211962,13.35765832,0.390955615,M,0.000279946,1,-0.00109841,0.002346658,-0.001058301,294 M,0,0.350627954
230,294,E2: B domain,2.038410867,7.678397507,11,T,0.641211962,13.35765832,0.390955615,N,2.82E-05,1,-0.00109841,0.002346658,-0.001058301,294 N,0,0.467830657
230,294,E2: B domain,2.038410867,7.678397507,11,T,0.641211962,13.35765832,0.390955615,P,0.000282194,1,-0.00109841,0.002346658,-0.001058301,294 P,0,0.195740228
230,294,E2: B domain,2.038410867,7.678397507,11,T,0.641211962,13.35765832,0.390955615,Q,0.045416306,1,0.084562089,3.322637142,-0.222898353,294 Q,1,0.111608768
230,294,E2: B domain,2.038410867,7.678397507,11,T,0.641211962,13.35765832,0.390955615,R,0.027908071,1,-4.645449652,0.779182424,-1.38042291,294 R,1,1.918981058
230,294,E2: B domain,2.038410867,7.678397507,11,T,0.641211962,13.35765832,0.390955615,S,0.01060848,1,-0.275528544,0.018340538,0.390955615,294 S,1,2.407898664
230,294,E2: B domain,2.038410867,7.678397507,11,T,0.641211962,13.35765832,0.390955615,T,0.033397828,1,NA,NA,NA,294 T,1,0
230,294,E2: B domain,2.038410867,7.678397507,11,T,0.641211962,13.35765832,0.390955615,V,0.054915147,1,-0.00109841,0.002346658,-0.001058301,294 V,0,-0.732357051
230,294,E2: B domain,2.038410867,7.678397507,11,T,0.641211962,13.35765832,0.390955615,W,0.009610439,1,0.38206636,3.037575452,-2.325938772,294 W,1,-1.837847574
230,294,E2: B domain,2.038410867,7.678397507,11,T,0.641211962,13.35765832,0.390955615,Y,0.03517705,1,-0.5239479,-0.366603413,-1.013161579,294 Y,1,1.766449995
231,295,E2: B domain,2.53066402,12.56184469,10,N,5.102226447,9.243225692,5.560281052,A,0.000227611,1,0.000471696,0.001703562,0.000372749,295 A,0,0.110189832
231,295,E2: B domain,2.53066402,12.56184469,10,N,5.102226447,9.243225692,5.560281052,C,0.000786642,1,0.000471696,0.001703562,0.000372749,295 C,0,-0.15372287
231,295,E2: B domain,2.53066402,12.56184469,10,N,5.102226447,9.243225692,5.560281052,D,0.070461459,1,-0.1699244,0.491252665,0.306250557,295 D,1,0.446145434
231,295,E2: B domain,2.53066402,12.56184469,10,N,5.102226447,9.243225692,5.560281052,E,0.011032787,1,0.236700194,-0.974838598,-1.004815801,295 E,1,-1.977611973
231,295,E2: B domain,2.53066402,12.56184469,10,N,5.102226447,9.243225692,5.560281052,F,0.000113332,1,3.721113832,0.001703562,3.839325526,295 F,0,1.055495918
231,295,E2: B domain,2.53066402,12.56184469,10,N,5.102226447,9.243225692,5.560281052,G,0.131827494,1,0.280346441,-0.312473313,-0.105117088,295 G,1,-0.15017081
231,295,E2: B domain,2.53066402,12.56184469,10,N,5.102226447,9.243225692,5.560281052,H,0.050065405,1,0.000471696,5.274312633,0.000372749,295 H,0,0.377680074
231,295,E2: B domain,2.53066402,12.56184469,10,N,5.102226447,9.243225692,5.560281052,I,0.049478608,1,0.000471696,0.001703562,0.000372749,295 I,0,0.312355152
231,295,E2: B domain,2.53066402,12.56184469,10,N,5.102226447,9.243225692,5.560281052,K,0.04996313,1,0.000471696,0.001703562,0.000372749,295 K,0,-0.349382943
231,295,E2: B domain,2.53066402,12.56184469,10,N,5.102226447,9.243225692,5.560281052,L,0.149677265,1,0.340101592,0.116884085,0.359550799,295 L,1,-0.087064417
231,295,E2: B domain,2.53066402,12.56184469,10,N,5.102226447,9.243225692,5.560281052,M,0.000198692,1,0.000471696,0.001703562,0.000372749,295 M,0,-0.053253574
231,295,E2: B domain,2.53066402,12.56184469,10,N,5.102226447,9.243225692,5.560281052,N,0.109631551,1,NA,NA,NA,295 N,1,0
231,295,E2: B domain,2.53066402,12.56184469,10,N,5.102226447,9.243225692,5.560281052,P,0.038594106,1,0.157018549,2.044833628,1.051799425,295 P,1,-0.238042783
231,295,E2: B domain,2.53066402,12.56184469,10,N,5.102226447,9.243225692,5.560281052,Q,0.043683381,1,0.000471696,0.001703562,0.000372749,295 Q,0,0.303905179
231,295,E2: B domain,2.53066402,12.56184469,10,N,5.102226447,9.243225692,5.560281052,R,0.051547112,1,0.000902675,0.292722487,-0.068719206,295 R,1,0.544584238
231,295,E2: B domain,2.53066402,12.56184469,10,N,5.102226447,9.243225692,5.560281052,S,0.027960411,1,-0.249207838,-0.478344197,-0.051139682,295 S,1,-0.526833691
231,295,E2: B domain,2.53066402,12.56184469,10,N,5.102226447,9.243225692,5.560281052,T,0.000265193,1,0.000471696,0.001703562,0.000372749,295 T,0,-1.611201604
231,295,E2: B domain,2.53066402,12.56184469,10,N,5.102226447,9.243225692,5.560281052,V,0.136458444,1,-0.180708383,0.977681976,-0.147169469,295 V,1,0.032667415
231,295,E2: B domain,2.53066402,12.56184469,10,N,5.102226447,9.243225692,5.560281052,W,0.033909795,1,0.3617979,0.030206158,-0.05925249,295 W,1,0.078488288
231,295,E2: B domain,2.53066402,12.56184469,10,N,5.102226447,9.243225692,5.560281052,Y,0.044117582,1,0.000471696,0.001703562,0.000372749,295 Y,0,-0.485323609
232,296,E2: Arch 2,2.411761748,11.15359366,13,H,3.202489,9.635116833,7.784386358,A,0.105294343,1,-0.446704873,0.443085436,-0.245220535,296 A,1,0.142202734
232,296,E2: Arch 2,2.411761748,11.15359366,13,H,3.202489,9.635116833,7.784386358,C,0.039153713,1,-0.576919934,0.877586636,-0.700224459,296 C,1,-0.744935927
232,296,E2: Arch 2,2.411761748,11.15359366,13,H,3.202489,9.635116833,7.784386358,D,4.34E-05,1,-0.002382352,0.003954872,-0.001394329,296 D,0,0.218695995
232,296,E2: Arch 2,2.411761748,11.15359366,13,H,3.202489,9.635116833,7.784386358,E,0.11782808,1,-0.987583584,0.647680145,-0.648436995,296 E,1,0.23911225
232,296,E2: Arch 2,2.411761748,11.15359366,13,H,3.202489,9.635116833,7.784386358,F,8.01E-05,1,-0.002382352,0.003954872,4.460218707,296 F,0,0.084402026
232,296,E2: Arch 2,2.411761748,11.15359366,13,H,3.202489,9.635116833,7.784386358,G,0.02502191,1,3.202489,3.104496739,2.73105922,296 G,1,0.472873454
232,296,E2: Arch 2,2.411761748,11.15359366,13,H,3.202489,9.635116833,7.784386358,H,0.049119556,1,NA,NA,NA,296 H,1,0
232,296,E2: Arch 2,2.411761748,11.15359366,13,H,3.202489,9.635116833,7.784386358,I,0.000173193,1,-0.002382352,0.003954872,-0.001394329,296 I,0,-0.327327566
232,296,E2: Arch 2,2.411761748,11.15359366,13,H,3.202489,9.635116833,7.784386358,K,5.41E-05,1,-0.002382352,0.003954872,-0.001394329,296 K,0,0.946210507
232,296,E2: Arch 2,2.411761748,11.15359366,13,H,3.202489,9.635116833,7.784386358,L,0.046396772,1,-0.597655601,-0.031099651,-0.446975865,296 L,1,-0.168821021
232,296,E2: Arch 2,2.411761748,11.15359366,13,H,3.202489,9.635116833,7.784386358,M,0.03462917,1,-0.078272425,0.42411268,-0.313069891,296 M,1,-0.254452883
232,296,E2: Arch 2,2.411761748,11.15359366,13,H,3.202489,9.635116833,7.784386358,N,0.003591314,1,-0.248504814,1.005050344,-0.259327658,296 N,1,0.303456501
232,296,E2: Arch 2,2.411761748,11.15359366,13,H,3.202489,9.635116833,7.784386358,P,0.092871538,1,-0.640210583,0.410759024,-0.433322207,296 P,1,0.387985972
232,296,E2: Arch 2,2.411761748,11.15359366,13,H,3.202489,9.635116833,7.784386358,Q,0.04977411,1,-4.334491693,0.324312429,0.16485409,296 Q,0,-0.089955568
232,296,E2: Arch 2,2.411761748,11.15359366,13,H,3.202489,9.635116833,7.784386358,R,0.182911973,1,-1.084736169,1.34944666,-0.657868245,296 R,1,0.350574709
232,296,E2: Arch 2,2.411761748,11.15359366,13,H,3.202489,9.635116833,7.784386358,S,0.090522324,1,-0.281769653,0.726935945,-0.31585187,296 S,1,0.093197578
232,296,E2: Arch 2,2.411761748,11.15359366,13,H,3.202489,9.635116833,7.784386358,T,0.132920468,1,-0.317905765,0.003470059,0.42825434,296 T,1,-0.118301059
232,296,E2: Arch 2,2.411761748,11.15359366,13,H,3.202489,9.635116833,7.784386358,V,2.66E-05,1,-0.002382352,0.003954872,-0.001394329,296 V,0,1.886994875
232,296,E2: Arch 2,2.411761748,11.15359366,13,H,3.202489,9.635116833,7.784386358,W,0.000452554,1,-0.002382352,0.003954872,-0.001394329,296 W,0,-0.340306945
232,296,E2: Arch 2,2.411761748,11.15359366,13,H,3.202489,9.635116833,7.784386358,Y,0.029134793,1,-1.683456017,0.2944515,-1.036180817,296 Y,1,1.170447038
233,297,E2: Arch 2,2.78090348,16.13359075,16,K,2.299197963,14.36647333,2.472409586,A,0.171817916,1,0.31112527,0.867305864,0.295336558,297 A,1,0.078445254
233,297,E2: Arch 2,2.78090348,16.13359075,16,K,2.299197963,14.36647333,2.472409586,C,5.49E-05,1,-2.191663721,-2.172549993,-2.213620168,297 C,0,0.273241291
233,297,E2: Arch 2,2.78090348,16.13359075,16,K,2.299197963,14.36647333,2.472409586,D,0.025022851,1,-0.566565152,0.931487753,-0.358267244,297 D,1,0.388211107
233,297,E2: Arch 2,2.78090348,16.13359075,16,K,2.299197963,14.36647333,2.472409586,E,0.051590126,1,-0.330019962,0.452457656,0.369585942,297 E,1,0.944660048
233,297,E2: Arch 2,2.78090348,16.13359075,16,K,2.299197963,14.36647333,2.472409586,F,0.041389245,1,0.307048239,0.110199447,0.376045497,297 F,1,-0.707029277
233,297,E2: Arch 2,2.78090348,16.13359075,16,K,2.299197963,14.36647333,2.472409586,G,0.076881071,1,-0.144143577,0.485691438,-0.141177793,297 G,1,-0.048821021
233,297,E2: Arch 2,2.78090348,16.13359075,16,K,2.299197963,14.36647333,2.472409586,H,0.040746574,1,0.558168907,1.418934385,0.270280881,297 H,1,-1.377215827
233,297,E2: Arch 2,2.78090348,16.13359075,16,K,2.299197963,14.36647333,2.472409586,I,0.023693539,1,0.131847494,4.871195037,0.335614272,297 I,1,2.078860152
233,297,E2: Arch 2,2.78090348,16.13359075,16,K,2.299197963,14.36647333,2.472409586,K,0.056562641,1,NA,NA,NA,297 K,1,0
233,297,E2: Arch 2,2.78090348,16.13359075,16,K,2.299197963,14.36647333,2.472409586,L,0.037261939,1,0.402362989,1.040029958,0.435602347,297 L,1,0.438231196
233,297,E2: Arch 2,2.78090348,16.13359075,16,K,2.299197963,14.36647333,2.472409586,M,0.034961027,1,-0.136941125,-1.152764249,-0.038579507,297 M,1,-0.052113485
233,297,E2: Arch 2,2.78090348,16.13359075,16,K,2.299197963,14.36647333,2.472409586,N,0.042313761,1,0.000616683,0.004572408,0.000575059,297 N,0,0.68769352
233,297,E2: Arch 2,2.78090348,16.13359075,16,K,2.299197963,14.36647333,2.472409586,P,0.027571909,1,-0.103670195,0.578013607,0.015809256,297 P,1,-0.052261425
233,297,E2: Arch 2,2.78090348,16.13359075,16,K,2.299197963,14.36647333,2.472409586,Q,0.083001794,1,-0.488384485,0.309282278,0.126683479,297 Q,1,0.434333487
233,297,E2: Arch 2,2.78090348,16.13359075,16,K,2.299197963,14.36647333,2.472409586,R,0.087639277,1,0.219784874,0.026737084,-0.03502881,297 R,1,-0.175393718
233,297,E2: Arch 2,2.78090348,16.13359075,16,K,2.299197963,14.36647333,2.472409586,S,0.049057423,1,0.19145911,1.305540539,0.044628438,297 S,1,-0.384605463
233,297,E2: Arch 2,2.78090348,16.13359075,16,K,2.299197963,14.36647333,2.472409586,T,0.014725014,1,-0.128495676,1.1544644,0.164213993,297 T,1,-0.771057657
233,297,E2: Arch 2,2.78090348,16.13359075,16,K,2.299197963,14.36647333,2.472409586,V,0.038402787,1,0.175551033,0.801416658,0.036883746,297 V,1,0.167294181
233,297,E2: Arch 2,2.78090348,16.13359075,16,K,2.299197963,14.36647333,2.472409586,W,0.047405687,1,0.000616683,0.004572408,0.000575059,297 W,0,-0.514081283
233,297,E2: Arch 2,2.78090348,16.13359075,16,K,2.299197963,14.36647333,2.472409586,Y,0.049900565,1,0.000616683,0.004572408,0.000575059,297 Y,0,0.499721845
234,298,E2: Arch 2,1.572785303,4.820054827,9,K,2.648362233,15.49305947,0.628404258,A,0.003371797,1,-0.213928985,0.455900331,-0.080296518,298 A,1,-0.117278532
234,298,E2: Arch 2,1.572785303,4.820054827,9,K,2.648362233,15.49305947,0.628404258,C,6.24E-06,1,-0.000465478,0.00211681,-0.000368144,298 C,0,-0.082565164
234,298,E2: Arch 2,1.572785303,4.820054827,9,K,2.648362233,15.49305947,0.628404258,D,0.052355232,1,-0.000465478,0.00211681,-0.000368144,298 D,0,-0.099000586
234,298,E2: Arch 2,1.572785303,4.820054827,9,K,2.648362233,15.49305947,0.628404258,E,0.024432037,1,-4.379322797,-0.889504683,-0.891496343,298 E,1,0.549415003
234,298,E2: Arch 2,1.572785303,4.820054827,9,K,2.648362233,15.49305947,0.628404258,F,0.613790373,1,-6.540305125,-3.137342658,0.378222795,298 F,1,0.28104974
234,298,E2: Arch 2,1.572785303,4.820054827,9,K,2.648362233,15.49305947,0.628404258,G,1.62E-05,1,-0.000465478,0.00211681,-0.000368144,298 G,0,-0.961934039
234,298,E2: Arch 2,1.572785303,4.820054827,9,K,2.648362233,15.49305947,0.628404258,H,0.005296977,1,-0.035299845,0.530032236,-0.089799856,298 H,1,1.038657872
234,298,E2: Arch 2,1.572785303,4.820054827,9,K,2.648362233,15.49305947,0.628404258,I,0.046522971,1,-0.000465478,8.969090912,-0.000368144,298 I,0,-0.171796189
234,298,E2: Arch 2,1.572785303,4.820054827,9,K,2.648362233,15.49305947,0.628404258,K,0.010984269,1,NA,NA,NA,298 K,1,0
234,298,E2: Arch 2,1.572785303,4.820054827,9,K,2.648362233,15.49305947,0.628404258,L,0.004433735,1,0.124993907,1.050048646,-0.025712456,298 L,1,-0.968871976
234,298,E2: Arch 2,1.572785303,4.820054827,9,K,2.648362233,15.49305947,0.628404258,M,0.047661711,1,-0.000465478,0.00211681,-0.000368144,298 M,0,-0.07505615
234,298,E2: Arch 2,1.572785303,4.820054827,9,K,2.648362233,15.49305947,0.628404258,N,0.0515383,1,-0.000465478,0.00211681,-0.000368144,298 N,0,0.207881741
234,298,E2: Arch 2,1.572785303,4.820054827,9,K,2.648362233,15.49305947,0.628404258,P,2.70E-05,1,-0.000465478,0.00211681,-0.000368144,298 P,0,0.91750176
234,298,E2: Arch 2,1.572785303,4.820054827,9,K,2.648362233,15.49305947,0.628404258,Q,0.045677016,1,-0.000465478,0.00211681,-0.000368144,298 Q,0,-0.697818947
234,298,E2: Arch 2,1.572785303,4.820054827,9,K,2.648362233,15.49305947,0.628404258,R,0.006059783,1,-0.992502207,-0.886111344,-1.434001999,298 R,1,-0.493500583
234,298,E2: Arch 2,1.572785303,4.820054827,9,K,2.648362233,15.49305947,0.628404258,S,9.56E-06,1,2.235778408,0.00211681,-0.000368144,298 S,0,0.353904705
234,298,E2: Arch 2,1.572785303,4.820054827,9,K,2.648362233,15.49305947,0.628404258,T,0.024974947,1,0.206542952,1.069064154,0.064100439,298 T,1,0.649078714
234,298,E2: Arch 2,1.572785303,4.820054827,9,K,2.648362233,15.49305947,0.628404258,V,0.010032819,1,0.081046966,1.096118105,0.186081024,298 V,1,-0.113339019
234,298,E2: Arch 2,1.572785303,4.820054827,9,K,2.648362233,15.49305947,0.628404258,W,9.96E-05,1,-0.000465478,2.303753795,-0.000368144,298 W,0,0.686862056
234,298,E2: Arch 2,1.572785303,4.820054827,9,K,2.648362233,15.49305947,0.628404258,Y,0.052709377,1,-0.000465478,0.00211681,-0.000368144,298 Y,0,-2.059012956
235,299,E2: Arch 2,1.287822208,3.62488371,5,W,3.118747966,2.436844505,4.781925347,A,0.000149256,1,-3.07E-05,6.81E-06,2.36E-05,299 A,0,-0.19656771
235,299,E2: Arch 2,1.287822208,3.62488371,5,W,3.118747966,2.436844505,4.781925347,C,0.046128118,1,-3.07E-05,6.81E-06,2.36E-05,299 C,0,0.208417921
235,299,E2: Arch 2,1.287822208,3.62488371,5,W,3.118747966,2.436844505,4.781925347,D,0.00105085,1,-3.07E-05,6.81E-06,2.36E-05,299 D,0,0.760019493
235,299,E2: Arch 2,1.287822208,3.62488371,5,W,3.118747966,2.436844505,4.781925347,E,0.477107082,1,2.743652331,2.431772986,2.308458392,299 E,1,-0.138191872
235,299,E2: Arch 2,1.287822208,3.62488371,5,W,3.118747966,2.436844505,4.781925347,F,0.000160532,1,-3.07E-05,6.81E-06,2.36E-05,299 F,0,0.690414588
235,299,E2: Arch 2,1.287822208,3.62488371,5,W,3.118747966,2.436844505,4.781925347,G,0.04946449,1,-2.509745069,0.004969388,-0.062807787,299 G,1,-0.2485365
235,299,E2: Arch 2,1.287822208,3.62488371,5,W,3.118747966,2.436844505,4.781925347,H,0.000964148,1,-3.07E-05,6.81E-06,2.36E-05,299 H,0,-0.104647064
235,299,E2: Arch 2,1.287822208,3.62488371,5,W,3.118747966,2.436844505,4.781925347,I,0.000142505,1,-3.07E-05,6.81E-06,2.36E-05,299 I,0,0.169203624
235,299,E2: Arch 2,1.287822208,3.62488371,5,W,3.118747966,2.436844505,4.781925347,K,0.000410006,1,-3.07E-05,6.81E-06,2.36E-05,299 K,0,0.41008896
235,299,E2: Arch 2,1.287822208,3.62488371,5,W,3.118747966,2.436844505,4.781925347,L,1.30E-05,1,-3.07E-05,6.81E-06,2.36E-05,299 L,0,0.584223516
235,299,E2: Arch 2,1.287822208,3.62488371,5,W,3.118747966,2.436844505,4.781925347,M,0.000177441,1,-3.07E-05,6.81E-06,2.36E-05,299 M,0,0.002169764
235,299,E2: Arch 2,1.287822208,3.62488371,5,W,3.118747966,2.436844505,4.781925347,N,0.051890735,1,-2.49689702,-0.244205688,2.47311296,299 N,1,-0.320713697
235,299,E2: Arch 2,1.287822208,3.62488371,5,W,3.118747966,2.436844505,4.781925347,P,0.000191031,1,-3.07E-05,6.81E-06,2.36E-05,299 P,0,0.238318085
235,299,E2: Arch 2,1.287822208,3.62488371,5,W,3.118747966,2.436844505,4.781925347,Q,0.000309268,1,0.375095635,6.81E-06,2.36E-05,299 Q,0,-0.711152405
235,299,E2: Arch 2,1.287822208,3.62488371,5,W,3.118747966,2.436844505,4.781925347,R,0.021263177,1,-0.719897724,-0.1548453,-0.431842126,299 R,1,-1.429776457
235,299,E2: Arch 2,1.287822208,3.62488371,5,W,3.118747966,2.436844505,4.781925347,S,0.000200545,1,-3.07E-05,6.81E-06,2.36E-05,299 S,0,0.362000866
235,299,E2: Arch 2,1.287822208,3.62488371,5,W,3.118747966,2.436844505,4.781925347,T,0.000459931,1,-3.07E-05,6.81E-06,2.36E-05,299 T,0,0.17257039
235,299,E2: Arch 2,1.287822208,3.62488371,5,W,3.118747966,2.436844505,4.781925347,V,0.001187246,1,-3.07E-05,6.81E-06,2.36E-05,299 V,0,-0.113550185
235,299,E2: Arch 2,1.287822208,3.62488371,5,W,3.118747966,2.436844505,4.781925347,W,0.348591717,1,NA,NA,NA,299 W,1,0
235,299,E2: Arch 2,1.287822208,3.62488371,5,W,3.118747966,2.436844505,4.781925347,Y,0.000138945,1,-3.07E-05,6.81E-06,2.36E-05,299 Y,0,-0.286089904
236,300,E2: Arch 2,2.174741965,8.799914142,9,Q,3.0913737,2.882152008,0.548757781,A,0.173877628,1,0.192860772,-0.272094189,0.125776579,300 A,1,-0.202281894
236,300,E2: Arch 2,2.174741965,8.799914142,9,Q,3.0913737,2.882152008,0.548757781,C,0.000448111,1,0.000186468,-0.00020923,-0.000335146,300 C,0,1.019318561
236,300,E2: Arch 2,2.174741965,8.799914142,9,Q,3.0913737,2.882152008,0.548757781,D,9.40E-05,1,-2.691221261,-2.671910998,-2.703331326,300 D,0,-0.39622121
236,300,E2: Arch 2,2.174741965,8.799914142,9,Q,3.0913737,2.882152008,0.548757781,E,0.050230542,1,0.000186468,-0.00020923,-0.000335146,300 E,0,-0.710654574
236,300,E2: Arch 2,2.174741965,8.799914142,9,Q,3.0913737,2.882152008,0.548757781,F,0.060308048,1,-0.520715199,-2.845314278,-2.989921117,300 F,1,0.191262501
236,300,E2: Arch 2,2.174741965,8.799914142,9,Q,3.0913737,2.882152008,0.548757781,G,0.021772389,1,-2.16372746,0.506540388,0.422981202,300 G,1,0.072361989
236,300,E2: Arch 2,2.174741965,8.799914142,9,Q,3.0913737,2.882152008,0.548757781,H,0.050528819,1,0.000186468,-0.00020923,-0.000335146,300 H,0,-0.215971137
236,300,E2: Arch 2,2.174741965,8.799914142,9,Q,3.0913737,2.882152008,0.548757781,I,0.000987458,1,0.000186468,-0.00020923,-0.000335146,300 I,0,-0.129988744
236,300,E2: Arch 2,2.174741965,8.799914142,9,Q,3.0913737,2.882152008,0.548757781,K,0.051736098,1,0.000186468,-0.00020923,-0.000335146,300 K,0,0.078234582
236,300,E2: Arch 2,2.174741965,8.799914142,9,Q,3.0913737,2.882152008,0.548757781,L,0.023919471,1,-2.984709683,2.37561162,-2.916980988,300 L,1,-0.818670385
236,300,E2: Arch 2,2.174741965,8.799914142,9,Q,3.0913737,2.882152008,0.548757781,M,0.051440596,1,0.000186468,-0.00020923,-0.000335146,300 M,0,-0.003770685
236,300,E2: Arch 2,2.174741965,8.799914142,9,Q,3.0913737,2.882152008,0.548757781,N,0.050459452,1,0.000186468,-0.00020923,-0.000335146,300 N,0,-0.273566688
236,300,E2: Arch 2,2.174741965,8.799914142,9,Q,3.0913737,2.882152008,0.548757781,P,0.000104686,1,0.000186468,-0.00020923,-0.000335146,300 P,0,-1.022834245
236,300,E2: Arch 2,2.174741965,8.799914142,9,Q,3.0913737,2.882152008,0.548757781,Q,0.133583493,1,NA,NA,NA,300 Q,1,0
236,300,E2: Arch 2,2.174741965,8.799914142,9,Q,3.0913737,2.882152008,0.548757781,R,0.009407568,1,-3.127209475,-0.28531192,-0.296487494,300 R,1,-0.218365203
236,300,E2: Arch 2,2.174741965,8.799914142,9,Q,3.0913737,2.882152008,0.548757781,S,0.020369229,1,-0.722914678,-2.485612573,-0.303113049,300 S,1,-1.051002714
236,300,E2: Arch 2,2.174741965,8.799914142,9,Q,3.0913737,2.882152008,0.548757781,T,0.300068552,1,0.276304609,-0.360726033,-0.327489579,300 T,1,0.442040424
236,300,E2: Arch 2,2.174741965,8.799914142,9,Q,3.0913737,2.882152008,0.548757781,V,0.000240504,1,2.620343633,-0.00020923,-0.000335146,300 V,0,0.044829602
236,300,E2: Arch 2,2.174741965,8.799914142,9,Q,3.0913737,2.882152008,0.548757781,W,0.000350776,1,0.000186468,-0.00020923,-0.000335146,300 W,0,0.238049201
236,300,E2: Arch 2,2.174741965,8.799914142,9,Q,3.0913737,2.882152008,0.548757781,Y,7.26E-05,1,0.000186468,-0.00020923,-0.000335146,300 Y,0,-0.510775114
237,301,E2: Arch 2,1.897946519,6.672179171,7,Y,4.485613887,0,0.058137447,A,0.079390511,1,-0.551143931,-0.45377594,-0.560408555,301 A,1,-0.400916309
237,301,E2: Arch 2,1.897946519,6.672179171,7,Y,4.485613887,0,0.058137447,C,0.031578033,1,-2.185823007,-0.457077222,-1.515581575,301 C,1,1.566759887
237,301,E2: Arch 2,1.897946519,6.672179171,7,Y,4.485613887,0,0.058137447,D,0.049852432,1,0.000318619,-0.00032119,-0.000194945,301 D,0,2.747910368
237,301,E2: Arch 2,1.897946519,6.672179171,7,Y,4.485613887,0,0.058137447,E,0.000165033,1,0.000318619,-0.00032119,-0.000194945,301 E,0,0.219955604
237,301,E2: Arch 2,1.897946519,6.672179171,7,Y,4.485613887,0,0.058137447,F,0.049582878,1,0.000318619,-0.00032119,-0.000194945,301 F,0,0.7004565
237,301,E2: Arch 2,1.897946519,6.672179171,7,Y,4.485613887,0,0.058137447,G,0.000252684,1,0.000318619,-0.00032119,-0.000194945,301 G,0,-0.701907406
237,301,E2: Arch 2,1.897946519,6.672179171,7,Y,4.485613887,0,0.058137447,H,0.398879448,1,-0.452645639,-0.013711577,0.058137447,301 H,1,-1.491826383
237,301,E2: Arch 2,1.897946519,6.672179171,7,Y,4.485613887,0,0.058137447,I,0.000181578,1,0.000318619,-0.00032119,-0.000194945,301 I,0,-0.757647944
237,301,E2: Arch 2,1.897946519,6.672179171,7,Y,4.485613887,0,0.058137447,K,0.000928315,1,0.000318619,-0.00032119,-0.000194945,301 K,0,0.331024178
237,301,E2: Arch 2,1.897946519,6.672179171,7,Y,4.485613887,0,0.058137447,L,0.032016925,1,2.118503014,-2.857911595,-0.221671179,301 L,1,-1.801580504
237,301,E2: Arch 2,1.897946519,6.672179171,7,Y,4.485613887,0,0.058137447,M,0.000481083,1,-2.304173169,-2.285359219,-2.316329053,301 M,0,-1.081609937
237,301,E2: Arch 2,1.897946519,6.672179171,7,Y,4.485613887,0,0.058137447,N,0.052675594,1,0.000318619,-0.00032119,-0.000194945,301 N,0,-1.014044992
237,301,E2: Arch 2,1.897946519,6.672179171,7,Y,4.485613887,0,0.058137447,P,0.055225646,1,-0.817295008,-3.227171902,-0.524841064,301 P,1,-0.267829368
237,301,E2: Arch 2,1.897946519,6.672179171,7,Y,4.485613887,0,0.058137447,Q,0.000324065,1,0.000318619,-0.00032119,-0.000194945,301 Q,0,0.284555087
237,301,E2: Arch 2,1.897946519,6.672179171,7,Y,4.485613887,0,0.058137447,R,0.000133338,1,0.000318619,-0.00032119,-0.000194945,301 R,0,0.466055493
237,301,E2: Arch 2,1.897946519,6.672179171,7,Y,4.485613887,0,0.058137447,S,0.001223127,1,0.000318619,-0.00032119,-0.000194945,301 S,0,-0.094018489
237,301,E2: Arch 2,1.897946519,6.672179171,7,Y,4.485613887,0,0.058137447,T,0.000263801,1,0.000318619,-0.00032119,-0.000194945,301 T,0,-1.821771924
237,301,E2: Arch 2,1.897946519,6.672179171,7,Y,4.485613887,0,0.058137447,V,0.000547551,1,2.36360606,-0.00032119,-0.000194945,301 V,0,0.495034092
237,301,E2: Arch 2,1.897946519,6.672179171,7,Y,4.485613887,0,0.058137447,W,0.046150489,1,-0.712342694,-2.073306895,-0.339359224,301 W,1,2.06795421
237,301,E2: Arch 2,1.897946519,6.672179171,7,Y,4.485613887,0,0.058137447,Y,0.200147468,1,NA,NA,NA,301 Y,1,0
238,302,E2: Arch 2,2.859382788,17.4507528,8,N,0.937396169,3.939385693,0.128248171,A,0.000441003,1,7.92E-05,0.000812205,-0.000745465,302 A,0,0.002784447
238,302,E2: Arch 2,2.859382788,17.4507528,8,N,0.937396169,3.939385693,0.128248171,C,0.043611468,1,0.204654388,-2.158652475,0.128248171,302 C,1,1.597612435
238,302,E2: Arch 2,2.859382788,17.4507528,8,N,0.937396169,3.939385693,0.128248171,D,0.085664525,1,0.499476922,-0.573273527,-0.584106222,302 D,1,0.725852443
238,302,E2: Arch 2,2.859382788,17.4507528,8,N,0.937396169,3.939385693,0.128248171,E,0.049646263,1,7.92E-05,0.000812205,-0.000745465,302 E,0,-0.000456981
238,302,E2: Arch 2,2.859382788,17.4507528,8,N,0.937396169,3.939385693,0.128248171,F,0.049792588,1,7.92E-05,0.000812205,-0.000745465,302 F,0,1.023640829
238,302,E2: Arch 2,2.859382788,17.4507528,8,N,0.937396169,3.939385693,0.128248171,G,0.042256808,1,-0.715473608,0.456772892,-0.359867987,302 G,1,0.422543836
238,302,E2: Arch 2,2.859382788,17.4507528,8,N,0.937396169,3.939385693,0.128248171,H,0.058493334,1,7.92E-05,0.000812205,-0.000745465,302 H,0,1.881283183
238,302,E2: Arch 2,2.859382788,17.4507528,8,N,0.937396169,3.939385693,0.128248171,I,0.056556903,1,7.92E-05,0.000812205,-0.000745465,302 I,0,0.279308222
238,302,E2: Arch 2,2.859382788,17.4507528,8,N,0.937396169,3.939385693,0.128248171,K,0.053952142,1,7.92E-05,0.000812205,-0.000745465,302 K,0,0.124126426
238,302,E2: Arch 2,2.859382788,17.4507528,8,N,0.937396169,3.939385693,0.128248171,L,0.053140157,1,7.92E-05,0.000812205,-0.000745465,302 L,0,-0.765378175
238,302,E2: Arch 2,2.859382788,17.4507528,8,N,0.937396169,3.939385693,0.128248171,M,0.087337467,1,-0.460808546,0.977098144,-0.405270103,302 M,1,-0.311792926
238,302,E2: Arch 2,2.859382788,17.4507528,8,N,0.937396169,3.939385693,0.128248171,N,0.050384333,1,NA,NA,NA,302 N,1,0
238,302,E2: Arch 2,2.859382788,17.4507528,8,N,0.937396169,3.939385693,0.128248171,P,0.046467101,1,7.92E-05,0.000812205,-0.000745465,302 P,0,-0.037856361
238,302,E2: Arch 2,2.859382788,17.4507528,8,N,0.937396169,3.939385693,0.128248171,Q,0.045077587,1,7.92E-05,0.000812205,-0.000745465,302 Q,0,-1.182097664
238,302,E2: Arch 2,2.859382788,17.4507528,8,N,0.937396169,3.939385693,0.128248171,R,0.049007783,1,-0.067139289,1.597246438,-0.407221006,302 R,1,-0.273301734
238,302,E2: Arch 2,2.859382788,17.4507528,8,N,0.937396169,3.939385693,0.128248171,S,0.090310886,1,0.232315058,-0.379970227,-0.6684877,302 S,1,-0.402275259
238,302,E2: Arch 2,2.859382788,17.4507528,8,N,0.937396169,3.939385693,0.128248171,T,0.042960099,1,7.92E-05,0.000812205,-0.000745465,302 T,0,0.583701443
238,302,E2: Arch 2,2.859382788,17.4507528,8,N,0.937396169,3.939385693,0.128248171,V,0.055554906,1,-0.427254384,0.898521753,-0.346826264,302 V,1,0.60139632
238,302,E2: Arch 2,2.859382788,17.4507528,8,N,0.937396169,3.939385693,0.128248171,W,0.00013169,1,7.92E-05,0.000812205,-0.000745465,302 W,0,-1.83433E-05
238,302,E2: Arch 2,2.859382788,17.4507528,8,N,0.937396169,3.939385693,0.128248171,Y,0.039212955,1,7.92E-05,0.000812205,-0.000745465,302 Y,0,-0.844177303
239,303,E2: Arch 2,1.227414473,3.412395279,3,S,0.203519209,2.403027942,0,A,0.000544317,1,0.000350639,-0.000649519,-0.000529991,303 A,0,1.343038647
239,303,E2: Arch 2,1.227414473,3.412395279,3,S,0.203519209,2.403027942,0,C,0.000225557,1,0.000350639,-0.000649519,-0.000529991,303 C,0,0.590151562
239,303,E2: Arch 2,1.227414473,3.412395279,3,S,0.203519209,2.403027942,0,D,0.001818457,1,0.000350639,2.403027942,-0.000529991,303 D,0,0.287072684
239,303,E2: Arch 2,1.227414473,3.412395279,3,S,0.203519209,2.403027942,0,E,0.001188417,1,0.000350639,-0.000649519,-0.000529991,303 E,0,-0.020963017
239,303,E2: Arch 2,1.227414473,3.412395279,3,S,0.203519209,2.403027942,0,F,0.15186026,1,0.000350639,-0.000649519,-0.000529991,303 F,1,0.305416513
239,303,E2: Arch 2,1.227414473,3.412395279,3,S,0.203519209,2.403027942,0,G,0.001928309,1,0.000350639,-0.000649519,-0.000529991,303 G,0,-0.99849399
239,303,E2: Arch 2,1.227414473,3.412395279,3,S,0.203519209,2.403027942,0,H,0.000277491,1,0.000350639,-0.000649519,-0.000529991,303 H,0,-0.432522765
239,303,E2: Arch 2,1.227414473,3.412395279,3,S,0.203519209,2.403027942,0,I,0.00013982,1,0.000350639,-0.000649519,-0.000529991,303 I,0,-0.106139817
239,303,E2: Arch 2,1.227414473,3.412395279,3,S,0.203519209,2.403027942,0,K,0.000535476,1,0.000350639,-0.000649519,-0.000529991,303 K,0,-0.012821825
239,303,E2: Arch 2,1.227414473,3.412395279,3,S,0.203519209,2.403027942,0,L,0.000136968,1,0.000350639,-0.000649519,-0.000529991,303 L,0,0.348281224
239,303,E2: Arch 2,1.227414473,3.412395279,3,S,0.203519209,2.403027942,0,M,0.056076438,1,0.000350639,-0.000649519,-0.000529991,303 M,0,0.488628958
239,303,E2: Arch 2,1.227414473,3.412395279,3,S,0.203519209,2.403027942,0,N,0.001395634,1,0.000350639,-0.000649519,-0.000529991,303 N,0,0.064624122
239,303,E2: Arch 2,1.227414473,3.412395279,3,S,0.203519209,2.403027942,0,P,0.513655078,1,0.197207715,-0.718554935,-0.530108713,303 P,1,-0.281804722
239,303,E2: Arch 2,1.227414473,3.412395279,3,S,0.203519209,2.403027942,0,Q,0.00181736,1,0.000350639,-0.000649519,-0.000529991,303 Q,0,0.075218955
239,303,E2: Arch 2,1.227414473,3.412395279,3,S,0.203519209,2.403027942,0,R,0.000226751,1,0.000350639,-0.000649519,-0.000529991,303 R,0,0.245758494
239,303,E2: Arch 2,1.227414473,3.412395279,3,S,0.203519209,2.403027942,0,S,0.265657182,1,NA,NA,NA,303 S,1,0
239,303,E2: Arch 2,1.227414473,3.412395279,3,S,0.203519209,2.403027942,0,T,0.002120625,1,0.000350639,-0.000649519,-0.000529991,303 T,0,0.604174882
239,303,E2: Arch 2,1.227414473,3.412395279,3,S,0.203519209,2.403027942,0,V,0.000190003,1,0.000350639,-0.000649519,-0.000529991,303 V,0,0.290558542
239,303,E2: Arch 2,1.227414473,3.412395279,3,S,0.203519209,2.403027942,0,W,0.000198658,1,0.000350639,-0.000649519,-0.000529991,303 W,0,0.657422292
239,303,E2: Arch 2,1.227414473,3.412395279,3,S,0.203519209,2.403027942,0,Y,7.20E-06,1,0.000350639,-0.000649519,-0.000529991,303 Y,0,-1.544626857
240,304,E2: Arch 2,2.113395432,8.276295225,7,P,4.304647897,1.367356309,0.907047527,A,0.097357477,1,0.528322681,0.249641606,-0.048739952,304 A,1,1.424195034
240,304,E2: Arch 2,2.113395432,8.276295225,7,P,4.304647897,1.367356309,0.907047527,C,0.08078034,1,0.301805585,-0.243698535,0.000553448,304 C,1,-0.073776121
240,304,E2: Arch 2,2.113395432,8.276295225,7,P,4.304647897,1.367356309,0.907047527,D,0.049439195,1,-0.121022162,-0.652723195,-0.469035301,304 D,0,0.165831308
240,304,E2: Arch 2,2.113395432,8.276295225,7,P,4.304647897,1.367356309,0.907047527,E,0.00019191,1,2.38785662,-0.00042331,-0.000398674,304 E,0,-0.730296938
240,304,E2: Arch 2,2.113395432,8.276295225,7,P,4.304647897,1.367356309,0.907047527,F,0.000620251,1,0.000814324,-0.00042331,-0.000398674,304 F,0,1.12221224
240,304,E2: Arch 2,2.113395432,8.276295225,7,P,4.304647897,1.367356309,0.907047527,G,0.000138715,1,0.000814324,-0.00042331,-0.000398674,304 G,0,0.425113197
240,304,E2: Arch 2,2.113395432,8.276295225,7,P,4.304647897,1.367356309,0.907047527,H,5.39E-06,1,0.000814324,-0.00042331,-0.000398674,304 H,0,-2.928163329
240,304,E2: Arch 2,2.113395432,8.276295225,7,P,4.304647897,1.367356309,0.907047527,I,0.000764359,1,0.000814324,-0.00042331,-0.000398674,304 I,0,0.918317218
240,304,E2: Arch 2,2.113395432,8.276295225,7,P,4.304647897,1.367356309,0.907047527,K,0.042092926,1,0.000814324,-0.00042331,-0.000398674,304 K,0,0.15568496
240,304,E2: Arch 2,2.113395432,8.276295225,7,P,4.304647897,1.367356309,0.907047527,L,0.000224446,1,0.000814324,-0.00042331,-0.000398674,304 L,0,0.194070452
240,304,E2: Arch 2,2.113395432,8.276295225,7,P,4.304647897,1.367356309,0.907047527,M,0.001835191,1,0.000814324,-0.00042331,-0.000398674,304 M,0,0.092058266
240,304,E2: Arch 2,2.113395432,8.276295225,7,P,4.304647897,1.367356309,0.907047527,N,0.000111927,1,0.16002197,0.087685283,0.298641466,304 N,0,0.724665256
240,304,E2: Arch 2,2.113395432,8.276295225,7,P,4.304647897,1.367356309,0.907047527,P,0.198162323,1,NA,NA,NA,304 P,1,0
240,304,E2: Arch 2,2.113395432,8.276295225,7,P,4.304647897,1.367356309,0.907047527,Q,0.230890203,1,0.646405098,0.717060717,0.165519022,304 Q,1,0.286767018
240,304,E2: Arch 2,2.113395432,8.276295225,7,P,4.304647897,1.367356309,0.907047527,R,0.159865126,1,-0.156784033,0.312968703,0.086113659,304 R,1,-0.188026711
240,304,E2: Arch 2,2.113395432,8.276295225,7,P,4.304647897,1.367356309,0.907047527,S,0.00012627,1,0.000814324,-0.00042331,-0.000398674,304 S,0,0.918216578
240,304,E2: Arch 2,2.113395432,8.276295225,7,P,4.304647897,1.367356309,0.907047527,T,0.057659414,1,0.272092703,-1.024922269,-0.738948683,304 T,1,0.64451708
240,304,E2: Arch 2,2.113395432,8.276295225,7,P,4.304647897,1.367356309,0.907047527,V,0.025015267,1,-0.28869044,-4.855051755,0.356219933,304 V,1,-2.386469873
240,304,E2: Arch 2,2.113395432,8.276295225,7,P,4.304647897,1.367356309,0.907047527,W,0.000923558,1,0.000814324,-0.00042331,-0.000398674,304 W,0,-0.221394495
240,304,E2: Arch 2,2.113395432,8.276295225,7,P,4.304647897,1.367356309,0.907047527,Y,0.053795712,1,0.000814324,-0.00042331,-0.000398674,304 Y,0,0.633096675
241,305,E2: Arch 2,1.839246138,6.291793329,12,L,11.7883619,7.774070915,0.968044821,A,0.038203295,1,-0.091418281,-0.570405178,0.023224863,305 A,1,-1.211656891
241,305,E2: Arch 2,1.839246138,6.291793329,12,L,11.7883619,7.774070915,0.968044821,C,0.000163085,1,0.003730289,0.001996945,-0.000752154,305 C,0,-0.952303649
241,305,E2: Arch 2,1.839246138,6.291793329,12,L,11.7883619,7.774070915,0.968044821,D,2.04E-05,1,-0.070066187,0.289561801,-0.121410799,305 D,0,1.362226352
241,305,E2: Arch 2,1.839246138,6.291793329,12,L,11.7883619,7.774070915,0.968044821,E,0.052362601,1,0.003730289,0.001996945,-0.000752154,305 E,0,-0.363729492
241,305,E2: Arch 2,1.839246138,6.291793329,12,L,11.7883619,7.774070915,0.968044821,F,0.041300538,1,-0.19709415,-0.830761172,-0.569481838,305 F,1,-2.871371583
241,305,E2: Arch 2,1.839246138,6.291793329,12,L,11.7883619,7.774070915,0.968044821,G,0.002202476,1,-0.459363813,0.287382089,0.003509549,305 G,1,-0.332209973
241,305,E2: Arch 2,1.839246138,6.291793329,12,L,11.7883619,7.774070915,0.968044821,H,0.045955871,1,0.003730289,0.001996945,-0.000752154,305 H,0,-0.454856155
241,305,E2: Arch 2,1.839246138,6.291793329,12,L,11.7883619,7.774070915,0.968044821,I,7.89E-06,1,0.003730289,0.001996945,-0.000752154,305 I,0,-0.569377
241,305,E2: Arch 2,1.839246138,6.291793329,12,L,11.7883619,7.774070915,0.968044821,K,1.47E-05,1,0.003730289,0.001996945,-0.000752154,305 K,0,1.344437549
241,305,E2: Arch 2,1.839246138,6.291793329,12,L,11.7883619,7.774070915,0.968044821,L,0.016573467,1,NA,NA,NA,305 L,1,0
241,305,E2: Arch 2,1.839246138,6.291793329,12,L,11.7883619,7.774070915,0.968044821,M,6.32E-07,1,11.64215241,5.860124689,-0.000752154,305 M,0,0.288227856
241,305,E2: Arch 2,1.839246138,6.291793329,12,L,11.7883619,7.774070915,0.968044821,N,0.017472513,1,-0.821108031,-0.037202051,-0.914054846,305 N,1,-1.298531632
241,305,E2: Arch 2,1.839246138,6.291793329,12,L,11.7883619,7.774070915,0.968044821,P,0.103340074,1,-0.496363384,0.314795128,0.728875684,305 P,1,-0.911329748
241,305,E2: Arch 2,1.839246138,6.291793329,12,L,11.7883619,7.774070915,0.968044821,Q,0.046480244,1,0.003730289,0.001996945,-0.000752154,305 Q,0,-2.050918102
241,305,E2: Arch 2,1.839246138,6.291793329,12,L,11.7883619,7.774070915,0.968044821,R,0.521302072,1,-0.586536927,0.010854683,-0.485648867,305 R,1,0.662243132
241,305,E2: Arch 2,1.839246138,6.291793329,12,L,11.7883619,7.774070915,0.968044821,S,0.009397033,1,-0.160726452,-2.79430163,-2.836240366,305 S,1,1.114251714
241,305,E2: Arch 2,1.839246138,6.291793329,12,L,11.7883619,7.774070915,0.968044821,T,0.047484799,1,-1.025002698,-1.191166275,-1.007713982,305 T,1,0.489158144
241,305,E2: Arch 2,1.839246138,6.291793329,12,L,11.7883619,7.774070915,0.968044821,V,0.020443382,1,-0.152094995,0.460758976,-0.001727168,305 V,1,0.041638225
241,305,E2: Arch 2,1.839246138,6.291793329,12,L,11.7883619,7.774070915,0.968044821,W,0.015713692,1,-0.573042494,0.257529855,-0.226428127,305 W,1,-0.212233918
241,305,E2: Arch 2,1.839246138,6.291793329,12,L,11.7883619,7.774070915,0.968044821,Y,0.021561186,1,0.123827749,0.281082023,0.212434725,305 Y,1,-0.042491073
242,306,E2: Arch 2,2.240535272,9.398360621,12,V,5.297952881,1.657150397,2.62417617,A,0.065964202,1,-0.179256147,0.598753566,0.144837588,306 A,1,-0.251847931
242,306,E2: Arch 2,2.240535272,9.398360621,12,V,5.297952881,1.657150397,2.62417617,C,5.43E-05,1,2.35711564,-0.000780277,2.20383948,306 C,0,1.536114654
242,306,E2: Arch 2,2.240535272,9.398360621,12,V,5.297952881,1.657150397,2.62417617,D,4.14E-05,1,0.001368186,-0.000780277,-0.000872476,306 D,0,-1.039956532
242,306,E2: Arch 2,2.240535272,9.398360621,12,V,5.297952881,1.657150397,2.62417617,E,0.000183597,1,0.001368186,-0.000780277,-0.000872476,306 E,0,-0.182719678
242,306,E2: Arch 2,2.240535272,9.398360621,12,V,5.297952881,1.657150397,2.62417617,F,0.003704685,1,2.355426481,-2.584003685,0.140414556,306 F,1,1.474855132
242,306,E2: Arch 2,2.240535272,9.398360621,12,V,5.297952881,1.657150397,2.62417617,G,0.228463793,1,0.346130169,-0.572035709,-0.38681718,306 G,1,-0.14835958
242,306,E2: Arch 2,2.240535272,9.398360621,12,V,5.297952881,1.657150397,2.62417617,H,0.058440057,1,0.001368186,-0.000780277,-0.000872476,306 H,0,0.466516107
242,306,E2: Arch 2,2.240535272,9.398360621,12,V,5.297952881,1.657150397,2.62417617,I,0.254527293,1,0.001368186,-0.000780277,-0.000872476,306 I,1,4.776594885
242,306,E2: Arch 2,2.240535272,9.398360621,12,V,5.297952881,1.657150397,2.62417617,K,0.049408707,1,0.001368186,-0.000780277,-0.000872476,306 K,0,-0.422575467
242,306,E2: Arch 2,2.240535272,9.398360621,12,V,5.297952881,1.657150397,2.62417617,L,0.037828573,1,-0.668208079,0.343259855,-0.037797325,306 L,1,-0.624537511
242,306,E2: Arch 2,2.240535272,9.398360621,12,V,5.297952881,1.657150397,2.62417617,M,0.052649285,1,0.158034682,-0.038415528,0.002232796,306 M,1,0.214944196
242,306,E2: Arch 2,2.240535272,9.398360621,12,V,5.297952881,1.657150397,2.62417617,N,0.046724987,1,0.001368186,-0.000780277,-0.000872476,306 N,0,0.686745214
242,306,E2: Arch 2,2.240535272,9.398360621,12,V,5.297952881,1.657150397,2.62417617,P,0.000519582,1,0.001368186,-0.000780277,-0.000872476,306 P,0,0.356179331
242,306,E2: Arch 2,2.240535272,9.398360621,12,V,5.297952881,1.657150397,2.62417617,Q,0.040562468,1,0.068932233,0.214800357,0.132851751,306 Q,1,0.028175619
242,306,E2: Arch 2,2.240535272,9.398360621,12,V,5.297952881,1.657150397,2.62417617,R,0.002471597,1,-2.660145739,-4.939809598,-2.79381071,306 R,1,0.597448747
242,306,E2: Arch 2,2.240535272,9.398360621,12,V,5.297952881,1.657150397,2.62417617,S,0.056098923,1,-0.024460506,0.50033662,-0.039001081,306 S,1,-0.378596789
242,306,E2: Arch 2,2.240535272,9.398360621,12,V,5.297952881,1.657150397,2.62417617,T,0.054699411,1,-0.467053636,-0.318102667,-0.281646333,306 T,1,0.773900859
242,306,E2: Arch 2,2.240535272,9.398360621,12,V,5.297952881,1.657150397,2.62417617,V,0.047460555,1,NA,NA,NA,306 V,1,0
242,306,E2: Arch 2,2.240535272,9.398360621,12,V,5.297952881,1.657150397,2.62417617,W,0.000134179,1,0.001368186,-0.000780277,-0.000872476,306 W,0,-0.577058898
242,306,E2: Arch 2,2.240535272,9.398360621,12,V,5.297952881,1.657150397,2.62417617,Y,6.24E-05,1,0.001368186,-0.000780277,-0.000872476,306 Y,0,2.022175394
243,307,E2: Arch 2,2.106709373,8.221144009,8,P,0.350765004,1.637454637,0.378831897,A,0.042545028,1,0.350765004,0.075425825,-0.103861366,307 A,1,0.1630662
243,307,E2: Arch 2,2.106709373,8.221144009,8,P,0.350765004,1.637454637,0.378831897,C,0.120759366,1,-0.144341321,-0.081300179,-0.044552578,307 C,1,0.954059275
243,307,E2: Arch 2,2.106709373,8.221144009,8,P,0.350765004,1.637454637,0.378831897,D,0.05177529,1,-0.000199354,0.000523814,2.63E-05,307 D,0,-0.251953694
243,307,E2: Arch 2,2.106709373,8.221144009,8,P,0.350765004,1.637454637,0.378831897,E,0.047597578,1,-0.000199354,0.000523814,2.63E-05,307 E,0,0.27521486
243,307,E2: Arch 2,2.106709373,8.221144009,8,P,0.350765004,1.637454637,0.378831897,F,0.000679534,1,-0.000199354,0.000523814,2.63E-05,307 F,0,-0.161286243
243,307,E2: Arch 2,2.106709373,8.221144009,8,P,0.350765004,1.637454637,0.378831897,G,3.02E-05,1,-0.000199354,0.000523814,2.63E-05,307 G,0,-0.843071753
243,307,E2: Arch 2,2.106709373,8.221144009,8,P,0.350765004,1.637454637,0.378831897,H,5.86E-05,1,-0.000199354,0.000523814,2.63E-05,307 H,0,-0.365935334
243,307,E2: Arch 2,2.106709373,8.221144009,8,P,0.350765004,1.637454637,0.378831897,I,0.000144,1,-0.000199354,0.000523814,2.63E-05,307 I,0,-0.398352406
243,307,E2: Arch 2,2.106709373,8.221144009,8,P,0.350765004,1.637454637,0.378831897,K,0.049554448,1,-0.000199354,0.000523814,2.63E-05,307 K,0,0.170488573
243,307,E2: Arch 2,2.106709373,8.221144009,8,P,0.350765004,1.637454637,0.378831897,L,0.028068945,1,-0.146389227,0.656898254,0.358450929,307 L,1,-0.707768499
243,307,E2: Arch 2,2.106709373,8.221144009,8,P,0.350765004,1.637454637,0.378831897,M,0.314383837,1,-0.754119914,0.824301655,-0.326411679,307 M,1,1.491719737
243,307,E2: Arch 2,2.106709373,8.221144009,8,P,0.350765004,1.637454637,0.378831897,N,9.71E-05,1,-0.000199354,0.000523814,2.63E-05,307 N,0,0.380223864
243,307,E2: Arch 2,2.106709373,8.221144009,8,P,0.350765004,1.637454637,0.378831897,P,0.104058084,1,NA,NA,NA,307 P,1,0
243,307,E2: Arch 2,2.106709373,8.221144009,8,P,0.350765004,1.637454637,0.378831897,Q,0.139970213,1,-0.012304643,0.074019324,0.020039671,307 Q,1,1.135082067
243,307,E2: Arch 2,2.106709373,8.221144009,8,P,0.350765004,1.637454637,0.378831897,R,1.23E-05,1,-0.000199354,0.000523814,2.63E-05,307 R,0,-0.476120642
243,307,E2: Arch 2,2.106709373,8.221144009,8,P,0.350765004,1.637454637,0.378831897,S,0.022336602,1,-0.000199354,0.000523814,2.63E-05,307 S,1,0.79731371
243,307,E2: Arch 2,2.106709373,8.221144009,8,P,0.350765004,1.637454637,0.378831897,T,2.53E-06,1,-0.000199354,0.000523814,2.63E-05,307 T,0,-2.265817907
243,307,E2: Arch 2,2.106709373,8.221144009,8,P,0.350765004,1.637454637,0.378831897,V,0.077440857,1,-0.445742227,-0.114472869,-1.059512359,307 V,1,-2.782995506
243,307,E2: Arch 2,2.106709373,8.221144009,8,P,0.350765004,1.637454637,0.378831897,W,0.00034138,1,-0.000199354,0.000523814,2.63E-05,307 W,0,1.106127785
243,307,E2: Arch 2,2.106709373,8.221144009,8,P,0.350765004,1.637454637,0.378831897,Y,0.000144094,1,-0.000199354,0.000523814,2.63E-05,307 Y,0,-0.074968669
244,308,E2: Arch 2,1.810345509,6.112559012,6,R,0.37985475,12.29657845,3.298738351,A,0.000239625,1,-2.203716451,3.284533062,0.036722281,308 A,0,0.28583698
244,308,E2: Arch 2,1.810345509,6.112559012,6,R,0.37985475,12.29657845,3.298738351,C,0.014428848,1,-1.861699627,-1.298177093,0.713390887,308 C,1,0.094983374
244,308,E2: Arch 2,1.810345509,6.112559012,6,R,0.37985475,12.29657845,3.298738351,D,0.051388819,1,-0.000105837,0.00053456,-4.80E-05,308 D,0,0.416677122
244,308,E2: Arch 2,1.810345509,6.112559012,6,R,0.37985475,12.29657845,3.298738351,E,0.045689728,1,-0.000105837,0.00053456,-4.80E-05,308 E,0,-0.014352575
244,308,E2: Arch 2,1.810345509,6.112559012,6,R,0.37985475,12.29657845,3.298738351,F,0.000470543,1,-0.000105837,0.00053456,-4.80E-05,308 F,0,0.586130439
244,308,E2: Arch 2,1.810345509,6.112559012,6,R,0.37985475,12.29657845,3.298738351,G,0.119820115,1,-0.082596771,4.366215665,-0.088417715,308 G,1,0.939448722
244,308,E2: Arch 2,1.810345509,6.112559012,6,R,0.37985475,12.29657845,3.298738351,H,0.005479471,1,0.379854746,1.444914138,2.486969088,308 H,1,-0.772799144
244,308,E2: Arch 2,1.810345509,6.112559012,6,R,0.37985475,12.29657845,3.298738351,I,0.000142788,1,-0.000105837,0.00053456,-4.80E-05,308 I,0,-0.046709346
244,308,E2: Arch 2,1.810345509,6.112559012,6,R,0.37985475,12.29657845,3.298738351,K,0.002845538,1,-0.000105837,0.00053456,-4.80E-05,308 K,0,-0.035114204
244,308,E2: Arch 2,1.810345509,6.112559012,6,R,0.37985475,12.29657845,3.298738351,L,0.000880378,1,-0.000105837,0.00053456,-4.80E-05,308 L,0,1.129203039
244,308,E2: Arch 2,1.810345509,6.112559012,6,R,0.37985475,12.29657845,3.298738351,M,0.000411543,1,-0.000105837,0.00053456,-4.80E-05,308 M,0,-0.081203233
244,308,E2: Arch 2,1.810345509,6.112559012,6,R,0.37985475,12.29657845,3.298738351,N,0.000697656,1,-0.000105837,0.00053456,-4.80E-05,308 N,0,0.039973178
244,308,E2: Arch 2,1.810345509,6.112559012,6,R,0.37985475,12.29657845,3.298738351,P,0.000297611,1,-0.000105837,0.00053456,-4.80E-05,308 P,0,0.102641321
244,308,E2: Arch 2,1.810345509,6.112559012,6,R,0.37985475,12.29657845,3.298738351,Q,0.294076166,1,-0.707331402,0.648396117,-0.769807757,308 Q,1,-0.19463643
244,308,E2: Arch 2,1.810345509,6.112559012,6,R,0.37985475,12.29657845,3.298738351,R,0.301978468,1,NA,NA,NA,308 R,1,0
244,308,E2: Arch 2,1.810345509,6.112559012,6,R,0.37985475,12.29657845,3.298738351,S,0.093741745,1,-0.232991556,0.315593976,0.061656094,308 S,1,0.216886094
244,308,E2: Arch 2,1.810345509,6.112559012,6,R,0.37985475,12.29657845,3.298738351,T,0.000300962,1,-0.000105837,2.23051077,-4.80E-05,308 T,0,-0.694991228
244,308,E2: Arch 2,1.810345509,6.112559012,6,R,0.37985475,12.29657845,3.298738351,V,0.000552288,1,-0.000105837,0.00053456,-4.80E-05,308 V,0,0.046829651
244,308,E2: Arch 2,1.810345509,6.112559012,6,R,0.37985475,12.29657845,3.298738351,W,0.066222923,1,-0.000105837,0.00053456,-4.80E-05,308 W,0,0.000315424
244,308,E2: Arch 2,1.810345509,6.112559012,6,R,0.37985475,12.29657845,3.298738351,Y,0.000334788,1,-0.000105837,0.00053456,-4.80E-05,308 Y,0,-0.612723012
245,309,E2: Arch 2,2.567444549,13.03247799,12,N,6.624251624,4.112641551,4.35297572,A,9.82E-05,1,0.000265921,-0.000257781,0.000124447,309 A,0,0.229809829
245,309,E2: Arch 2,2.567444549,13.03247799,12,N,6.624251624,4.112641551,4.35297572,C,0.000569934,1,4.901226977,2.826519154,2.409959097,309 C,0,-0.052206806
245,309,E2: Arch 2,2.567444549,13.03247799,12,N,6.624251624,4.112641551,4.35297572,D,0.022065072,1,0.210896023,0.351118721,0.213763723,309 D,1,0.668451005
245,309,E2: Arch 2,2.567444549,13.03247799,12,N,6.624251624,4.112641551,4.35297572,E,0.065724842,1,-0.07386169,-3.482546159,-0.290957398,309 E,1,-1.386071599
245,309,E2: Arch 2,2.567444549,13.03247799,12,N,6.624251624,4.112641551,4.35297572,F,4.21E-05,1,0.000265921,-0.000257781,0.000124447,309 F,0,-0.21302874
245,309,E2: Arch 2,2.567444549,13.03247799,12,N,6.624251624,4.112641551,4.35297572,G,0.04939673,1,0.093010708,0.345703285,-0.002042763,309 G,1,-0.243765781
245,309,E2: Arch 2,2.567444549,13.03247799,12,N,6.624251624,4.112641551,4.35297572,H,0.047768526,1,0.000265921,-0.000257781,0.000124447,309 H,0,-0.541137768
245,309,E2: Arch 2,2.567444549,13.03247799,12,N,6.624251624,4.112641551,4.35297572,I,0.049918312,1,0.000265921,-0.000257781,0.000124447,309 I,0,-0.000735921
245,309,E2: Arch 2,2.567444549,13.03247799,12,N,6.624251624,4.112641551,4.35297572,K,0.050164659,1,0.000265921,-0.000257781,0.000124447,309 K,0,-0.193897385
245,309,E2: Arch 2,2.567444549,13.03247799,12,N,6.624251624,4.112641551,4.35297572,L,0.186066972,1,0.105989198,0.215187066,0.043833626,309 L,1,0.23570372
245,309,E2: Arch 2,2.567444549,13.03247799,12,N,6.624251624,4.112641551,4.35297572,M,0.036847818,1,0.016100745,-2.982224606,0.599499479,309 M,1,-0.651368429
245,309,E2: Arch 2,2.567444549,13.03247799,12,N,6.624251624,4.112641551,4.35297572,N,0.067433143,1,NA,NA,NA,309 N,1,0
245,309,E2: Arch 2,2.567444549,13.03247799,12,N,6.624251624,4.112641551,4.35297572,P,0.018953651,1,0.699023406,0.36429471,0.725313792,309 P,1,1.301906531
245,309,E2: Arch 2,2.567444549,13.03247799,12,N,6.624251624,4.112641551,4.35297572,Q,0.072736093,1,0.273269313,0.007084866,0.248628461,309 Q,1,-1.707447522
245,309,E2: Arch 2,2.567444549,13.03247799,12,N,6.624251624,4.112641551,4.35297572,R,0.108064706,1,0.323139728,-0.547145758,0.111230861,309 R,1,0.365641088
245,309,E2: Arch 2,2.567444549,13.03247799,12,N,6.624251624,4.112641551,4.35297572,S,0.008342333,1,-3.482317058,-7.03788095,-3.607046204,309 S,1,1.02018683
245,309,E2: Arch 2,2.567444549,13.03247799,12,N,6.624251624,4.112641551,4.35297572,T,0.030386807,1,-0.509939907,-0.046863685,-0.041644635,309 T,1,-0.021176258
245,309,E2: Arch 2,2.567444549,13.03247799,12,N,6.624251624,4.112641551,4.35297572,V,0.000135376,1,-2.33723994,-2.31564318,-2.350095412,309 V,0,-0.497604255
245,309,E2: Arch 2,2.567444549,13.03247799,12,N,6.624251624,4.112641551,4.35297572,W,0.115163182,1,-0.109768374,0.002733749,-0.065723623,309 W,1,0.311422565
245,309,E2: Arch 2,2.567444549,13.03247799,12,N,6.624251624,4.112641551,4.35297572,Y,0.070121632,1,0.000265921,-0.000257781,0.000124447,309 Y,0,-0.875027454
246,310,E2: Arch 2,2.630514524,13.88091013,10,A,6.857028005,12.01929587,7.309099705,A,0.062266241,1,NA,NA,NA,310 A,1,0
246,310,E2: Arch 2,2.630514524,13.88091013,10,A,6.857028005,12.01929587,7.309099705,C,0.057092774,1,-0.000500775,0.000904484,0.000108187,310 C,0,0.189122583
246,310,E2: Arch 2,2.630514524,13.88091013,10,A,6.857028005,12.01929587,7.309099705,D,0.046016747,1,-0.000500775,0.000904484,0.000108187,310 D,0,0.569204528
246,310,E2: Arch 2,2.630514524,13.88091013,10,A,6.857028005,12.01929587,7.309099705,E,0.083884114,1,-3.398207654,-0.002783161,-3.65705092,310 E,1,3.762478144
246,310,E2: Arch 2,2.630514524,13.88091013,10,A,6.857028005,12.01929587,7.309099705,F,3.32E-05,1,-0.000500775,0.000904484,0.000108187,310 F,0,-0.476455513
246,310,E2: Arch 2,2.630514524,13.88091013,10,A,6.857028005,12.01929587,7.309099705,G,0.000271244,1,3.096215206,2.894037639,2.537584434,310 G,0,0.96291641
246,310,E2: Arch 2,2.630514524,13.88091013,10,A,6.857028005,12.01929587,7.309099705,H,0.050180306,1,-0.000500775,0.000904484,0.000108187,310 H,0,-0.553157375
246,310,E2: Arch 2,2.630514524,13.88091013,10,A,6.857028005,12.01929587,7.309099705,I,5.32E-05,1,-0.000500775,0.000904484,0.000108187,310 I,0,-0.394345357
246,310,E2: Arch 2,2.630514524,13.88091013,10,A,6.857028005,12.01929587,7.309099705,K,0.086221576,1,-0.544790659,-5.435297282,-0.319624093,310 K,1,2.300847449
246,310,E2: Arch 2,2.630514524,13.88091013,10,A,6.857028005,12.01929587,7.309099705,L,0.045838055,1,-0.577731645,0.537016163,0.348679039,310 L,1,-1.526790841
246,310,E2: Arch 2,2.630514524,13.88091013,10,A,6.857028005,12.01929587,7.309099705,M,0.068379834,1,-2.321467124,-2.297947676,2.601329346,310 M,1,0.744543407
246,310,E2: Arch 2,2.630514524,13.88091013,10,A,6.857028005,12.01929587,7.309099705,N,0.156014816,1,0.678941287,0.082331653,0.128886733,310 N,1,0.2563153
246,310,E2: Arch 2,2.630514524,13.88091013,10,A,6.857028005,12.01929587,7.309099705,P,0.000112562,1,-4.757441863,4.685666255,-4.776418439,310 P,0,1.176217978
246,310,E2: Arch 2,2.630514524,13.88091013,10,A,6.857028005,12.01929587,7.309099705,Q,0.021401555,1,2.76283438,2.816916273,0.356547216,310 Q,1,-0.544329745
246,310,E2: Arch 2,2.630514524,13.88091013,10,A,6.857028005,12.01929587,7.309099705,R,0.069859699,1,-0.174931759,-0.249272823,0.254118413,310 R,1,0.651731786
246,310,E2: Arch 2,2.630514524,13.88091013,10,A,6.857028005,12.01929587,7.309099705,S,0.000158527,1,-0.000500775,0.000904484,0.000108187,310 S,0,0.228762724
246,310,E2: Arch 2,2.630514524,13.88091013,10,A,6.857028005,12.01929587,7.309099705,T,0.053793622,1,0.319037132,0.468907852,1.081089028,310 T,1,0.122807308
246,310,E2: Arch 2,2.630514524,13.88091013,10,A,6.857028005,12.01929587,7.309099705,V,0.076771281,1,-0.302180175,0.527184165,-0.088347427,310 V,1,1.201267083
246,310,E2: Arch 2,2.630514524,13.88091013,10,A,6.857028005,12.01929587,7.309099705,W,0.060586198,1,-0.000500775,0.000904484,0.000108187,310 W,0,-0.158554968
246,310,E2: Arch 2,2.630514524,13.88091013,10,A,6.857028005,12.01929587,7.309099705,Y,0.06106448,1,-0.000500775,0.000904484,0.000108187,310 Y,0,-0.41544196
247,311,E2: Arch 2,2.37755847,10.77855455,14,E,2.202544127,0.851227677,0.689538557,A,0.004157551,1,-2.444615465,-1.946188701,0.132496295,311 A,1,-1.283452575
247,311,E2: Arch 2,2.37755847,10.77855455,14,E,2.202544127,0.851227677,0.689538557,C,0.089232404,1,-0.371435862,0.363446923,-0.240194572,311 C,1,0.284050053
247,311,E2: Arch 2,2.37755847,10.77855455,14,E,2.202544127,0.851227677,0.689538557,D,0.052001724,1,-0.000292786,-0.000368458,-0.000560462,311 D,0,1.931151031
247,311,E2: Arch 2,2.37755847,10.77855455,14,E,2.202544127,0.851227677,0.689538557,E,0.032019746,1,NA,NA,NA,311 E,1,0
247,311,E2: Arch 2,2.37755847,10.77855455,14,E,2.202544127,0.851227677,0.689538557,F,0.030403935,1,-0.345470527,-1.031511601,-0.531221032,311 F,1,1.534142962
247,311,E2: Arch 2,2.37755847,10.77855455,14,E,2.202544127,0.851227677,0.689538557,G,0.006846719,1,-0.584598818,-0.133567837,-0.073704876,311 G,1,-0.292160097
247,311,E2: Arch 2,2.37755847,10.77855455,14,E,2.202544127,0.851227677,0.689538557,H,0.017894755,1,-0.726160138,-0.092943781,-0.222936626,311 H,1,-0.746130221
247,311,E2: Arch 2,2.37755847,10.77855455,14,E,2.202544127,0.851227677,0.689538557,I,0.051701518,1,-0.000292786,-0.000368458,-0.000560462,311 I,0,0.221150326
247,311,E2: Arch 2,2.37755847,10.77855455,14,E,2.202544127,0.851227677,0.689538557,K,0.317589426,1,-0.0608839,-0.068621856,-1.518898086,311 K,1,0.963570394
247,311,E2: Arch 2,2.37755847,10.77855455,14,E,2.202544127,0.851227677,0.689538557,L,0.011552569,1,0.28927678,-0.011364498,0.221730593,311 L,1,-0.003108071
247,311,E2: Arch 2,2.37755847,10.77855455,14,E,2.202544127,0.851227677,0.689538557,M,0.045162835,1,-0.000292786,-0.000368458,-0.000560462,311 M,0,-0.556720716
247,311,E2: Arch 2,2.37755847,10.77855455,14,E,2.202544127,0.851227677,0.689538557,N,0.047099194,1,-3.213731582,0.195849178,-2.926525479,311 N,1,1.725305109
247,311,E2: Arch 2,2.37755847,10.77855455,14,E,2.202544127,0.851227677,0.689538557,P,0.052926999,1,-0.060628478,0.14243437,-0.162078981,311 P,1,0.574742332
247,311,E2: Arch 2,2.37755847,10.77855455,14,E,2.202544127,0.851227677,0.689538557,Q,0.12571771,1,-0.252946943,-0.600437443,0.034157407,311 Q,1,0.605309685
247,311,E2: Arch 2,2.37755847,10.77855455,14,E,2.202544127,0.851227677,0.689538557,R,0.010824501,1,0.576885651,-3.075877185,-2.807249073,311 R,1,2.137018696
247,311,E2: Arch 2,2.37755847,10.77855455,14,E,2.202544127,0.851227677,0.689538557,S,0.022188628,1,0.084927959,-0.256800721,-0.162131824,311 S,1,1.625800364
247,311,E2: Arch 2,2.37755847,10.77855455,14,E,2.202544127,0.851227677,0.689538557,T,5.35E-05,1,0.653537809,-0.527303864,-2.167731456,311 T,0,-0.249909061
247,311,E2: Arch 2,2.37755847,10.77855455,14,E,2.202544127,0.851227677,0.689538557,V,0.028368572,1,0.59791593,0.149497206,0.301154263,311 V,1,0.401166492
247,311,E2: Arch 2,2.37755847,10.77855455,14,E,2.202544127,0.851227677,0.689538557,W,9.15E-05,1,-0.000292786,-0.000368458,-0.000560462,311 W,0,-0.264379492
247,311,E2: Arch 2,2.37755847,10.77855455,14,E,2.202544127,0.851227677,0.689538557,Y,0.054166254,1,-0.000292786,-0.000368458,-0.000560462,311 Y,0,0.704048803
248,312,E2: Arch 2,2.337722717,10.35762245,11,L,0.371478804,0.910628253,0.852763977,A,6.97E-05,1,-0.000590108,-0.000320836,-0.000246468,312 A,0,-0.614960164
248,312,E2: Arch 2,2.337722717,10.35762245,11,L,0.371478804,0.910628253,0.852763977,C,0.116210479,1,0.128851836,-0.13636348,0.481503128,312 C,1,-0.476748714
248,312,E2: Arch 2,2.337722717,10.35762245,11,L,0.371478804,0.910628253,0.852763977,D,0.046966898,1,-0.000590108,-0.000320836,-0.000246468,312 D,0,-0.478322704
248,312,E2: Arch 2,2.337722717,10.35762245,11,L,0.371478804,0.910628253,0.852763977,E,0.000276423,1,-0.000590108,-0.000320836,-0.000246468,312 E,0,-0.042530622
248,312,E2: Arch 2,2.337722717,10.35762245,11,L,0.371478804,0.910628253,0.852763977,F,0.007718632,1,-1.602296254,-3.392852024,-3.418489734,312 F,1,-0.241300437
248,312,E2: Arch 2,2.337722717,10.35762245,11,L,0.371478804,0.910628253,0.852763977,G,0.017856903,1,0.242626968,0.466485312,-0.480209988,312 G,1,-0.16950175
248,312,E2: Arch 2,2.337722717,10.35762245,11,L,0.371478804,0.910628253,0.852763977,H,4.17E-05,1,-0.000590108,-0.000320836,-0.000246468,312 H,0,-2.064737413
248,312,E2: Arch 2,2.337722717,10.35762245,11,L,0.371478804,0.910628253,0.852763977,I,0.16215554,1,-0.182153449,-1.024502388,-0.108027525,312 I,1,0.777134935
248,312,E2: Arch 2,2.337722717,10.35762245,11,L,0.371478804,0.910628253,0.852763977,K,0.054051104,1,-0.000590108,-0.000320836,-0.000246468,312 K,0,-0.305391273
248,312,E2: Arch 2,2.337722717,10.35762245,11,L,0.371478804,0.910628253,0.852763977,L,0.048485328,1,NA,NA,NA,312 L,1,0
248,312,E2: Arch 2,2.337722717,10.35762245,11,L,0.371478804,0.910628253,0.852763977,M,9.84E-05,1,-0.000590108,-0.000320836,-0.000246468,312 M,0,0.337452196
248,312,E2: Arch 2,2.337722717,10.35762245,11,L,0.371478804,0.910628253,0.852763977,N,0.06179479,1,-2.8776257,-2.018740193,0.204986163,312 N,1,1.881779063
248,312,E2: Arch 2,2.337722717,10.35762245,11,L,0.371478804,0.910628253,0.852763977,P,0.20801379,1,-0.14945317,-0.059611245,-0.050827556,312 P,1,0.147230018
248,312,E2: Arch 2,2.337722717,10.35762245,11,L,0.371478804,0.910628253,0.852763977,Q,0.104534666,1,-0.154433867,0.260255262,0.166274686,312 Q,1,0.073711991
248,312,E2: Arch 2,2.337722717,10.35762245,11,L,0.371478804,0.910628253,0.852763977,R,0.05477449,1,-0.084746861,-0.347135646,-0.107745512,312 R,1,-2.437699863
248,312,E2: Arch 2,2.337722717,10.35762245,11,L,0.371478804,0.910628253,0.852763977,S,0.052023615,1,-0.290192183,0.18388768,-0.101301091,312 S,1,-0.229811098
248,312,E2: Arch 2,2.337722717,10.35762245,11,L,0.371478804,0.910628253,0.852763977,T,0.000487891,1,-1.084589573,-0.022773627,-0.774201507,312 T,1,-0.157582371
248,312,E2: Arch 2,2.337722717,10.35762245,11,L,0.371478804,0.910628253,0.852763977,V,8.18E-05,1,-0.000590108,-0.000320836,-0.000246468,312 V,0,0.097106546
248,312,E2: Arch 2,2.337722717,10.35762245,11,L,0.371478804,0.910628253,0.852763977,W,0.064003838,1,-0.000590108,-0.000320836,-0.000246468,312 W,0,-0.303485907
248,312,E2: Arch 2,2.337722717,10.35762245,11,L,0.371478804,0.910628253,0.852763977,Y,0.000354003,1,-0.000590108,-0.000320836,-0.000246468,312 Y,0,-0.032187085
249,313,E2: Arch 2,2.651789571,14.17939097,6,G,0.09458284,1.490308062,0.383729314,A,0.051665006,1,-0.000424987,0.000410857,-0.000179433,313 A,0,0.836894897
249,313,E2: Arch 2,2.651789571,14.17939097,6,G,0.09458284,1.490308062,0.383729314,C,0.049094138,1,-0.000424987,0.000410857,-0.000179433,313 C,0,-0.359591905
249,313,E2: Arch 2,2.651789571,14.17939097,6,G,0.09458284,1.490308062,0.383729314,D,0.011420121,1,-0.514261112,-0.476956613,0.243029649,313 D,1,-1.285828553
249,313,E2: Arch 2,2.651789571,14.17939097,6,G,0.09458284,1.490308062,0.383729314,E,0.055872367,1,-0.000424987,0.000410857,-0.000179433,313 E,0,0.61844216
249,313,E2: Arch 2,2.651789571,14.17939097,6,G,0.09458284,1.490308062,0.383729314,F,0.178445768,1,0.094582841,0.569492607,-0.096277058,313 F,1,-1.081698012
249,313,E2: Arch 2,2.651789571,14.17939097,6,G,0.09458284,1.490308062,0.383729314,G,0.056804208,1,NA,NA,NA,313 G,1,0
249,313,E2: Arch 2,2.651789571,14.17939097,6,G,0.09458284,1.490308062,0.383729314,H,0.000440744,1,-0.000424987,0.000410857,-0.000179433,313 H,0,-0.372171352
249,313,E2: Arch 2,2.651789571,14.17939097,6,G,0.09458284,1.490308062,0.383729314,I,0.050554119,1,-0.000424987,0.000410857,-0.000179433,313 I,0,-0.061014526
249,313,E2: Arch 2,2.651789571,14.17939097,6,G,0.09458284,1.490308062,0.383729314,K,0.053155146,1,-0.000424987,0.000410857,-0.000179433,313 K,0,-0.771723839
249,313,E2: Arch 2,2.651789571,14.17939097,6,G,0.09458284,1.490308062,0.383729314,L,0.092387818,1,-0.135489576,-1.44571623,-0.703739733,313 L,1,1.765915618
249,313,E2: Arch 2,2.651789571,14.17939097,6,G,0.09458284,1.490308062,0.383729314,M,0.090316592,1,-0.650970547,0.614911059,0.140699666,313 M,1,-2.58050973
249,313,E2: Arch 2,2.651789571,14.17939097,6,G,0.09458284,1.490308062,0.383729314,N,0.05729987,1,-0.000424987,0.000410857,-0.000179433,313 N,0,-0.059554517
249,313,E2: Arch 2,2.651789571,14.17939097,6,G,0.09458284,1.490308062,0.383729314,P,0.000365062,1,-0.000424987,0.000410857,-0.000179433,313 P,0,0.432321568
249,313,E2: Arch 2,2.651789571,14.17939097,6,G,0.09458284,1.490308062,0.383729314,Q,0.044291171,1,-0.000424987,0.000410857,-0.000179433,313 Q,0,0.026323672
249,313,E2: Arch 2,2.651789571,14.17939097,6,G,0.09458284,1.490308062,0.383729314,R,0.063258548,1,-0.861587409,0.300152398,-0.228708537,313 R,1,-0.681597399
249,313,E2: Arch 2,2.651789571,14.17939097,6,G,0.09458284,1.490308062,0.383729314,S,0.000564818,1,-0.000424987,0.000410857,-0.000179433,313 S,0,-0.440230859
249,313,E2: Arch 2,2.651789571,14.17939097,6,G,0.09458284,1.490308062,0.383729314,T,0.04508307,1,-0.000424987,0.000410857,-0.000179433,313 T,0,-0.441099886
249,313,E2: Arch 2,2.651789571,14.17939097,6,G,0.09458284,1.490308062,0.383729314,V,0.045105069,1,-0.000424987,0.000410857,-0.000179433,313 V,0,0.796254639
249,313,E2: Arch 2,2.651789571,14.17939097,6,G,0.09458284,1.490308062,0.383729314,W,1.85E-06,1,-0.000424987,0.000410857,-0.000179433,313 W,0,0.992525185
249,313,E2: Arch 2,2.651789571,14.17939097,6,G,0.09458284,1.490308062,0.383729314,Y,0.053874519,1,-0.000424987,0.000410857,-0.000179433,313 Y,0,0.179897367
250,314,E2: Arch 2,1.976272482,7.215795781,8,D,2.204529257,0.075838854,1.080689109,A,2.65E-05,1,1.822624768,-0.01810943,0.030667834,314 A,0,0.687179664
250,314,E2: Arch 2,1.976272482,7.215795781,8,D,2.204529257,0.075838854,1.080689109,C,0.000164539,1,-0.003629439,-0.005167521,-0.003200655,314 C,0,-0.343386993
250,314,E2: Arch 2,1.976272482,7.215795781,8,D,2.204529257,0.075838854,1.080689109,D,0.024716048,1,NA,NA,NA,314 D,1,0
250,314,E2: Arch 2,1.976272482,7.215795781,8,D,2.204529257,0.075838854,1.080689109,E,0.048284392,1,-0.003629439,-0.005167521,-0.003200655,314 E,0,-0.737893612
250,314,E2: Arch 2,1.976272482,7.215795781,8,D,2.204529257,0.075838854,1.080689109,F,0.052667018,1,-0.003629439,-0.005167521,-0.003200655,314 F,0,-0.246923591
250,314,E2: Arch 2,1.976272482,7.215795781,8,D,2.204529257,0.075838854,1.080689109,G,0.025758307,1,-0.15185632,0.075838854,0.215130548,314 G,1,0.175692461
250,314,E2: Arch 2,1.976272482,7.215795781,8,D,2.204529257,0.075838854,1.080689109,H,6.66E-05,1,-0.003629439,-0.005167521,-0.003200655,314 H,0,0.044426538
250,314,E2: Arch 2,1.976272482,7.215795781,8,D,2.204529257,0.075838854,1.080689109,I,0.00713211,1,-2.35854905,-0.051462481,-2.369877825,314 I,1,0.937469263
250,314,E2: Arch 2,1.976272482,7.215795781,8,D,2.204529257,0.075838854,1.080689109,K,0.049298738,1,-0.003629439,-0.005167521,-0.003200655,314 K,0,-0.095797396
250,314,E2: Arch 2,1.976272482,7.215795781,8,D,2.204529257,0.075838854,1.080689109,L,0.048678441,1,-0.003629439,-0.005167521,-0.003200655,314 L,0,0.174730106
250,314,E2: Arch 2,1.976272482,7.215795781,8,D,2.204529257,0.075838854,1.080689109,M,0.084269822,1,-0.639274179,-1.619098452,-0.510114603,314 M,1,0.459968306
250,314,E2: Arch 2,1.976272482,7.215795781,8,D,2.204529257,0.075838854,1.080689109,N,0.052087668,1,-0.10710341,-0.413788178,-0.050636971,314 N,1,0.225028286
250,314,E2: Arch 2,1.976272482,7.215795781,8,D,2.204529257,0.075838854,1.080689109,P,0.025989798,1,-2.471947885,-5.075168371,0.098252977,314 P,1,-0.05935094
250,314,E2: Arch 2,1.976272482,7.215795781,8,D,2.204529257,0.075838854,1.080689109,Q,0.051675216,1,-0.003629439,-0.005167521,-0.003200655,314 Q,0,-0.540467653
250,314,E2: Arch 2,1.976272482,7.215795781,8,D,2.204529257,0.075838854,1.080689109,R,0.471657384,1,-1.332958103,-1.967835005,-1.342773875,314 R,1,0.372363278
250,314,E2: Arch 2,1.976272482,7.215795781,8,D,2.204529257,0.075838854,1.080689109,S,0.000130664,1,-5.006497026,-4.963346114,-5.036648877,314 S,0,-0.088234591
250,314,E2: Arch 2,1.976272482,7.215795781,8,D,2.204529257,0.075838854,1.080689109,T,0.009592489,1,0.381904489,-0.005167521,-0.003200655,314 T,1,-0.780238588
250,314,E2: Arch 2,1.976272482,7.215795781,8,D,2.204529257,0.075838854,1.080689109,V,1.94E-05,1,-0.122821266,-2.898463568,0.73663775,314 V,0,-0.034375237
250,314,E2: Arch 2,1.976272482,7.215795781,8,D,2.204529257,0.075838854,1.080689109,W,0.047783704,1,-0.003629439,-0.005167521,-0.003200655,314 W,0,0.23739884
250,314,E2: Arch 2,1.976272482,7.215795781,8,D,2.204529257,0.075838854,1.080689109,Y,1.23E-06,1,-0.003629439,-0.005167521,-0.003200655,314 Y,0,0.217600692
251,315,E2: Arch 2,1.967472028,7.15257211,8,R,0.530185868,0.041565251,2.72255501,A,0.000431846,1,0.000158923,-5.49E-05,0.000316138,315 A,0,0.09812006
251,315,E2: Arch 2,1.967472028,7.15257211,8,R,0.530185868,0.041565251,2.72255501,C,0.000913888,1,0.000158923,-5.49E-05,0.000316138,315 C,0,-0.624352951
251,315,E2: Arch 2,1.967472028,7.15257211,8,R,0.530185868,0.041565251,2.72255501,D,0.000534093,1,0.000158923,-5.49E-05,0.000316138,315 D,0,0.044772495
251,315,E2: Arch 2,1.967472028,7.15257211,8,R,0.530185868,0.041565251,2.72255501,E,0.074221628,1,-2.198434274,0.041565251,0.630631789,315 E,1,0.061875955
251,315,E2: Arch 2,1.967472028,7.15257211,8,R,0.530185868,0.041565251,2.72255501,F,0.127640254,1,-0.316432605,-0.945406565,-0.881515884,315 F,1,0.464186868
251,315,E2: Arch 2,1.967472028,7.15257211,8,R,0.530185868,0.041565251,2.72255501,G,0.038564217,1,0.320246925,-0.6314941,0.495726397,315 G,1,-0.836347884
251,315,E2: Arch 2,1.967472028,7.15257211,8,R,0.530185868,0.041565251,2.72255501,H,0.191844795,1,-0.001467984,-0.637481691,-0.326653685,315 H,1,-2.274523158
251,315,E2: Arch 2,1.967472028,7.15257211,8,R,0.530185868,0.041565251,2.72255501,I,0.002169862,1,0.000158923,-5.49E-05,0.000316138,315 I,0,0.023240663
251,315,E2: Arch 2,1.967472028,7.15257211,8,R,0.530185868,0.041565251,2.72255501,K,0.000631474,1,0.000158923,-5.49E-05,0.000316138,315 K,0,1.292963538
251,315,E2: Arch 2,1.967472028,7.15257211,8,R,0.530185868,0.041565251,2.72255501,L,1.07E-05,1,0.000158923,-5.49E-05,0.000316138,315 L,0,0.095131067
251,315,E2: Arch 2,1.967472028,7.15257211,8,R,0.530185868,0.041565251,2.72255501,M,0.00147283,1,0.000158923,-5.49E-05,0.000316138,315 M,0,-0.353991619
251,315,E2: Arch 2,1.967472028,7.15257211,8,R,0.530185868,0.041565251,2.72255501,N,0.151628721,1,0.207872943,-0.09724905,0.165425301,315 N,1,-0.209575808
251,315,E2: Arch 2,1.967472028,7.15257211,8,R,0.530185868,0.041565251,2.72255501,P,0.000766094,1,0.000158923,-5.49E-05,0.000316138,315 P,0,-0.608226277
251,315,E2: Arch 2,1.967472028,7.15257211,8,R,0.530185868,0.041565251,2.72255501,Q,0.111034414,1,-2.325914449,-2.341812847,1.426661736,315 Q,1,-1.588194373
251,315,E2: Arch 2,1.967472028,7.15257211,8,R,0.530185868,0.041565251,2.72255501,R,0.258723487,1,NA,NA,NA,315 R,1,0
251,315,E2: Arch 2,1.967472028,7.15257211,8,R,0.530185868,0.041565251,2.72255501,S,0.001555554,1,0.000158923,-5.49E-05,0.000316138,315 S,0,0.42068122
251,315,E2: Arch 2,1.967472028,7.15257211,8,R,0.530185868,0.041565251,2.72255501,T,0.0007022,1,0.000158923,-5.49E-05,0.000316138,315 T,0,-0.316340555
251,315,E2: Arch 2,1.967472028,7.15257211,8,R,0.530185868,0.041565251,2.72255501,V,0.00038596,1,0.000158923,-5.49E-05,0.000316138,315 V,0,-0.02452751
251,315,E2: Arch 2,1.967472028,7.15257211,8,R,0.530185868,0.041565251,2.72255501,W,0.000573146,1,0.000158923,-5.49E-05,0.000316138,315 W,0,0.763900252
251,315,E2: Arch 2,1.967472028,7.15257211,8,R,0.530185868,0.041565251,2.72255501,Y,0.036194788,1,0.000158923,-5.49E-05,0.000316138,315 Y,0,0.187113063
252,316,E2: Arch 2,2.079332567,7.999128251,8,K,6.329660098,0.968811059,0.095112758,A,8.84E-06,1,-0.000198637,-0.000110058,-0.000302531,316 A,0,1.464685096
252,316,E2: Arch 2,2.079332567,7.999128251,8,K,6.329660098,0.968811059,0.095112758,C,0.054099491,1,-0.000198637,-0.000110058,-0.000302531,316 C,0,-1.20342556
252,316,E2: Arch 2,2.079332567,7.999128251,8,K,6.329660098,0.968811059,0.095112758,D,0.046815706,1,-0.000198637,-0.000110058,-0.000302531,316 D,0,-0.188177631
252,316,E2: Arch 2,2.079332567,7.999128251,8,K,6.329660098,0.968811059,0.095112758,E,0.006587121,1,2.229517172,-0.000110058,-0.000302531,316 E,1,-9.56061E-05
252,316,E2: Arch 2,2.079332567,7.999128251,8,K,6.329660098,0.968811059,0.095112758,F,0.051575367,1,-0.000198637,-0.000110058,-0.000302531,316 F,0,0.750001936
252,316,E2: Arch 2,2.079332567,7.999128251,8,K,6.329660098,0.968811059,0.095112758,G,0.048938298,1,-0.000198637,-0.000110058,-0.000302531,316 G,0,-0.861017842
252,316,E2: Arch 2,2.079332567,7.999128251,8,K,6.329660098,0.968811059,0.095112758,H,0.351824991,1,-3.299558349,0.345791519,-3.312060401,316 H,1,3.355134202
252,316,E2: Arch 2,2.079332567,7.999128251,8,K,6.329660098,0.968811059,0.095112758,I,0.207720795,1,-0.000198637,-0.000110058,-0.000302531,316 I,1,0.627607157
252,316,E2: Arch 2,2.079332567,7.999128251,8,K,6.329660098,0.968811059,0.095112758,K,0.003522889,1,NA,NA,NA,316 K,1,0
252,316,E2: Arch 2,2.079332567,7.999128251,8,K,6.329660098,0.968811059,0.095112758,L,0.001941321,1,0.118134006,0.380822998,0.095112758,316 L,1,-0.978184896
252,316,E2: Arch 2,2.079332567,7.999128251,8,K,6.329660098,0.968811059,0.095112758,M,1.59E-05,1,-0.000198637,-0.000110058,-0.000302531,316 M,0,0.130604005
252,316,E2: Arch 2,2.079332567,7.999128251,8,K,6.329660098,0.968811059,0.095112758,N,0.047426846,1,-0.000198637,-0.000110058,-0.000302531,316 N,0,1.444455165
252,316,E2: Arch 2,2.079332567,7.999128251,8,K,6.329660098,0.968811059,0.095112758,P,0.002766666,1,0.33069922,-0.071032162,-0.739254074,316 P,1,-0.832398126
252,316,E2: Arch 2,2.079332567,7.999128251,8,K,6.329660098,0.968811059,0.095112758,Q,0.039031058,1,-0.000198637,-0.000110058,-0.000302531,316 Q,0,1.620404856
252,316,E2: Arch 2,2.079332567,7.999128251,8,K,6.329660098,0.968811059,0.095112758,R,9.05E-05,1,3.651309699,0.242196542,-0.000302531,316 R,1,0.095532009
252,316,E2: Arch 2,2.079332567,7.999128251,8,K,6.329660098,0.968811059,0.095112758,S,0.001272564,1,-0.436903716,-0.027262392,-0.574363036,316 S,1,-2.172572928
252,316,E2: Arch 2,2.079332567,7.999128251,8,K,6.329660098,0.968811059,0.095112758,T,4.40E-06,1,-0.000198637,-0.000110058,-0.000302531,316 T,0,1.021962544
252,316,E2: Arch 2,2.079332567,7.999128251,8,K,6.329660098,0.968811059,0.095112758,V,0.044480674,1,-0.000198637,-0.000110058,-0.000302531,316 V,0,-1.466617919
252,316,E2: Arch 2,2.079332567,7.999128251,8,K,6.329660098,0.968811059,0.095112758,W,0.044466368,1,-0.000198637,-0.000110058,-0.000302531,316 W,0,-0.326592147
252,316,E2: Arch 2,2.079332567,7.999128251,8,K,6.329660098,0.968811059,0.095112758,Y,0.047410206,1,-3.895899619,-3.870670923,-3.908474383,316 Y,0,-0.320825069
253,317,E2: Arch 2,1.813482005,6.131761127,3,G,2.392784072,0.048806893,3.3343543,A,0.000172831,1,-0.000514109,3.55E-06,0.000680414,317 A,0,0.849716633
253,317,E2: Arch 2,1.813482005,6.131761127,3,G,2.392784072,0.048806893,3.3343543,C,0.051548702,1,-0.000514109,3.55E-06,2.691404006,317 C,0,0.182242488
253,317,E2: Arch 2,1.813482005,6.131761127,3,G,2.392784072,0.048806893,3.3343543,D,0.000149612,1,-0.000514109,3.55E-06,0.000680414,317 D,0,-0.285925825
253,317,E2: Arch 2,1.813482005,6.131761127,3,G,2.392784072,0.048806893,3.3343543,E,0.264036005,1,-4.739472594,0.048746505,0.584544532,317 E,1,0.031008715
253,317,E2: Arch 2,1.813482005,6.131761127,3,G,2.392784072,0.048806893,3.3343543,F,0.051749674,1,2.392784072,3.55E-06,0.000680414,317 F,0,-0.02176162
253,317,E2: Arch 2,1.813482005,6.131761127,3,G,2.392784072,0.048806893,3.3343543,G,0.139734105,1,NA,NA,NA,317 G,1,0
253,317,E2: Arch 2,1.813482005,6.131761127,3,G,2.392784072,0.048806893,3.3343543,H,0.001645623,1,-0.000514109,3.55E-06,0.000680414,317 H,0,-0.279955796
253,317,E2: Arch 2,1.813482005,6.131761127,3,G,2.392784072,0.048806893,3.3343543,I,0.000142193,1,-0.000514109,3.55E-06,0.000680414,317 I,0,-1.12824776
253,317,E2: Arch 2,1.813482005,6.131761127,3,G,2.392784072,0.048806893,3.3343543,K,0.000463056,1,-0.000514109,3.55E-06,0.000680414,317 K,0,-0.146640811
253,317,E2: Arch 2,1.813482005,6.131761127,3,G,2.392784072,0.048806893,3.3343543,L,0.000629282,1,-0.000514109,3.55E-06,0.000680414,317 L,0,-0.97651251
253,317,E2: Arch 2,1.813482005,6.131761127,3,G,2.392784072,0.048806893,3.3343543,M,0.048876869,1,-0.000514109,3.55E-06,0.000680414,317 M,0,-0.050546592
253,317,E2: Arch 2,1.813482005,6.131761127,3,G,2.392784072,0.048806893,3.3343543,N,0.000971774,1,-0.000514109,3.55E-06,0.000680414,317 N,0,-0.126046168
253,317,E2: Arch 2,1.813482005,6.131761127,3,G,2.392784072,0.048806893,3.3343543,P,0.05328247,1,-0.000514109,3.55E-06,0.000680414,317 P,0,0.439147318
253,317,E2: Arch 2,1.813482005,6.131761127,3,G,2.392784072,0.048806893,3.3343543,Q,0.000665101,1,-0.000514109,3.55E-06,0.000680414,317 Q,0,0.34639151
253,317,E2: Arch 2,1.813482005,6.131761127,3,G,2.392784072,0.048806893,3.3343543,R,0.324534549,1,-0.610777331,-0.076903097,0.047519132,317 R,1,-0.020791034
253,317,E2: Arch 2,1.813482005,6.131761127,3,G,2.392784072,0.048806893,3.3343543,S,0.000330631,1,-0.000514109,3.55E-06,0.000680414,317 S,0,-1.287567547
253,317,E2: Arch 2,1.813482005,6.131761127,3,G,2.392784072,0.048806893,3.3343543,T,0.000186718,1,-0.000514109,3.55E-06,0.000680414,317 T,0,-1.414755273
253,317,E2: Arch 2,1.813482005,6.131761127,3,G,2.392784072,0.048806893,3.3343543,V,0.000115683,1,-0.000514109,3.55E-06,0.000680414,317 V,0,-0.40717404
253,317,E2: Arch 2,1.813482005,6.131761127,3,G,2.392784072,0.048806893,3.3343543,W,0.000297228,1,-0.000514109,3.55E-06,0.000680414,317 W,0,0.688102172
253,317,E2: Arch 2,1.813482005,6.131761127,3,G,2.392784072,0.048806893,3.3343543,Y,0.060467895,1,-0.000514109,3.55E-06,0.000680414,317 Y,0,0.122526338
254,318,E2: Arch 2,2.003048331,7.41161475,3,K,1.604516028,0,0.093697832,A,0.001019035,1,-2.70E-05,-4.48E-05,-3.06E-05,318 A,0,1.731006819
254,318,E2: Arch 2,2.003048331,7.41161475,3,K,1.604516028,0,0.093697832,C,0.047807581,1,-2.70E-05,-4.48E-05,-3.06E-05,318 C,0,0.295068793
254,318,E2: Arch 2,2.003048331,7.41161475,3,K,1.604516028,0,0.093697832,D,0.045992746,1,-2.70E-05,-4.48E-05,-3.06E-05,318 D,0,-1.270732219
254,318,E2: Arch 2,2.003048331,7.41161475,3,K,1.604516028,0,0.093697832,E,0.363703607,1,-1.534228171,-2.41048773,-2.240420251,318 E,1,-0.877575217
254,318,E2: Arch 2,2.003048331,7.41161475,3,K,1.604516028,0,0.093697832,F,0.049514388,1,-2.70E-05,-4.48E-05,-3.06E-05,318 F,0,0.473323303
254,318,E2: Arch 2,2.003048331,7.41161475,3,K,1.604516028,0,0.093697832,G,0.000303536,1,-2.70E-05,-4.48E-05,-3.06E-05,318 G,0,0.000153559
254,318,E2: Arch 2,2.003048331,7.41161475,3,K,1.604516028,0,0.093697832,H,0.056585497,1,-2.70E-05,-4.48E-05,-3.06E-05,318 H,0,-0.042682449
254,318,E2: Arch 2,2.003048331,7.41161475,3,K,1.604516028,0,0.093697832,I,0.047658785,1,-2.70E-05,-4.48E-05,-3.06E-05,318 I,0,0.354277384
254,318,E2: Arch 2,2.003048331,7.41161475,3,K,1.604516028,0,0.093697832,K,0.216906458,1,NA,NA,NA,318 K,1,0
254,318,E2: Arch 2,2.003048331,7.41161475,3,K,1.604516028,0,0.093697832,L,0.00016279,1,-2.70E-05,-4.48E-05,-3.06E-05,318 L,0,0.55587826
254,318,E2: Arch 2,2.003048331,7.41161475,3,K,1.604516028,0,0.093697832,M,0.048550561,1,1.604516028,-4.48E-05,-3.06E-05,318 M,0,-0.084467355
254,318,E2: Arch 2,2.003048331,7.41161475,3,K,1.604516028,0,0.093697832,N,0.047316662,1,-2.70E-05,-4.48E-05,-3.06E-05,318 N,0,1.32787552
254,318,E2: Arch 2,2.003048331,7.41161475,3,K,1.604516028,0,0.093697832,P,0.000283579,1,-2.70E-05,-4.48E-05,-3.06E-05,318 P,0,0.280008681
254,318,E2: Arch 2,2.003048331,7.41161475,3,K,1.604516028,0,0.093697832,Q,0.000881588,1,-2.70E-05,-4.48E-05,-3.06E-05,318 Q,0,2.77559972
254,318,E2: Arch 2,2.003048331,7.41161475,3,K,1.604516028,0,0.093697832,R,0.033075266,1,-0.338399041,-0.741334059,0.093697832,318 R,1,-0.605752157
254,318,E2: Arch 2,2.003048331,7.41161475,3,K,1.604516028,0,0.093697832,S,0.000172524,1,-2.70E-05,-4.48E-05,-3.06E-05,318 S,0,-0.762396939
254,318,E2: Arch 2,2.003048331,7.41161475,3,K,1.604516028,0,0.093697832,T,0.000396953,1,-2.70E-05,-4.48E-05,-3.06E-05,318 T,0,1.238959369
254,318,E2: Arch 2,2.003048331,7.41161475,3,K,1.604516028,0,0.093697832,V,0.000654011,1,-2.381095517,-0.093688991,-2.393328787,318 V,0,-0.760112013
254,318,E2: Arch 2,2.003048331,7.41161475,3,K,1.604516028,0,0.093697832,W,0.000147288,1,-2.70E-05,-4.48E-05,-3.06E-05,318 W,0,0.006838558
254,318,E2: Arch 2,2.003048331,7.41161475,3,K,1.604516028,0,0.093697832,Y,0.038867146,1,-2.70E-05,-4.48E-05,-3.06E-05,318 Y,0,-0.0656803
255,319,E2: Arch 2,2.211374826,9.128257537,5,V,1.404079865,0,3.190055149,A,0.210495717,1,-0.818293346,-0.897116271,-1.028825676,319 A,1,-0.439742582
255,319,E2: Arch 2,2.211374826,9.128257537,5,V,1.404079865,0,3.190055149,C,0.00039651,1,2.43E-05,-0.000368329,-1.23E-05,319 C,0,1.461761594
255,319,E2: Arch 2,2.211374826,9.128257537,5,V,1.404079865,0,3.190055149,D,0.054051236,1,2.43E-05,-0.000368329,-1.23E-05,319 D,0,-1.414949954
255,319,E2: Arch 2,2.211374826,9.128257537,5,V,1.404079865,0,3.190055149,E,0.000447801,1,2.43E-05,-0.000368329,-1.23E-05,319 E,0,0.731503862
255,319,E2: Arch 2,2.211374826,9.128257537,5,V,1.404079865,0,3.190055149,F,0.053711052,1,-2.480538709,-0.079320533,-0.175218507,319 F,0,-0.349269718
255,319,E2: Arch 2,2.211374826,9.128257537,5,V,1.404079865,0,3.190055149,G,0.05445553,1,1.096554116,-3.867725938,-3.943504599,319 G,0,0.252748981
255,319,E2: Arch 2,2.211374826,9.128257537,5,V,1.404079865,0,3.190055149,H,0.05300323,1,2.43E-05,-0.000368329,3.005329639,319 H,0,-1.438081901
255,319,E2: Arch 2,2.211374826,9.128257537,5,V,1.404079865,0,3.190055149,I,0.253051525,1,0.307209299,-4.069058791,0.18472551,319 I,1,-2.103174268
255,319,E2: Arch 2,2.211374826,9.128257537,5,V,1.404079865,0,3.190055149,K,0.000267044,1,2.43E-05,-0.000368329,-1.23E-05,319 K,0,-0.021460194
255,319,E2: Arch 2,2.211374826,9.128257537,5,V,1.404079865,0,3.190055149,L,0.046008076,1,2.43E-05,-0.000368329,-1.23E-05,319 L,0,-0.434860942
255,319,E2: Arch 2,2.211374826,9.128257537,5,V,1.404079865,0,3.190055149,M,0.001383015,1,2.43E-05,-0.000368329,-1.23E-05,319 M,0,-0.004060156
255,319,E2: Arch 2,2.211374826,9.128257537,5,V,1.404079865,0,3.190055149,N,0.000163985,1,2.43E-05,-0.000368329,-1.23E-05,319 N,0,2.613848317
255,319,E2: Arch 2,2.211374826,9.128257537,5,V,1.404079865,0,3.190055149,P,7.12E-05,1,2.43E-05,-0.000368329,-1.23E-05,319 P,0,0.424939199
255,319,E2: Arch 2,2.211374826,9.128257537,5,V,1.404079865,0,3.190055149,Q,0.051614694,1,2.43E-05,-0.000368329,-1.23E-05,319 Q,0,-0.614242166
255,319,E2: Arch 2,2.211374826,9.128257537,5,V,1.404079865,0,3.190055149,R,0.016963984,1,-2.508790502,-4.768181671,-4.846755739,319 R,1,0.007823053
255,319,E2: Arch 2,2.211374826,9.128257537,5,V,1.404079865,0,3.190055149,S,0.028660443,1,-0.433305386,-0.571709034,-0.155899899,319 S,1,0.388706764
255,319,E2: Arch 2,2.211374826,9.128257537,5,V,1.404079865,0,3.190055149,T,0.056036967,1,2.43E-05,-0.000368329,-1.23E-05,319 T,0,0.15022561
255,319,E2: Arch 2,2.211374826,9.128257537,5,V,1.404079865,0,3.190055149,V,0.11823424,1,NA,NA,NA,319 V,1,0
255,319,E2: Arch 2,2.211374826,9.128257537,5,V,1.404079865,0,3.190055149,W,0.00086188,1,2.43E-05,-0.000368329,-1.23E-05,319 W,0,0.24952121
255,319,E2: Arch 2,2.211374826,9.128257537,5,V,1.404079865,0,3.190055149,Y,0.000121859,1,2.43E-05,-0.000368329,-1.23E-05,319 Y,0,-0.414797007
256,320,E2: Arch 2,2.585582527,13.27101756,8,H,6.675746696,0,2.0818269,A,0.170564668,1,0.121316163,-0.368027072,-0.230646325,320 A,1,-0.414253801
256,320,E2: Arch 2,2.585582527,13.27101756,8,H,6.675746696,0,2.0818269,C,0.000742804,1,0.000240584,-0.000243883,-0.000127357,320 C,0,-0.808589001
256,320,E2: Arch 2,2.585582527,13.27101756,8,H,6.675746696,0,2.0818269,D,0.051303946,1,0.000240584,-0.000243883,-0.000127357,320 D,0,0.031528465
256,320,E2: Arch 2,2.585582527,13.27101756,8,H,6.675746696,0,2.0818269,E,0.060035782,1,0.123673472,-3.148604593,-0.447667052,320 E,1,0.152109187
256,320,E2: Arch 2,2.585582527,13.27101756,8,H,6.675746696,0,2.0818269,F,0.000464516,1,1.49844959,-0.000243883,-0.000127357,320 F,0,-0.861577547
256,320,E2: Arch 2,2.585582527,13.27101756,8,H,6.675746696,0,2.0818269,G,0.000307708,1,0.000240584,-0.000243883,-0.000127357,320 G,0,-0.60109879
256,320,E2: Arch 2,2.585582527,13.27101756,8,H,6.675746696,0,2.0818269,H,0.091893542,1,NA,NA,NA,320 H,1,0
256,320,E2: Arch 2,2.585582527,13.27101756,8,H,6.675746696,0,2.0818269,I,0.054230745,1,0.000240584,-0.000243883,-0.000127357,320 I,0,-0.000995834
256,320,E2: Arch 2,2.585582527,13.27101756,8,H,6.675746696,0,2.0818269,K,0.045046498,1,0.000240584,-0.000243883,-0.000127357,320 K,0,0.277348231
256,320,E2: Arch 2,2.585582527,13.27101756,8,H,6.675746696,0,2.0818269,L,0.050790675,1,0.174023766,-0.054104051,-6.734907568,320 L,0,0.211413777
256,320,E2: Arch 2,2.585582527,13.27101756,8,H,6.675746696,0,2.0818269,M,0.050746344,1,3.295864581,-0.071909293,1.101267059,320 M,0,0.071536848
256,320,E2: Arch 2,2.585582527,13.27101756,8,H,6.675746696,0,2.0818269,N,4.82E-06,1,0.000240584,-0.000243883,-0.000127357,320 N,0,-0.88361818
256,320,E2: Arch 2,2.585582527,13.27101756,8,H,6.675746696,0,2.0818269,P,0.047435504,1,0.473976734,-2.544958079,0.490027699,320 P,1,2.564489815
256,320,E2: Arch 2,2.585582527,13.27101756,8,H,6.675746696,0,2.0818269,Q,0.044142734,1,0.000240584,-0.000243883,-0.000127357,320 Q,0,-0.497758788
256,320,E2: Arch 2,2.585582527,13.27101756,8,H,6.675746696,0,2.0818269,R,0.046894494,1,0.218566628,-0.186168866,0.354138453,320 R,1,0.491842186
256,320,E2: Arch 2,2.585582527,13.27101756,8,H,6.675746696,0,2.0818269,S,0.149157035,1,0.066597168,-0.328915566,0.136393689,320 S,1,-0.981586586
256,320,E2: Arch 2,2.585582527,13.27101756,8,H,6.675746696,0,2.0818269,T,0.044856555,1,0.70087275,-2.803442408,-0.070453279,320 T,1,-1.677795507
256,320,E2: Arch 2,2.585582527,13.27101756,8,H,6.675746696,0,2.0818269,V,0.048704543,1,0.000240584,-0.000243883,-0.000127357,320 V,0,-0.057174484
256,320,E2: Arch 2,2.585582527,13.27101756,8,H,6.675746696,0,2.0818269,W,0.000121864,1,0.000240584,-0.000243883,-0.000127357,320 W,0,-0.000564698
256,320,E2: Arch 2,2.585582527,13.27101756,8,H,6.675746696,0,2.0818269,Y,0.042555222,1,0.000240584,-0.000243883,-0.000127357,320 Y,1,-0.188419427
257,321,E2: Arch 2,2.3237653,10.214061,5,I,2.844877543,0.962969219,2.284874429,A,0.051502471,1,8.15E-05,0.000393244,-5.51E-06,321 A,0,3.182003715
257,321,E2: Arch 2,2.3237653,10.214061,5,I,2.844877543,0.962969219,2.284874429,C,0.051080643,1,8.15E-05,0.000393244,-5.51E-06,321 C,0,0.050113394
257,321,E2: Arch 2,2.3237653,10.214061,5,I,2.844877543,0.962969219,2.284874429,D,0.001132982,1,8.15E-05,0.000393244,-5.51E-06,321 D,0,-0.26345777
257,321,E2: Arch 2,2.3237653,10.214061,5,I,2.844877543,0.962969219,2.284874429,E,0.001290549,1,8.15E-05,0.000393244,-5.51E-06,321 E,0,0.011336106
257,321,E2: Arch 2,2.3237653,10.214061,5,I,2.844877543,0.962969219,2.284874429,F,0.047950242,1,8.15E-05,0.000393244,-5.51E-06,321 F,0,-0.117276268
257,321,E2: Arch 2,2.3237653,10.214061,5,I,2.844877543,0.962969219,2.284874429,G,0.000109832,1,8.15E-05,0.000393244,-5.51E-06,321 G,0,-0.688202046
257,321,E2: Arch 2,2.3237653,10.214061,5,I,2.844877543,0.962969219,2.284874429,H,0.001354381,1,8.15E-05,0.000393244,-5.51E-06,321 H,0,-0.083893601
257,321,E2: Arch 2,2.3237653,10.214061,5,I,2.844877543,0.962969219,2.284874429,I,0.156968138,1,NA,NA,NA,321 I,1,0
257,321,E2: Arch 2,2.3237653,10.214061,5,I,2.844877543,0.962969219,2.284874429,K,0.001113998,1,8.15E-05,0.000393244,-5.51E-06,321 K,0,-0.218584242
257,321,E2: Arch 2,2.3237653,10.214061,5,I,2.844877543,0.962969219,2.284874429,L,0.059614057,1,2.830310509,0.224616419,2.284874429,321 L,1,-2.263758615
257,321,E2: Arch 2,2.3237653,10.214061,5,I,2.844877543,0.962969219,2.284874429,M,0.044318374,1,8.15E-05,0.000393244,-5.51E-06,321 M,0,-1.03399613
257,321,E2: Arch 2,2.3237653,10.214061,5,I,2.844877543,0.962969219,2.284874429,N,0.04656399,1,8.15E-05,0.000393244,-5.51E-06,321 N,0,-0.759908287
257,321,E2: Arch 2,2.3237653,10.214061,5,I,2.844877543,0.962969219,2.284874429,P,0.047774574,1,8.15E-05,0.000393244,-5.51E-06,321 P,0,-0.548057628
257,321,E2: Arch 2,2.3237653,10.214061,5,I,2.844877543,0.962969219,2.284874429,Q,0.000711412,1,8.15E-05,0.000393244,-5.51E-06,321 Q,0,-0.122867559
257,321,E2: Arch 2,2.3237653,10.214061,5,I,2.844877543,0.962969219,2.284874429,R,0.00028557,1,8.15E-05,0.000393244,-5.51E-06,321 R,0,-0.325406478
257,321,E2: Arch 2,2.3237653,10.214061,5,I,2.844877543,0.962969219,2.284874429,S,0.04478086,1,8.15E-05,0.000393244,-5.51E-06,321 S,0,-2.020635438
257,321,E2: Arch 2,2.3237653,10.214061,5,I,2.844877543,0.962969219,2.284874429,T,0.293766164,1,0.013263415,0.732060888,-0.016996833,321 T,1,0.087244548
257,321,E2: Arch 2,2.3237653,10.214061,5,I,2.844877543,0.962969219,2.284874429,V,0.053547631,1,-1.514629417,-2.447711642,-0.911202402,321 V,1,-1.404413418
257,321,E2: Arch 2,2.3237653,10.214061,5,I,2.844877543,0.962969219,2.284874429,W,0.044214895,1,8.15E-05,0.000393244,-5.51E-06,321 W,0,0.512395949
257,321,E2: Arch 2,2.3237653,10.214061,5,I,2.844877543,0.962969219,2.284874429,Y,0.051919237,1,8.15E-05,0.000393244,-5.51E-06,321 Y,0,0.492565177
258,322,E2: Arch 2,2.218239203,9.19113289,5,P,5.22204684,3.278813443,1.483000037,A,0.046275551,1,-9.71E-06,3.89E-05,-3.96E-05,322 A,0,1.250538771
258,322,E2: Arch 2,2.218239203,9.19113289,5,P,5.22204684,3.278813443,1.483000037,C,0.050785622,1,-9.71E-06,3.89E-05,-3.96E-05,322 C,0,0.555808649
258,322,E2: Arch 2,2.218239203,9.19113289,5,P,5.22204684,3.278813443,1.483000037,D,0.228773313,1,-4.385803458,0.358970809,-4.419259997,322 D,1,-1.109093711
258,322,E2: Arch 2,2.218239203,9.19113289,5,P,5.22204684,3.278813443,1.483000037,E,0.133059362,1,-0.537781442,0.284928961,-0.387731068,322 E,1,0.123284688
258,322,E2: Arch 2,2.218239203,9.19113289,5,P,5.22204684,3.278813443,1.483000037,F,0.000439697,1,2.398496779,3.89E-05,-3.96E-05,322 F,0,-0.762512537
258,322,E2: Arch 2,2.218239203,9.19113289,5,P,5.22204684,3.278813443,1.483000037,G,0.051222043,1,-9.71E-06,3.89E-05,-3.96E-05,322 G,0,-0.49728667
258,322,E2: Arch 2,2.218239203,9.19113289,5,P,5.22204684,3.278813443,1.483000037,H,0.060739698,1,-9.71E-06,3.89E-05,-3.96E-05,322 H,0,0.029005507
258,322,E2: Arch 2,2.218239203,9.19113289,5,P,5.22204684,3.278813443,1.483000037,I,0.058027106,1,-9.71E-06,3.89E-05,-3.96E-05,322 I,0,-0.153305723
258,322,E2: Arch 2,2.218239203,9.19113289,5,P,5.22204684,3.278813443,1.483000037,K,0.052119774,1,-9.71E-06,3.89E-05,-3.96E-05,322 K,0,-0.590036295
258,322,E2: Arch 2,2.218239203,9.19113289,5,P,5.22204684,3.278813443,1.483000037,L,0.004982938,1,2.772889118,2.634330064,1.399316214,322 L,1,0.55465226
258,322,E2: Arch 2,2.218239203,9.19113289,5,P,5.22204684,3.278813443,1.483000037,M,0.001152333,1,-9.71E-06,3.89E-05,-3.96E-05,322 M,0,0.243924956
258,322,E2: Arch 2,2.218239203,9.19113289,5,P,5.22204684,3.278813443,1.483000037,N,0.001227711,1,-9.71E-06,3.89E-05,-3.96E-05,322 N,0,0.258852005
258,322,E2: Arch 2,2.218239203,9.19113289,5,P,5.22204684,3.278813443,1.483000037,P,0.209620681,1,NA,NA,NA,322 P,1,0
258,322,E2: Arch 2,2.218239203,9.19113289,5,P,5.22204684,3.278813443,1.483000037,Q,5.85E-06,1,-9.71E-06,3.89E-05,-3.96E-05,322 Q,0,-2.289478769
258,322,E2: Arch 2,2.218239203,9.19113289,5,P,5.22204684,3.278813443,1.483000037,R,0.000152969,1,-9.71E-06,3.89E-05,-3.96E-05,322 R,0,-0.736284835
258,322,E2: Arch 2,2.218239203,9.19113289,5,P,5.22204684,3.278813443,1.483000037,S,0.034015644,1,-9.71E-06,3.89E-05,-3.96E-05,322 S,1,-0.065690416
258,322,E2: Arch 2,2.218239203,9.19113289,5,P,5.22204684,3.278813443,1.483000037,T,8.01E-06,1,0.050660943,-0.126491099,0.083683823,322 T,0,-0.832438266
258,322,E2: Arch 2,2.218239203,9.19113289,5,P,5.22204684,3.278813443,1.483000037,V,0.000444071,1,-9.71E-06,3.89E-05,-3.96E-05,322 V,0,-0.561951936
258,322,E2: Arch 2,2.218239203,9.19113289,5,P,5.22204684,3.278813443,1.483000037,W,0.066433291,1,-9.71E-06,3.89E-05,-3.96E-05,322 W,0,0.032782229
258,322,E2: Arch 2,2.218239203,9.19113289,5,P,5.22204684,3.278813443,1.483000037,Y,0.000514333,1,-9.71E-06,3.89E-05,-3.96E-05,322 Y,0,-0.299647403
259,323,E2: Arch 2,2.18501954,8.89082228,3,F,0,0,0,A,0.000483013,1,-5.50E-05,-4.66E-05,-6.76E-05,323 A,0,0.258897122
259,323,E2: Arch 2,2.18501954,8.89082228,3,F,0,0,0,C,0.001614305,1,-5.50E-05,-4.66E-05,-6.76E-05,323 C,0,0.472304522
259,323,E2: Arch 2,2.18501954,8.89082228,3,F,0,0,0,D,0.050477648,1,-5.50E-05,-4.66E-05,-6.76E-05,323 D,0,0.29394944
259,323,E2: Arch 2,2.18501954,8.89082228,3,F,0,0,0,E,0.047667421,1,-5.50E-05,-4.66E-05,-6.76E-05,323 E,0,-0.813817956
259,323,E2: Arch 2,2.18501954,8.89082228,3,F,0,0,0,F,0.216716888,1,NA,NA,NA,323 F,1,0
259,323,E2: Arch 2,2.18501954,8.89082228,3,F,0,0,0,G,0.000655307,1,-5.50E-05,-4.66E-05,-6.76E-05,323 G,0,-0.544099637
259,323,E2: Arch 2,2.18501954,8.89082228,3,F,0,0,0,H,0.047419088,1,-2.302889769,-2.283010327,-2.316201669,323 H,0,-0.101223933
259,323,E2: Arch 2,2.18501954,8.89082228,3,F,0,0,0,I,0.04467773,1,-5.50E-05,-4.66E-05,-6.76E-05,323 I,0,-0.581309776
259,323,E2: Arch 2,2.18501954,8.89082228,3,F,0,0,0,K,0.00053433,1,-5.50E-05,-4.66E-05,-6.76E-05,323 K,0,-0.685676954
259,323,E2: Arch 2,2.18501954,8.89082228,3,F,0,0,0,L,0.241344112,1,-0.181367403,-0.068424905,-0.202487115,323 L,1,-0.367326262
259,323,E2: Arch 2,2.18501954,8.89082228,3,F,0,0,0,M,0.000467749,1,-5.50E-05,-4.66E-05,-6.76E-05,323 M,0,0.112336385
259,323,E2: Arch 2,2.18501954,8.89082228,3,F,0,0,0,N,0.048732396,1,-5.50E-05,-4.66E-05,-6.76E-05,323 N,0,-0.535951963
259,323,E2: Arch 2,2.18501954,8.89082228,3,F,0,0,0,P,0.000304905,1,-5.50E-05,-4.66E-05,-6.76E-05,323 P,0,0.05179606
259,323,E2: Arch 2,2.18501954,8.89082228,3,F,0,0,0,Q,0.055957148,1,-5.50E-05,-4.66E-05,-6.76E-05,323 Q,0,-0.684803175
259,323,E2: Arch 2,2.18501954,8.89082228,3,F,0,0,0,R,0.000801166,1,-5.50E-05,-4.66E-05,-6.76E-05,323 R,0,-0.626184428
259,323,E2: Arch 2,2.18501954,8.89082228,3,F,0,0,0,S,0.138837203,1,-0.483254092,-0.555622659,-0.615321985,323 S,1,-0.435851267
259,323,E2: Arch 2,2.18501954,8.89082228,3,F,0,0,0,T,0.00115415,1,-5.50E-05,-4.66E-05,-6.76E-05,323 T,0,0.134475901
259,323,E2: Arch 2,2.18501954,8.89082228,3,F,0,0,0,V,0.000415556,1,-5.50E-05,-4.66E-05,-6.76E-05,323 V,0,-0.624247741
259,323,E2: Arch 2,2.18501954,8.89082228,3,F,0,0,0,W,0.053581289,1,-5.50E-05,-4.66E-05,-6.76E-05,323 W,0,-0.275407374
259,323,E2: Arch 2,2.18501954,8.89082228,3,F,0,0,0,Y,0.048158596,1,-5.50E-05,-4.66E-05,-6.76E-05,323 Y,0,0.125847467
260,324,E2: Arch 2,2.322382609,10.19994786,8,P,3.254379309,2.1442469,3.021574208,A,0.000381788,1,2.344610214,6.17E-06,1.26E-05,324 A,0,-0.759916609
260,324,E2: Arch 2,2.322382609,10.19994786,8,P,3.254379309,2.1442469,3.021574208,C,0.041130487,1,0.655822609,0.13260748,0.124015833,324 C,1,-0.755575417
260,324,E2: Arch 2,2.322382609,10.19994786,8,P,3.254379309,2.1442469,3.021574208,D,0.000376244,1,-3.94E-05,6.17E-06,1.26E-05,324 D,0,-0.054883436
260,324,E2: Arch 2,2.322382609,10.19994786,8,P,3.254379309,2.1442469,3.021574208,E,0.020446504,1,-2.049011507,0.341044662,-2.126506197,324 E,1,-3.118310293
260,324,E2: Arch 2,2.322382609,10.19994786,8,P,3.254379309,2.1442469,3.021574208,F,0.049732588,1,-2.236908111,-2.217966336,-2.249112843,324 F,0,0.288519518
260,324,E2: Arch 2,2.322382609,10.19994786,8,P,3.254379309,2.1442469,3.021574208,G,0.018905844,1,0.215653143,0.853249298,0.131843813,324 G,1,3.817015802
260,324,E2: Arch 2,2.322382609,10.19994786,8,P,3.254379309,2.1442469,3.021574208,H,0.051149125,1,-3.94E-05,6.17E-06,1.26E-05,324 H,0,0.010907135
260,324,E2: Arch 2,2.322382609,10.19994786,8,P,3.254379309,2.1442469,3.021574208,I,0.044431778,1,-3.94E-05,6.17E-06,1.26E-05,324 I,0,0.424415122
260,324,E2: Arch 2,2.322382609,10.19994786,8,P,3.254379309,2.1442469,3.021574208,K,0.000110353,1,-3.94E-05,6.17E-06,1.26E-05,324 K,0,0.216950668
260,324,E2: Arch 2,2.322382609,10.19994786,8,P,3.254379309,2.1442469,3.021574208,L,0.141153346,1,0.038293342,0.216922322,0.13174953,324 L,1,0.528819544
260,324,E2: Arch 2,2.322382609,10.19994786,8,P,3.254379309,2.1442469,3.021574208,M,0.054817277,1,-3.94E-05,6.17E-06,1.26E-05,324 M,0,0.031416352
260,324,E2: Arch 2,2.322382609,10.19994786,8,P,3.254379309,2.1442469,3.021574208,N,7.09E-05,1,-3.94E-05,6.17E-06,1.26E-05,324 N,0,0.255333207
260,324,E2: Arch 2,2.322382609,10.19994786,8,P,3.254379309,2.1442469,3.021574208,P,0.073850754,1,NA,NA,NA,324 P,1,0
260,324,E2: Arch 2,2.322382609,10.19994786,8,P,3.254379309,2.1442469,3.021574208,Q,0.210822808,1,-3.068167771,0.600355307,0.378933622,324 Q,1,1.347125142
260,324,E2: Arch 2,2.322382609,10.19994786,8,P,3.254379309,2.1442469,3.021574208,R,0.058772803,1,-0.277818696,-1.547152294,-0.113703225,324 R,1,1.270199274
260,324,E2: Arch 2,2.322382609,10.19994786,8,P,3.254379309,2.1442469,3.021574208,S,0.18654195,1,-0.053584911,-0.11791845,-0.123159271,324 S,1,0.085025831
260,324,E2: Arch 2,2.322382609,10.19994786,8,P,3.254379309,2.1442469,3.021574208,T,0.045646528,1,-3.94E-05,6.17E-06,1.26E-05,324 T,0,5.619368506
260,324,E2: Arch 2,2.322382609,10.19994786,8,P,3.254379309,2.1442469,3.021574208,V,0.000741096,1,-3.94E-05,6.17E-06,1.26E-05,324 V,0,-0.684108144
260,324,E2: Arch 2,2.322382609,10.19994786,8,P,3.254379309,2.1442469,3.021574208,W,0.000521366,1,-3.94E-05,6.17E-06,2.254905504,324 W,0,-1.488272288
260,324,E2: Arch 2,2.322382609,10.19994786,8,P,3.254379309,2.1442469,3.021574208,Y,0.000396468,1,-3.94E-05,6.17E-06,1.26E-05,324 Y,0,0.544360423
261,325,E2: Arch 2,2.526725644,12.51246872,5,L,5.66428521,0.622770019,1.169987777,A,0.05990209,1,0.00177482,-7.47E-05,3.19E-05,325 A,0,0.10711124
261,325,E2: Arch 2,2.526725644,12.51246872,5,L,5.66428521,0.622770019,1.169987777,C,0.045798855,1,0.00177482,-7.47E-05,3.19E-05,325 C,0,-0.284301319
261,325,E2: Arch 2,2.526725644,12.51246872,5,L,5.66428521,0.622770019,1.169987777,D,0.000183441,1,0.00177482,-7.47E-05,3.19E-05,325 D,0,-0.622736989
261,325,E2: Arch 2,2.526725644,12.51246872,5,L,5.66428521,0.622770019,1.169987777,E,0.048594822,1,0.00177482,-7.47E-05,3.19E-05,325 E,0,-0.630221572
261,325,E2: Arch 2,2.526725644,12.51246872,5,L,5.66428521,0.622770019,1.169987777,F,0.049983311,1,0.00177482,-7.47E-05,3.19E-05,325 F,0,-0.545497236
261,325,E2: Arch 2,2.526725644,12.51246872,5,L,5.66428521,0.622770019,1.169987777,G,0.000109922,1,0.00177482,-7.47E-05,3.19E-05,325 G,0,-0.502304812
261,325,E2: Arch 2,2.526725644,12.51246872,5,L,5.66428521,0.622770019,1.169987777,H,0.07467026,1,-3.414150797,-3.395631485,-3.43519397,325 H,1,-0.656454488
261,325,E2: Arch 2,2.526725644,12.51246872,5,L,5.66428521,0.622770019,1.169987777,I,0.042881535,1,-2.253988196,-2.236220116,-2.26799454,325 I,0,-0.554047345
261,325,E2: Arch 2,2.526725644,12.51246872,5,L,5.66428521,0.622770019,1.169987777,K,0.046227254,1,-0.023976618,0.249331763,0.829422379,325 K,1,0.033276799
261,325,E2: Arch 2,2.526725644,12.51246872,5,L,5.66428521,0.622770019,1.169987777,L,0.181502722,1,NA,NA,NA,325 L,1,0
261,325,E2: Arch 2,2.526725644,12.51246872,5,L,5.66428521,0.622770019,1.169987777,M,0.122693962,1,5.639437728,-7.47E-05,3.19E-05,325 M,1,-0.48342528
261,325,E2: Arch 2,2.526725644,12.51246872,5,L,5.66428521,0.622770019,1.169987777,N,0.044816343,1,0.00177482,-7.47E-05,3.19E-05,325 N,0,-0.05856146
261,325,E2: Arch 2,2.526725644,12.51246872,5,L,5.66428521,0.622770019,1.169987777,P,0.114794549,1,-1.503610342,0.373438256,0.340086745,325 P,1,-0.426993635
261,325,E2: Arch 2,2.526725644,12.51246872,5,L,5.66428521,0.622770019,1.169987777,Q,0.050945799,1,0.00177482,-7.47E-05,3.19E-05,325 Q,0,-4.254890824
261,325,E2: Arch 2,2.526725644,12.51246872,5,L,5.66428521,0.622770019,1.169987777,R,0.000103247,1,0.00177482,-7.47E-05,3.19E-05,325 R,0,-1.228670218
261,325,E2: Arch 2,2.526725644,12.51246872,5,L,5.66428521,0.622770019,1.169987777,S,0.000293888,1,0.00177482,-7.47E-05,3.19E-05,325 S,0,-1.116107252
261,325,E2: Arch 2,2.526725644,12.51246872,5,L,5.66428521,0.622770019,1.169987777,T,0.000663276,1,0.00177482,-7.47E-05,3.19E-05,325 T,0,-0.221348003
261,325,E2: Arch 2,2.526725644,12.51246872,5,L,5.66428521,0.622770019,1.169987777,V,0.051763486,1,0.00177482,-7.47E-05,3.19E-05,325 V,0,-0.122397822
261,325,E2: Arch 2,2.526725644,12.51246872,5,L,5.66428521,0.622770019,1.169987777,W,0.000452938,1,0.00177482,-7.47E-05,3.19E-05,325 W,0,1.130690901
261,325,E2: Arch 2,2.526725644,12.51246872,5,L,5.66428521,0.622770019,1.169987777,Y,0.063618299,1,0.00177482,-7.47E-05,3.19E-05,325 Y,0,-0.33050458
262,326,E2: Arch 2,1.888644438,6.610401796,9,A,1.143748277,0.052551953,1.561415144,A,0.004201718,1,NA,NA,NA,326 A,1,0
262,326,E2: Arch 2,1.888644438,6.610401796,9,A,1.143748277,0.052551953,1.561415144,C,0.051636388,1,8.45E-05,-0.000628005,0.000588625,326 C,0,-0.491544609
262,326,E2: Arch 2,1.888644438,6.610401796,9,A,1.143748277,0.052551953,1.561415144,D,0.522751553,1,0.069094639,-0.239681258,0.073867004,326 D,1,-2.905374502
262,326,E2: Arch 2,1.888644438,6.610401796,9,A,1.143748277,0.052551953,1.561415144,E,2.02E-07,1,8.45E-05,-0.000628005,0.000588625,326 E,0,0.139091645
262,326,E2: Arch 2,1.888644438,6.610401796,9,A,1.143748277,0.052551953,1.561415144,F,0.002355634,1,-0.069285626,-0.124865232,-0.213629817,326 F,1,-0.426146927
262,326,E2: Arch 2,1.888644438,6.610401796,9,A,1.143748277,0.052551953,1.561415144,G,0.018117974,1,-0.212402445,-4.443061354,-0.226153798,326 G,1,0.492741181
262,326,E2: Arch 2,1.888644438,6.610401796,9,A,1.143748277,0.052551953,1.561415144,H,0.048997013,1,8.45E-05,-0.000628005,0.000588625,326 H,0,-0.287564319
262,326,E2: Arch 2,1.888644438,6.610401796,9,A,1.143748277,0.052551953,1.561415144,I,0.046976412,1,8.45E-05,-0.000628005,0.000588625,326 I,0,0.188486594
262,326,E2: Arch 2,1.888644438,6.610401796,9,A,1.143748277,0.052551953,1.561415144,K,0.016207703,1,0.225079737,-0.063107802,0.08199576,326 K,1,-0.244466699
262,326,E2: Arch 2,1.888644438,6.610401796,9,A,1.143748277,0.052551953,1.561415144,L,1.32E-05,1,-2.217339688,-2.303050205,0.016086198,326 L,0,-0.367598001
262,326,E2: Arch 2,1.888644438,6.610401796,9,A,1.143748277,0.052551953,1.561415144,M,0.049264746,1,8.45E-05,-0.000628005,0.000588625,326 M,0,0.012217807
262,326,E2: Arch 2,1.888644438,6.610401796,9,A,1.143748277,0.052551953,1.561415144,N,0.047890035,1,8.45E-05,-0.000628005,0.000588625,326 N,0,-0.101156796
262,326,E2: Arch 2,1.888644438,6.610401796,9,A,1.143748277,0.052551953,1.561415144,P,1.52E-05,1,8.45E-05,-0.000628005,0.000588625,326 P,0,-0.040920327
262,326,E2: Arch 2,1.888644438,6.610401796,9,A,1.143748277,0.052551953,1.561415144,Q,0.048206684,1,-4.652527285,-2.305245491,-1.953901354,326 Q,0,-0.530582547
262,326,E2: Arch 2,1.888644438,6.610401796,9,A,1.143748277,0.052551953,1.561415144,R,0.016197435,1,0.051423184,0.052551953,0.543037494,326 R,1,-1.554412686
262,326,E2: Arch 2,1.888644438,6.610401796,9,A,1.143748277,0.052551953,1.561415144,S,0.049424922,1,8.45E-05,-0.000628005,0.000588625,326 S,0,-0.304951075
262,326,E2: Arch 2,1.888644438,6.610401796,9,A,1.143748277,0.052551953,1.561415144,T,0.006321345,1,-0.189350332,-0.092064238,0.014802405,326 T,1,-1.256122839
262,326,E2: Arch 2,1.888644438,6.610401796,9,A,1.143748277,0.052551953,1.561415144,V,0.017309428,1,0.147239101,-0.07750861,0.352142598,326 V,1,0.165932679
262,326,E2: Arch 2,1.888644438,6.610401796,9,A,1.143748277,0.052551953,1.561415144,W,0.003349999,1,0.650151236,-1.048201141,0.474186063,326 W,1,0.94439268
262,326,E2: Arch 2,1.888644438,6.610401796,9,A,1.143748277,0.052551953,1.561415144,Y,0.050762416,1,8.45E-05,-0.000628005,0.000588625,326 Y,0,-0.541203994
263,327,E2: Arch 2,2.389067997,10.90332728,5,N,0.106928715,0,0.002124365,A,0.050261754,1,-0.001430274,-0.001418291,-0.00147574,327 A,0,0.047800932
263,327,E2: Arch 2,2.389067997,10.90332728,5,N,0.106928715,0,0.002124365,C,0.048737605,1,-0.001430274,-0.001418291,-0.00147574,327 C,0,-0.792826946
263,327,E2: Arch 2,2.389067997,10.90332728,5,N,0.106928715,0,0.002124365,D,0.340860564,1,-0.493023235,-0.619937164,0.002124365,327 D,1,1.618840719
263,327,E2: Arch 2,2.389067997,10.90332728,5,N,0.106928715,0,0.002124365,E,0.050205049,1,-0.001430274,-0.001418291,-0.00147574,327 E,0,-0.984271775
263,327,E2: Arch 2,2.389067997,10.90332728,5,N,0.106928715,0,0.002124365,F,0.050531304,1,-0.001430274,-0.001418291,-0.00147574,327 F,0,-0.345494042
263,327,E2: Arch 2,2.389067997,10.90332728,5,N,0.106928715,0,0.002124365,G,0.040432361,1,-2.609562646,-1.679269761,-2.397068311,327 G,1,-0.705413667
263,327,E2: Arch 2,2.389067997,10.90332728,5,N,0.106928715,0,0.002124365,H,0.050024949,1,-0.001430274,-0.001418291,-0.00147574,327 H,0,0.319809589
263,327,E2: Arch 2,2.389067997,10.90332728,5,N,0.106928715,0,0.002124365,I,0.049206256,1,-0.001430274,-0.001418291,-0.00147574,327 I,0,0.358994346
263,327,E2: Arch 2,2.389067997,10.90332728,5,N,0.106928715,0,0.002124365,K,0.048994264,1,-0.001430274,-0.001418291,-0.00147574,327 K,0,0.506336162
263,327,E2: Arch 2,2.389067997,10.90332728,5,N,0.106928715,0,0.002124365,L,0.007786104,1,0.106928715,-0.341898552,-0.231962121,327 L,1,0.394106816
263,327,E2: Arch 2,2.389067997,10.90332728,5,N,0.106928715,0,0.002124365,M,2.16E-05,1,-0.001430274,-0.001418291,-0.00147574,327 M,0,-0.628394826
263,327,E2: Arch 2,2.389067997,10.90332728,5,N,0.106928715,0,0.002124365,N,0.007444925,1,NA,NA,NA,327 N,1,0
263,327,E2: Arch 2,2.389067997,10.90332728,5,N,0.106928715,0,0.002124365,P,0.003675574,1,-0.599865632,-6.397890227,-0.342343316,327 P,1,-0.714574918
263,327,E2: Arch 2,2.389067997,10.90332728,5,N,0.106928715,0,0.002124365,Q,0.050603774,1,-0.001430274,-0.001418291,-0.00147574,327 Q,0,-0.470194932
263,327,E2: Arch 2,2.389067997,10.90332728,5,N,0.106928715,0,0.002124365,R,3.52E-05,1,-0.001430274,-0.001418291,-0.00147574,327 R,0,-0.326932731
263,327,E2: Arch 2,2.389067997,10.90332728,5,N,0.106928715,0,0.002124365,S,1.58E-05,1,-0.001430274,-0.001418291,-0.00147574,327 S,0,0.185039929
263,327,E2: Arch 2,2.389067997,10.90332728,5,N,0.106928715,0,0.002124365,T,0.049802156,1,-0.001430274,-0.001418291,-0.00147574,327 T,0,0.805695662
263,327,E2: Arch 2,2.389067997,10.90332728,5,N,0.106928715,0,0.002124365,V,0.050487871,1,-0.001430274,-0.001418291,-0.00147574,327 V,0,-0.494771612
263,327,E2: Arch 2,2.389067997,10.90332728,5,N,0.106928715,0,0.002124365,W,0.051308257,1,-0.001430274,-0.001418291,-0.00147574,327 W,0,-0.154739558
263,327,E2: Arch 2,2.389067997,10.90332728,5,N,0.106928715,0,0.002124365,Y,0.049564666,1,-0.001430274,-0.001418291,-0.00147574,327 Y,0,2.267185074
264,328,E2: Arch 2,2.547687447,12.77752089,9,V,0.553828724,0.965357045,0.548002681,A,0.023417891,1,0.163489864,-0.070248317,0.253804963,328 A,1,-0.901116274
264,328,E2: Arch 2,2.547687447,12.77752089,9,V,0.553828724,0.965357045,0.548002681,C,0.075026327,1,0.158496579,0.263540817,-0.049425627,328 C,1,-0.188511195
264,328,E2: Arch 2,2.547687447,12.77752089,9,V,0.553828724,0.965357045,0.548002681,D,0.050375262,1,0.000102078,0.000388343,4.14E-05,328 D,0,0.082908112
264,328,E2: Arch 2,2.547687447,12.77752089,9,V,0.553828724,0.965357045,0.548002681,E,0.047372866,1,0.000102078,0.000388343,4.14E-05,328 E,0,-3.707298775
264,328,E2: Arch 2,2.547687447,12.77752089,9,V,0.553828724,0.965357045,0.548002681,F,0.047162126,1,0.000102078,0.000388343,4.14E-05,328 F,0,-0.776222271
264,328,E2: Arch 2,2.547687447,12.77752089,9,V,0.553828724,0.965357045,0.548002681,G,0.014962794,1,-0.46769093,-0.848575059,-0.657595466,328 G,1,-1.084912623
264,328,E2: Arch 2,2.547687447,12.77752089,9,V,0.553828724,0.965357045,0.548002681,H,0.000183702,1,0.000102078,0.000388343,4.14E-05,328 H,0,-0.13802153
264,328,E2: Arch 2,2.547687447,12.77752089,9,V,0.553828724,0.965357045,0.548002681,I,0.000151701,1,0.000102078,0.000388343,4.14E-05,328 I,0,0.071754373
264,328,E2: Arch 2,2.547687447,12.77752089,9,V,0.553828724,0.965357045,0.548002681,K,0.055076496,1,0.000102078,0.000388343,4.14E-05,328 K,0,-0.455345237
264,328,E2: Arch 2,2.547687447,12.77752089,9,V,0.553828724,0.965357045,0.548002681,L,0.051228178,1,0.000102078,0.000388343,4.14E-05,328 L,0,0.893472288
264,328,E2: Arch 2,2.547687447,12.77752089,9,V,0.553828724,0.965357045,0.548002681,M,0.217692767,1,0.000102078,0.000388343,4.14E-05,328 M,1,-0.4329461
264,328,E2: Arch 2,2.547687447,12.77752089,9,V,0.553828724,0.965357045,0.548002681,N,0.055847572,1,0.000102078,0.000388343,4.14E-05,328 N,0,-0.351703366
264,328,E2: Arch 2,2.547687447,12.77752089,9,V,0.553828724,0.965357045,0.548002681,P,4.65E-05,1,0.000102078,0.000388343,4.14E-05,328 P,0,0.056371636
264,328,E2: Arch 2,2.547687447,12.77752089,9,V,0.553828724,0.965357045,0.548002681,Q,0.051401708,1,0.000102078,0.000388343,4.14E-05,328 Q,0,-0.634384229
264,328,E2: Arch 2,2.547687447,12.77752089,9,V,0.553828724,0.965357045,0.548002681,R,0.063539411,1,-0.085253618,0.361992315,0.276256799,328 R,1,1.614354301
264,328,E2: Arch 2,2.547687447,12.77752089,9,V,0.553828724,0.965357045,0.548002681,S,0.120393857,1,0.082477163,0.207994817,0.017444613,328 S,1,-0.202920517
264,328,E2: Arch 2,2.547687447,12.77752089,9,V,0.553828724,0.965357045,0.548002681,T,6.70E-05,1,-2.203951428,-2.183084211,-2.216438345,328 T,0,-0.691860139
264,328,E2: Arch 2,2.547687447,12.77752089,9,V,0.553828724,0.965357045,0.548002681,V,0.03286887,1,NA,NA,NA,328 V,1,0
264,328,E2: Arch 2,2.547687447,12.77752089,9,V,0.553828724,0.965357045,0.548002681,W,0.079642202,1,0.148140186,0.127168983,-0.101225722,328 W,1,-0.82948029
264,328,E2: Arch 2,2.547687447,12.77752089,9,V,0.553828724,0.965357045,0.548002681,Y,0.013542765,1,0.000102078,0.000388343,4.14E-05,328 Y,1,0.422733972
265,329,E2: Arch 2,2.214550155,9.157288821,12,T,5.505888207,0.599189137,5.424694248,A,0.050002362,1,0.143657719,-0.212759031,-0.023935824,329 A,1,0.49599767
265,329,E2: Arch 2,2.214550155,9.157288821,12,T,5.505888207,0.599189137,5.424694248,C,0.011229438,1,-3.109801071,0.222939432,-0.755967719,329 C,1,-2.130912671
265,329,E2: Arch 2,2.214550155,9.157288821,12,T,5.505888207,0.599189137,5.424694248,D,1.85E-05,1,-0.000329804,-0.001141325,-0.000217197,329 D,0,-0.231829354
265,329,E2: Arch 2,2.214550155,9.157288821,12,T,5.505888207,0.599189137,5.424694248,E,0.032198919,1,-0.077927475,0.026548783,0.200543474,329 E,1,1.729992142
265,329,E2: Arch 2,2.214550155,9.157288821,12,T,5.505888207,0.599189137,5.424694248,F,0.082615663,1,-0.037624004,-0.416270195,-0.144843772,329 F,1,-1.079134218
265,329,E2: Arch 2,2.214550155,9.157288821,12,T,5.505888207,0.599189137,5.424694248,G,0.010075047,1,-2.540693757,-2.520745617,-2.559223071,329 G,1,-0.231788567
265,329,E2: Arch 2,2.214550155,9.157288821,12,T,5.505888207,0.599189137,5.424694248,H,0.005597139,1,0.304822361,-5.381564754,0.079412818,329 H,1,1.016643382
265,329,E2: Arch 2,2.214550155,9.157288821,12,T,5.505888207,0.599189137,5.424694248,I,6.71E-05,1,-0.000329804,-0.001141325,-0.000217197,329 I,0,0.073262176
265,329,E2: Arch 2,2.214550155,9.157288821,12,T,5.505888207,0.599189137,5.424694248,K,0.052943168,1,-0.000329804,-0.001141325,-0.000217197,329 K,0,-1.352375056
265,329,E2: Arch 2,2.214550155,9.157288821,12,T,5.505888207,0.599189137,5.424694248,L,1.65E-05,1,2.623633952,-0.001141325,-0.000217197,329 L,0,0.01692647
265,329,E2: Arch 2,2.214550155,9.157288821,12,T,5.505888207,0.599189137,5.424694248,M,0.05341547,1,-0.000329804,-0.001141325,-0.000217197,329 M,0,-0.78204145
265,329,E2: Arch 2,2.214550155,9.157288821,12,T,5.505888207,0.599189137,5.424694248,N,0.054308295,1,-0.000329804,-0.001141325,-0.000217197,329 N,0,0.382168603
265,329,E2: Arch 2,2.214550155,9.157288821,12,T,5.505888207,0.599189137,5.424694248,P,0.010353712,1,-0.276976341,0.349700922,0.103445578,329 P,1,0.414624586
265,329,E2: Arch 2,2.214550155,9.157288821,12,T,5.505888207,0.599189137,5.424694248,Q,0.352552186,1,0.095324835,-0.390564704,-0.005686641,329 Q,1,0.400380517
265,329,E2: Arch 2,2.214550155,9.157288821,12,T,5.505888207,0.599189137,5.424694248,R,0.004883651,1,2.338449339,-0.001141325,4.882337722,329 R,1,0.769416839
265,329,E2: Arch 2,2.214550155,9.157288821,12,T,5.505888207,0.599189137,5.424694248,S,0.103461429,1,-0.327292285,-0.873438451,-0.312934688,329 S,1,-0.616490416
265,329,E2: Arch 2,2.214550155,9.157288821,12,T,5.505888207,0.599189137,5.424694248,T,0.023568634,1,NA,NA,NA,329 T,1,0
265,329,E2: Arch 2,2.214550155,9.157288821,12,T,5.505888207,0.599189137,5.424694248,V,9.23E-05,1,-0.000329804,-0.001141325,-0.000217197,329 V,0,-0.971748329
265,329,E2: Arch 2,2.214550155,9.157288821,12,T,5.505888207,0.599189137,5.424694248,W,0.054444989,1,-0.000329804,-0.001141325,-0.000217197,329 W,0,0.003583765
265,329,E2: Arch 2,2.214550155,9.157288821,12,T,5.505888207,0.599189137,5.424694248,Y,0.098155456,1,-0.177837195,-0.800311419,0.158954656,329 Y,1,-1.189839444
266,330,E2: Arch 2,2.135151967,8.458331794,4,C,5.192726466,0.113404425,0.154717272,A,0.002305995,1,3.04E-05,2.91E-05,6.40E-05,330 A,0,0.128208619
266,330,E2: Arch 2,2.135151967,8.458331794,4,C,5.192726466,0.113404425,0.154717272,C,0.253094761,1,NA,NA,NA,330 C,1,0
266,330,E2: Arch 2,2.135151967,8.458331794,4,C,5.192726466,0.113404425,0.154717272,D,0.047948399,1,3.04E-05,2.91E-05,6.40E-05,330 D,0,0.982583571
266,330,E2: Arch 2,2.135151967,8.458331794,4,C,5.192726466,0.113404425,0.154717272,E,0.049914214,1,3.04E-05,2.91E-05,6.40E-05,330 E,0,0.493045528
266,330,E2: Arch 2,2.135151967,8.458331794,4,C,5.192726466,0.113404425,0.154717272,F,0.000353494,1,2.39676005,2.91E-05,6.40E-05,330 F,0,-0.400124496
266,330,E2: Arch 2,2.135151967,8.458331794,4,C,5.192726466,0.113404425,0.154717272,G,0.000209437,1,3.04E-05,2.91E-05,6.40E-05,330 G,0,-0.743898953
266,330,E2: Arch 2,2.135151967,8.458331794,4,C,5.192726466,0.113404425,0.154717272,H,0.047070823,1,3.04E-05,2.91E-05,6.40E-05,330 H,0,-0.565531179
266,330,E2: Arch 2,2.135151967,8.458331794,4,C,5.192726466,0.113404425,0.154717272,I,0.049632923,1,3.04E-05,2.91E-05,6.40E-05,330 I,0,-0.323818951
266,330,E2: Arch 2,2.135151967,8.458331794,4,C,5.192726466,0.113404425,0.154717272,K,0.046715847,1,3.04E-05,2.91E-05,6.40E-05,330 K,0,-0.376099658
266,330,E2: Arch 2,2.135151967,8.458331794,4,C,5.192726466,0.113404425,0.154717272,L,0.0002761,1,3.04E-05,2.91E-05,6.40E-05,330 L,0,-0.370732414
266,330,E2: Arch 2,2.135151967,8.458331794,4,C,5.192726466,0.113404425,0.154717272,M,0.000600233,1,3.04E-05,2.91E-05,6.40E-05,330 M,0,0.032321036
266,330,E2: Arch 2,2.135151967,8.458331794,4,C,5.192726466,0.113404425,0.154717272,N,0.001138295,1,3.04E-05,2.91E-05,6.40E-05,330 N,0,0.291381001
266,330,E2: Arch 2,2.135151967,8.458331794,4,C,5.192726466,0.113404425,0.154717272,P,0.054009644,1,3.04E-05,2.91E-05,6.40E-05,330 P,0,-0.610492194
266,330,E2: Arch 2,2.135151967,8.458331794,4,C,5.192726466,0.113404425,0.154717272,Q,0.001235191,1,3.04E-05,2.91E-05,6.40E-05,330 Q,0,-0.166088565
266,330,E2: Arch 2,2.135151967,8.458331794,4,C,5.192726466,0.113404425,0.154717272,R,0.271430311,1,-0.649538905,-0.636603364,-0.361031739,330 R,1,0.844919713
266,330,E2: Arch 2,2.135151967,8.458331794,4,C,5.192726466,0.113404425,0.154717272,S,0.000250913,1,3.04E-05,2.91E-05,6.40E-05,330 S,0,-0.73139319
266,330,E2: Arch 2,2.135151967,8.458331794,4,C,5.192726466,0.113404425,0.154717272,T,0.066537271,1,2.795510983,2.91E-05,6.40E-05,330 T,1,-1.01442116
266,330,E2: Arch 2,2.135151967,8.458331794,4,C,5.192726466,0.113404425,0.154717272,V,0.00154606,1,3.04E-05,2.91E-05,6.40E-05,330 V,0,-0.314372867
266,330,E2: Arch 2,2.135151967,8.458331794,4,C,5.192726466,0.113404425,0.154717272,W,0.053888164,1,3.04E-05,2.91E-05,6.40E-05,330 W,0,-0.449386836
266,330,E2: Arch 2,2.135151967,8.458331794,4,C,5.192726466,0.113404425,0.154717272,Y,0.051841926,1,-0.023620584,0.112909915,0.15362865,330 Y,1,0.040260061
267,331,E2: Arch 2,2.700017066,14.87998566,9,R,0.016141863,0.713165659,3.962330626,A,0.056749622,1,-0.347825946,-1.082962152,0.011591382,331 A,1,-3.123380956
267,331,E2: Arch 2,2.700017066,14.87998566,9,R,0.016141863,0.713165659,3.962330626,C,0.05270377,1,-0.000228017,9.85E-05,3.58E-05,331 C,0,-0.327716299
267,331,E2: Arch 2,2.700017066,14.87998566,9,R,0.016141863,0.713165659,3.962330626,D,0.000140028,1,-0.000228017,9.85E-05,3.294969948,331 D,0,0.130764738
267,331,E2: Arch 2,2.700017066,14.87998566,9,R,0.016141863,0.713165659,3.962330626,E,0.049469853,1,-0.000228017,9.85E-05,3.58E-05,331 E,0,-0.758313942
267,331,E2: Arch 2,2.700017066,14.87998566,9,R,0.016141863,0.713165659,3.962330626,F,0.046221319,1,-0.000228017,9.85E-05,3.58E-05,331 F,0,-0.212532914
267,331,E2: Arch 2,2.700017066,14.87998566,9,R,0.016141863,0.713165659,3.962330626,G,0.049366848,1,-0.252044416,-0.663388723,-0.4081211,331 G,1,-3.907512202
267,331,E2: Arch 2,2.700017066,14.87998566,9,R,0.016141863,0.713165659,3.962330626,H,0.054584454,1,-0.000228017,9.85E-05,3.58E-05,331 H,0,0.333822279
267,331,E2: Arch 2,2.700017066,14.87998566,9,R,0.016141863,0.713165659,3.962330626,I,0.04568937,1,-0.000228017,9.85E-05,3.58E-05,331 I,0,-1.296207236
267,331,E2: Arch 2,2.700017066,14.87998566,9,R,0.016141863,0.713165659,3.962330626,K,0.043979173,1,-0.000228017,9.85E-05,3.58E-05,331 K,1,0.887788592
267,331,E2: Arch 2,2.700017066,14.87998566,9,R,0.016141863,0.713165659,3.962330626,L,0.049195874,1,-0.000228017,9.85E-05,3.58E-05,331 L,0,-0.825294038
267,331,E2: Arch 2,2.700017066,14.87998566,9,R,0.016141863,0.713165659,3.962330626,M,0.067816306,1,-0.011689714,0.082634687,0.023034116,331 M,1,-0.782521406
267,331,E2: Arch 2,2.700017066,14.87998566,9,R,0.016141863,0.713165659,3.962330626,N,0.042029081,1,-0.282793586,-5.580833455,-3.184465698,331 N,1,2.99854913
267,331,E2: Arch 2,2.700017066,14.87998566,9,R,0.016141863,0.713165659,3.962330626,P,0.04765757,1,-0.000228017,9.85E-05,3.58E-05,331 P,0,-0.269295091
267,331,E2: Arch 2,2.700017066,14.87998566,9,R,0.016141863,0.713165659,3.962330626,Q,0.206958751,1,-0.042941534,0.171709277,0.019687341,331 Q,1,0.363149016
267,331,E2: Arch 2,2.700017066,14.87998566,9,R,0.016141863,0.713165659,3.962330626,R,0.028047553,1,NA,NA,NA,331 R,1,0
267,331,E2: Arch 2,2.700017066,14.87998566,9,R,0.016141863,0.713165659,3.962330626,S,0.001876358,1,-0.208231516,0.071579394,0.467236518,331 S,1,0.016166437
267,331,E2: Arch 2,2.700017066,14.87998566,9,R,0.016141863,0.713165659,3.962330626,T,0.037142089,1,-0.000228017,9.85E-05,3.58E-05,331 T,0,0.053113241
267,331,E2: Arch 2,2.700017066,14.87998566,9,R,0.016141863,0.713165659,3.962330626,V,0.075041559,1,0.016141863,0.386060887,0.145417359,331 V,1,0.438298919
267,331,E2: Arch 2,2.700017066,14.87998566,9,R,0.016141863,0.713165659,3.962330626,W,0.045257895,1,-0.000228017,9.85E-05,3.58E-05,331 W,0,-0.039435648
267,331,E2: Arch 2,2.700017066,14.87998566,9,R,0.016141863,0.713165659,3.962330626,Y,7.25E-05,1,-0.000228017,9.85E-05,3.58E-05,331 Y,0,0.362347332
268,332,E2: Arch 2,2.284767123,9.823398318,6,V,0.392678334,0.39215946,1.725059972,A,0.076390241,1,0.173256796,0.39215946,0.383868654,332 A,1,-0.038960971
268,332,E2: Arch 2,2.284767123,9.823398318,6,V,0.392678334,0.39215946,1.725059972,C,0.000638197,1,-4.07E-05,-7.69E-05,3.86E-05,332 C,0,-0.054707773
268,332,E2: Arch 2,2.284767123,9.823398318,6,V,0.392678334,0.39215946,1.725059972,D,0.051393479,1,-4.07E-05,-7.69E-05,3.86E-05,332 D,0,-0.137360435
268,332,E2: Arch 2,2.284767123,9.823398318,6,V,0.392678334,0.39215946,1.725059972,E,0.055911189,1,-4.07E-05,-7.69E-05,3.86E-05,332 E,0,-0.255024198
268,332,E2: Arch 2,2.284767123,9.823398318,6,V,0.392678334,0.39215946,1.725059972,F,0.054070548,1,-4.07E-05,-7.69E-05,3.86E-05,332 F,0,-0.231442007
268,332,E2: Arch 2,2.284767123,9.823398318,6,V,0.392678334,0.39215946,1.725059972,G,0.270500431,1,0.219421538,-0.0787275,0.134726899,332 G,1,-1.109634747
268,332,E2: Arch 2,2.284767123,9.823398318,6,V,0.392678334,0.39215946,1.725059972,H,0.000469481,1,-4.07E-05,-7.69E-05,3.86E-05,332 H,0,-0.552408903
268,332,E2: Arch 2,2.284767123,9.823398318,6,V,0.392678334,0.39215946,1.725059972,I,0.001482079,1,-4.07E-05,-7.69E-05,3.86E-05,332 I,0,0.573458107
268,332,E2: Arch 2,2.284767123,9.823398318,6,V,0.392678334,0.39215946,1.725059972,K,0.000397555,1,-4.07E-05,-7.69E-05,3.86E-05,332 K,0,0.499807234
268,332,E2: Arch 2,2.284767123,9.823398318,6,V,0.392678334,0.39215946,1.725059972,L,0.055116243,1,-4.07E-05,-7.69E-05,3.86E-05,332 L,0,0.896632529
268,332,E2: Arch 2,2.284767123,9.823398318,6,V,0.392678334,0.39215946,1.725059972,M,0.013330817,1,-2.072751115,-0.951514916,1.205924441,332 M,1,1.012324022
268,332,E2: Arch 2,2.284767123,9.823398318,6,V,0.392678334,0.39215946,1.725059972,N,0.000850554,1,-4.07E-05,-7.69E-05,3.86E-05,332 N,0,0.139557907
268,332,E2: Arch 2,2.284767123,9.823398318,6,V,0.392678334,0.39215946,1.725059972,P,0.000476656,1,-4.07E-05,-7.69E-05,3.86E-05,332 P,0,-0.767773401
268,332,E2: Arch 2,2.284767123,9.823398318,6,V,0.392678334,0.39215946,1.725059972,Q,0.051637259,1,-4.07E-05,-7.69E-05,3.86E-05,332 Q,0,0.111411173
268,332,E2: Arch 2,2.284767123,9.823398318,6,V,0.392678334,0.39215946,1.725059972,R,0.000267455,1,-4.07E-05,-7.69E-05,3.86E-05,332 R,0,-0.575852511
268,332,E2: Arch 2,2.284767123,9.823398318,6,V,0.392678334,0.39215946,1.725059972,S,0.065548384,1,-0.390753511,-2.798881735,-0.592881455,332 S,1,1.790679135
268,332,E2: Arch 2,2.284767123,9.823398318,6,V,0.392678334,0.39215946,1.725059972,T,0.001441901,1,-4.07E-05,-7.69E-05,3.86E-05,332 T,0,-0.831003551
268,332,E2: Arch 2,2.284767123,9.823398318,6,V,0.392678334,0.39215946,1.725059972,V,0.14444706,1,NA,NA,NA,332 V,1,0
268,332,E2: Arch 2,2.284767123,9.823398318,6,V,0.392678334,0.39215946,1.725059972,W,0.058019961,1,-4.07E-05,-7.69E-05,3.86E-05,332 W,0,3.40431E-05
268,332,E2: Arch 2,2.284767123,9.823398318,6,V,0.392678334,0.39215946,1.725059972,Y,0.09761051,1,-0.652966325,-0.44010929,-0.681916299,332 Y,1,-0.466781913
269,333,E2: C domain,2.305341013,10.02759721,6,P,2.639035328,0.256036592,0.025918117,A,0.051389753,1,-8.19E-05,-0.000172649,-0.000191369,333 A,0,-0.178765686
269,333,E2: C domain,2.305341013,10.02759721,6,P,2.639035328,0.256036592,0.025918117,C,0.000167668,1,-8.19E-05,-0.000172649,-0.000191369,333 C,0,-0.223609536
269,333,E2: C domain,2.305341013,10.02759721,6,P,2.639035328,0.256036592,0.025918117,D,9.47E-05,1,-8.19E-05,-0.000172649,-0.000191369,333 D,0,-0.352542968
269,333,E2: C domain,2.305341013,10.02759721,6,P,2.639035328,0.256036592,0.025918117,E,0.048954095,1,-8.19E-05,-0.000172649,-0.000191369,333 E,0,0.037715338
269,333,E2: C domain,2.305341013,10.02759721,6,P,2.639035328,0.256036592,0.025918117,F,0.018304033,1,2.324692494,-2.547597722,-2.585153869,333 F,1,0.083785853
269,333,E2: C domain,2.305341013,10.02759721,6,P,2.639035328,0.256036592,0.025918117,G,0.013582563,1,-2.820118169,0.166585707,-2.490857871,333 G,1,1.320609658
269,333,E2: C domain,2.305341013,10.02759721,6,P,2.639035328,0.256036592,0.025918117,H,0.054233787,1,-8.19E-05,-0.000172649,-0.000191369,333 H,0,-2.187470629
269,333,E2: C domain,2.305341013,10.02759721,6,P,2.639035328,0.256036592,0.025918117,I,6.45E-05,1,-8.19E-05,-0.000172649,-0.000191369,333 I,0,-0.78025652
269,333,E2: C domain,2.305341013,10.02759721,6,P,2.639035328,0.256036592,0.025918117,K,0.000102575,1,-8.19E-05,-0.000172649,-0.000191369,333 K,0,-0.6011365
269,333,E2: C domain,2.305341013,10.02759721,6,P,2.639035328,0.256036592,0.025918117,L,0.026925378,1,-3.138590132,-3.115732431,-3.153905631,333 L,1,0.955218688
269,333,E2: C domain,2.305341013,10.02759721,6,P,2.639035328,0.256036592,0.025918117,M,0.05577889,1,-8.19E-05,-0.000172649,-0.000191369,333 M,0,0.410589593
269,333,E2: C domain,2.305341013,10.02759721,6,P,2.639035328,0.256036592,0.025918117,N,0.051784572,1,-8.19E-05,-0.000172649,-0.000191369,333 N,0,-0.433943298
269,333,E2: C domain,2.305341013,10.02759721,6,P,2.639035328,0.256036592,0.025918117,P,0.071303716,1,NA,NA,NA,333 P,1,0
269,333,E2: C domain,2.305341013,10.02759721,6,P,2.639035328,0.256036592,0.025918117,Q,0.057748996,1,-8.19E-05,-0.000172649,-0.000191369,333 Q,0,0.477945572
269,333,E2: C domain,2.305341013,10.02759721,6,P,2.639035328,0.256036592,0.025918117,R,0.052847323,1,-8.19E-05,-0.000172649,-0.000191369,333 R,0,0.3950291
269,333,E2: C domain,2.305341013,10.02759721,6,P,2.639035328,0.256036592,0.025918117,S,0.309169218,1,0.314342835,0.089450885,0.025918117,333 S,1,-0.074270218
269,333,E2: C domain,2.305341013,10.02759721,6,P,2.639035328,0.256036592,0.025918117,T,0.136311812,1,-0.059932069,-0.241425246,-0.265065446,333 T,1,0.197264287
269,333,E2: C domain,2.305341013,10.02759721,6,P,2.639035328,0.256036592,0.025918117,V,0.050420433,1,-8.19E-05,-0.000172649,-0.000191369,333 V,0,0.106983669
269,333,E2: C domain,2.305341013,10.02759721,6,P,2.639035328,0.256036592,0.025918117,W,0.000285218,1,-8.19E-05,-0.000172649,-0.000191369,333 W,0,-4.762E-06
269,333,E2: C domain,2.305341013,10.02759721,6,P,2.639035328,0.256036592,0.025918117,Y,0.000530759,1,-2.761466133,-4.946290643,-2.755986717,333 Y,0,0.907778917
270,334,E2: C domain,2.262701763,9.609015414,6,K,1.18388141,0,0,A,0.000212403,1,0.000114888,-0.000164093,-0.000216111,334 A,0,-0.263123044
270,334,E2: C domain,2.262701763,9.609015414,6,K,1.18388141,0,0,C,0.004964357,1,1.043185642,-2.943323932,-2.983925335,334 C,1,-0.154572061
270,334,E2: C domain,2.262701763,9.609015414,6,K,1.18388141,0,0,D,0.046326571,1,0.000114888,-0.000164093,-0.000216111,334 D,0,-0.613446216
270,334,E2: C domain,2.262701763,9.609015414,6,K,1.18388141,0,0,E,0.025164241,1,-0.074929589,-0.145470859,-0.009998855,334 E,1,-0.135637682
270,334,E2: C domain,2.262701763,9.609015414,6,K,1.18388141,0,0,F,0.052175928,1,0.000114888,-0.000164093,-0.000216111,334 F,0,-0.417529331
270,334,E2: C domain,2.262701763,9.609015414,6,K,1.18388141,0,0,G,0.370446956,1,0.139087335,-0.362165401,-0.070335653,334 G,1,-0.099806947
270,334,E2: C domain,2.262701763,9.609015414,6,K,1.18388141,0,0,H,0.000189527,1,0.000114888,-0.000164093,-0.000216111,334 H,0,-0.103397444
270,334,E2: C domain,2.262701763,9.609015414,6,K,1.18388141,0,0,I,8.24E-05,1,0.000114888,-0.000164093,-0.000216111,334 I,0,-0.077759121
270,334,E2: C domain,2.262701763,9.609015414,6,K,1.18388141,0,0,K,0.090175829,1,NA,NA,NA,334 K,1,0
270,334,E2: C domain,2.262701763,9.609015414,6,K,1.18388141,0,0,L,0.053776587,1,0.000114888,-0.000164093,-0.000216111,334 L,0,-0.323147003
270,334,E2: C domain,2.262701763,9.609015414,6,K,1.18388141,0,0,M,0.049688935,1,0.000114888,-0.000164093,-0.000216111,334 M,0,0.426256205
270,334,E2: C domain,2.262701763,9.609015414,6,K,1.18388141,0,0,N,0.048391959,1,0.000114888,-0.000164093,-0.000216111,334 N,0,-0.106873658
270,334,E2: C domain,2.262701763,9.609015414,6,K,1.18388141,0,0,P,0.018852252,1,-3.292165354,-3.090908556,-1.540664938,334 P,1,1.411867439
270,334,E2: C domain,2.262701763,9.609015414,6,K,1.18388141,0,0,Q,0.05196228,1,0.000114888,-0.000164093,-0.000216111,334 Q,0,0.9541081
270,334,E2: C domain,2.262701763,9.609015414,6,K,1.18388141,0,0,R,0.044112597,1,-0.075345275,-0.121869771,-3.728726098,334 R,1,-0.865767474
270,334,E2: C domain,2.262701763,9.609015414,6,K,1.18388141,0,0,S,0.00028414,1,0.000114888,-0.000164093,-0.000216111,334 S,0,-0.207972517
270,334,E2: C domain,2.262701763,9.609015414,6,K,1.18388141,0,0,T,0.0440064,1,0.000114888,-0.000164093,-0.000216111,334 T,0,0.404487927
270,334,E2: C domain,2.262701763,9.609015414,6,K,1.18388141,0,0,V,0.000242043,1,0.000114888,-0.000164093,-0.000216111,334 V,0,0.318043074
270,334,E2: C domain,2.262701763,9.609015414,6,K,1.18388141,0,0,W,0.047467465,1,0.000114888,-0.000164093,-0.000216111,334 W,0,-0.115800392
270,334,E2: C domain,2.262701763,9.609015414,6,K,1.18388141,0,0,Y,0.051477098,1,0.000114888,-0.000164093,-0.000216111,334 Y,0,-0.62966656
271,335,E2: C domain,2.09324954,8.111230148,6,A,5.56922692,4.879247135,2.711912561,A,0.002031713,1,NA,NA,NA,335 A,1,0
271,335,E2: C domain,2.09324954,8.111230148,6,A,5.56922692,4.879247135,2.711912561,C,0.054727548,1,0.002035228,-0.000364078,-0.000894182,335 C,0,-0.397165631
271,335,E2: C domain,2.09324954,8.111230148,6,A,5.56922692,4.879247135,2.711912561,D,0.050114728,1,0.002035228,-0.000364078,-0.000894182,335 D,0,-0.214669092
271,335,E2: C domain,2.09324954,8.111230148,6,A,5.56922692,4.879247135,2.711912561,E,1.52E-06,1,0.002035228,-0.000364078,-0.000894182,335 E,0,-0.338021078
271,335,E2: C domain,2.09324954,8.111230148,6,A,5.56922692,4.879247135,2.711912561,F,0.051232806,1,0.002035228,-0.000364078,-0.000894182,335 F,0,-0.075985946
271,335,E2: C domain,2.09324954,8.111230148,6,A,5.56922692,4.879247135,2.711912561,G,1.56E-05,1,0.002035228,-0.000364078,-0.000894182,335 G,0,-1.055409384
271,335,E2: C domain,2.09324954,8.111230148,6,A,5.56922692,4.879247135,2.711912561,H,0.051509062,1,0.002035228,-0.000364078,2.404232983,335 H,0,0.185990174
271,335,E2: C domain,2.09324954,8.111230148,6,A,5.56922692,4.879247135,2.711912561,I,0.054601818,1,0.002035228,-0.000364078,-0.000894182,335 I,0,0.060288542
271,335,E2: C domain,2.09324954,8.111230148,6,A,5.56922692,4.879247135,2.711912561,K,1.35E-05,1,0.138274916,-2.190272166,-2.230609991,335 K,0,-0.429590209
271,335,E2: C domain,2.09324954,8.111230148,6,A,5.56922692,4.879247135,2.711912561,L,6.30E-05,1,-2.61330263,-4.261303842,-3.567229731,335 L,1,-0.712595955
271,335,E2: C domain,2.09324954,8.111230148,6,A,5.56922692,4.879247135,2.711912561,M,0.045874595,1,0.002035228,-0.000364078,-0.000894182,335 M,0,0.079118873
271,335,E2: C domain,2.09324954,8.111230148,6,A,5.56922692,4.879247135,2.711912561,N,4.97E-06,1,0.002035228,-0.000364078,-0.000894182,335 N,0,-0.361336457
271,335,E2: C domain,2.09324954,8.111230148,6,A,5.56922692,4.879247135,2.711912561,P,1.81E-05,1,0.002035228,-0.000364078,-0.000894182,335 P,0,0.201693919
271,335,E2: C domain,2.09324954,8.111230148,6,A,5.56922692,4.879247135,2.711912561,Q,0.052265283,1,0.002035228,-0.000364078,-0.000894182,335 Q,0,-0.400470891
271,335,E2: C domain,2.09324954,8.111230148,6,A,5.56922692,4.879247135,2.711912561,R,0.008072567,1,5.367779603,4.879247135,-0.000894182,335 R,1,0.12873816
271,335,E2: C domain,2.09324954,8.111230148,6,A,5.56922692,4.879247135,2.711912561,S,0.345150833,1,0.034679214,-0.333996996,-0.325785153,335 S,1,0.590828881
271,335,E2: C domain,2.09324954,8.111230148,6,A,5.56922692,4.879247135,2.711912561,T,0.189735745,1,0.002035228,-0.000364078,-0.000894182,335 T,1,0.345843119
271,335,E2: C domain,2.09324954,8.111230148,6,A,5.56922692,4.879247135,2.711912561,V,0.000155209,1,-2.073265008,-0.201631265,0.307679578,335 V,1,-0.915110109
271,335,E2: C domain,2.09324954,8.111230148,6,A,5.56922692,4.879247135,2.711912561,W,0.048537108,1,0.002035228,-0.000364078,-0.000894182,335 W,0,-0.458885677
271,335,E2: C domain,2.09324954,8.111230148,6,A,5.56922692,4.879247135,2.711912561,Y,0.045874318,1,0.002035228,-0.000364078,-0.000894182,335 Y,0,0.217031498
272,336,E2: C domain,1.535222461,4.64235816,9,R,0.129703578,8.784927384,2.37385446,A,0.000460601,1,-0.857685405,-0.202336745,-0.065346851,336 A,1,-0.17918293
272,336,E2: C domain,1.535222461,4.64235816,9,R,0.129703578,8.784927384,2.37385446,C,0.562686822,1,-2.383486245,-0.785620165,-0.181762329,336 C,1,0.767985876
272,336,E2: C domain,1.535222461,4.64235816,9,R,0.129703578,8.784927384,2.37385446,D,1.45E-05,1,-0.00043563,2.233194193,2.237157247,336 D,0,1.837608881
272,336,E2: C domain,1.535222461,4.64235816,9,R,0.129703578,8.784927384,2.37385446,E,4.21E-06,1,-0.00043563,-0.001949473,-0.000793259,336 E,0,-0.972308357
272,336,E2: C domain,1.535222461,4.64235816,9,R,0.129703578,8.784927384,2.37385446,F,0.00031934,1,0.003000317,-0.263563394,0.092323956,336 F,1,2.101219119
272,336,E2: C domain,1.535222461,4.64235816,9,R,0.129703578,8.784927384,2.37385446,G,0.000755403,1,-0.03891193,-0.486589022,-0.035678016,336 G,1,-1.046149624
272,336,E2: C domain,1.535222461,4.64235816,9,R,0.129703578,8.784927384,2.37385446,H,0.048664303,1,-0.00043563,-0.001949473,-0.000793259,336 H,0,-0.302048498
272,336,E2: C domain,1.535222461,4.64235816,9,R,0.129703578,8.784927384,2.37385446,I,1.51E-06,1,-0.00043563,-0.001949473,-0.000793259,336 I,0,-1.452599506
272,336,E2: C domain,1.535222461,4.64235816,9,R,0.129703578,8.784927384,2.37385446,K,0.007506032,1,0.126703261,-0.12937557,-0.029052069,336 K,1,-0.250873621
272,336,E2: C domain,1.535222461,4.64235816,9,R,0.129703578,8.784927384,2.37385446,L,0.139699441,1,-0.115183073,-0.422846839,-0.398284907,336 L,1,-0.642443654
272,336,E2: C domain,1.535222461,4.64235816,9,R,0.129703578,8.784927384,2.37385446,M,0.050490338,1,-0.00043563,-0.001949473,-0.000793259,336 M,0,-2.909275
272,336,E2: C domain,1.535222461,4.64235816,9,R,0.129703578,8.784927384,2.37385446,N,0.048814338,1,-0.00043563,-0.001949473,-0.000793259,336 N,0,0.385426054
272,336,E2: C domain,1.535222461,4.64235816,9,R,0.129703578,8.784927384,2.37385446,P,2.03E-06,1,-0.00043563,2.201046707,-0.000793259,336 P,0,-0.815483002
272,336,E2: C domain,1.535222461,4.64235816,9,R,0.129703578,8.784927384,2.37385446,Q,1.53E-06,1,-0.00043563,-0.001949473,-0.000793259,336 Q,0,-0.140350898
272,336,E2: C domain,1.535222461,4.64235816,9,R,0.129703578,8.784927384,2.37385446,R,0.001147738,1,NA,NA,NA,336 R,1,0
272,336,E2: C domain,1.535222461,4.64235816,9,R,0.129703578,8.784927384,2.37385446,S,0.00143836,1,-0.013901214,-0.299291492,-0.08964211,336 S,1,-1.357802794
272,336,E2: C domain,1.535222461,4.64235816,9,R,0.129703578,8.784927384,2.37385446,T,0.048238604,1,-0.00043563,4.350686484,-0.000793259,336 T,0,-0.699095912
272,336,E2: C domain,1.535222461,4.64235816,9,R,0.129703578,8.784927384,2.37385446,V,0.000129791,1,-3.246660722,-2.403609071,0.044373257,336 V,1,-0.033607975
272,336,E2: C domain,1.535222461,4.64235816,9,R,0.129703578,8.784927384,2.37385446,W,0.045544341,1,-0.00043563,-0.001949473,-0.000793259,336 W,0,-0.000809933
272,336,E2: C domain,1.535222461,4.64235816,9,R,0.129703578,8.784927384,2.37385446,Y,0.044080799,1,-0.00043563,-0.001949473,-0.000793259,336 Y,0,-0.026202246
273,337,E2: C domain,1.77125868,5.878247539,7,N,2.517726155,0.790623245,0.292106298,A,0.05294222,1,-0.001004469,-0.002242972,-0.000425833,337 A,0,-0.373094289
273,337,E2: C domain,1.77125868,5.878247539,7,N,2.517726155,0.790623245,0.292106298,C,0.408280787,1,-2.274392598,-0.721953282,-0.087365856,337 C,1,0.576883344
273,337,E2: C domain,1.77125868,5.878247539,7,N,2.517726155,0.790623245,0.292106298,D,0.000905947,1,-0.277950376,0.542870862,-0.013526044,337 D,1,-0.824126977
273,337,E2: C domain,1.77125868,5.878247539,7,N,2.517726155,0.790623245,0.292106298,E,0.04616926,1,-0.001004469,-0.002242972,-0.000425833,337 E,0,-0.542249213
273,337,E2: C domain,1.77125868,5.878247539,7,N,2.517726155,0.790623245,0.292106298,F,0.047263871,1,-0.001004469,-0.002242972,-0.000425833,337 F,0,-0.053573549
273,337,E2: C domain,1.77125868,5.878247539,7,N,2.517726155,0.790623245,0.292106298,G,2.48E-06,1,-0.001004469,-0.002242972,-0.000425833,337 G,0,-0.592071972
273,337,E2: C domain,1.77125868,5.878247539,7,N,2.517726155,0.790623245,0.292106298,H,0.048423417,1,-2.964223924,-0.457824552,-0.073640223,337 H,1,0.287227393
273,337,E2: C domain,1.77125868,5.878247539,7,N,2.517726155,0.790623245,0.292106298,I,0.04848887,1,-0.001004469,-0.002242972,-0.000425833,337 I,0,0.796658748
273,337,E2: C domain,1.77125868,5.878247539,7,N,2.517726155,0.790623245,0.292106298,K,0.04773495,1,-0.001004469,-0.002242972,-0.000425833,337 K,0,0.000508284
273,337,E2: C domain,1.77125868,5.878247539,7,N,2.517726155,0.790623245,0.292106298,L,0.250785662,1,-0.152778648,-0.416530447,-0.338171934,337 L,1,-2.491257709
273,337,E2: C domain,1.77125868,5.878247539,7,N,2.517726155,0.790623245,0.292106298,M,3.75E-06,1,-0.001004469,-0.002242972,-0.000425833,337 M,0,2.37642023
273,337,E2: C domain,1.77125868,5.878247539,7,N,2.517726155,0.790623245,0.292106298,N,0.001751329,1,NA,NA,NA,337 N,1,0
273,337,E2: C domain,1.77125868,5.878247539,7,N,2.517726155,0.790623245,0.292106298,P,3.42E-06,1,-0.036844627,-4.483581071,-1.951278278,337 P,0,-0.343174806
273,337,E2: C domain,1.77125868,5.878247539,7,N,2.517726155,0.790623245,0.292106298,Q,0.042744811,1,-0.001004469,-0.002242972,-0.000425833,337 Q,0,-0.238251572
273,337,E2: C domain,1.77125868,5.878247539,7,N,2.517726155,0.790623245,0.292106298,R,9.81E-06,1,2.217848962,-0.002242972,-0.000425833,337 R,0,-1.094585659
273,337,E2: C domain,1.77125868,5.878247539,7,N,2.517726155,0.790623245,0.292106298,S,0.000395896,1,-1.748895884,-2.185918425,-0.261810033,337 S,1,0.052175792
273,337,E2: C domain,1.77125868,5.878247539,7,N,2.517726155,0.790623245,0.292106298,T,1.02E-06,1,-0.001004469,-0.002242972,-0.000425833,337 T,0,-0.38490834
273,337,E2: C domain,1.77125868,5.878247539,7,N,2.517726155,0.790623245,0.292106298,V,0.004065212,1,0.299877193,0.247752384,0.292106298,337 V,1,0.493854182
273,337,E2: C domain,1.77125868,5.878247539,7,N,2.517726155,0.790623245,0.292106298,W,1.31E-05,1,-0.001004469,-0.002242972,-0.000425833,337 W,0,-0.102904709
273,337,E2: C domain,1.77125868,5.878247539,7,N,2.517726155,0.790623245,0.292106298,Y,1.42E-05,1,-0.001004469,-0.002242972,-0.000425833,337 Y,0,0.29864273
274,338,E2: C domain,1.643870978,5.175163733,3,P,0,0,0.026742956,A,0.001324837,1,-0.000252027,-0.00026059,-0.000170835,338 A,0,-0.296709682
274,338,E2: C domain,1.643870978,5.175163733,3,P,0,0,0.026742956,C,0.04831324,1,-0.000252027,-0.00026059,-0.000170835,338 C,0,-0.326041354
274,338,E2: C domain,1.643870978,5.175163733,3,P,0,0,0.026742956,D,0.0505147,1,-0.000252027,-0.00026059,-0.000170835,338 D,0,-0.632760613
274,338,E2: C domain,1.643870978,5.175163733,3,P,0,0,0.026742956,E,0.0552077,1,-0.000252027,-0.00026059,-0.000170835,338 E,0,-0.006859196
274,338,E2: C domain,1.643870978,5.175163733,3,P,0,0,0.026742956,F,0.00427988,1,-0.000252027,-0.00026059,-0.000170835,338 F,0,5.05976E-05
274,338,E2: C domain,1.643870978,5.175163733,3,P,0,0,0.026742956,G,0.049100168,1,-0.000252027,-0.00026059,-0.000170835,338 G,0,0.004026263
274,338,E2: C domain,1.643870978,5.175163733,3,P,0,0,0.026742956,H,8.79E-05,1,-0.000252027,-0.00026059,-0.000170835,338 H,0,-0.567324028
274,338,E2: C domain,1.643870978,5.175163733,3,P,0,0,0.026742956,I,0.050546766,1,-0.000252027,-0.00026059,-0.000170835,338 I,0,0.416059693
274,338,E2: C domain,1.643870978,5.175163733,3,P,0,0,0.026742956,K,0.001312773,1,-0.000252027,-0.00026059,-0.000170835,338 K,0,-0.211780068
274,338,E2: C domain,1.643870978,5.175163733,3,P,0,0,0.026742956,L,0.013354422,1,-1.284041393,-3.520330937,-3.557562559,338 L,1,-0.705835752
274,338,E2: C domain,1.643870978,5.175163733,3,P,0,0,0.026742956,M,0.000313194,1,-0.000252027,-0.00026059,-0.000170835,338 M,0,5.05976E-05
274,338,E2: C domain,1.643870978,5.175163733,3,P,0,0,0.026742956,N,0.000693736,1,-0.000252027,-0.00026059,-0.000170835,338 N,0,0.863667145
274,338,E2: C domain,1.643870978,5.175163733,3,P,0,0,0.026742956,P,0.53879641,1,NA,NA,NA,338 P,1,0
274,338,E2: C domain,1.643870978,5.175163733,3,P,0,0,0.026742956,Q,0.047325831,1,-0.000252027,-0.00026059,-0.000170835,338 Q,0,1.136373715
274,338,E2: C domain,1.643870978,5.175163733,3,P,0,0,0.026742956,R,0.000601202,1,-2.625176475,-2.606369353,0.026742956,338 R,0,0.24677843
274,338,E2: C domain,1.643870978,5.175163733,3,P,0,0,0.026742956,S,0.133498016,1,-1.115575589,-1.028768362,-0.4690205,338 S,1,1.572810609
274,338,E2: C domain,1.643870978,5.175163733,3,P,0,0,0.026742956,T,1.81E-05,1,-0.000252027,-0.00026059,-0.000170835,338 T,0,-1.59466015
274,338,E2: C domain,1.643870978,5.175163733,3,P,0,0,0.026742956,V,0.00207407,1,-0.000252027,-0.00026059,-0.000170835,338 V,0,-0.200926268
274,338,E2: C domain,1.643870978,5.175163733,3,P,0,0,0.026742956,W,0.001959384,1,-0.000252027,-0.00026059,-0.000170835,338 W,0,0.180106057
274,338,E2: C domain,1.643870978,5.175163733,3,P,0,0,0.026742956,Y,0.000677671,1,-0.000252027,-0.00026059,-0.000170835,338 Y,0,0.363014307
275,339,E2: C domain,1.2887055,3.628086957,7,T,6.358133191,13.9076136,10.75926348,A,0.003915525,1,-0.082919818,-0.409702646,-0.070795568,339 A,1,0.877522914
275,339,E2: C domain,1.2887055,3.628086957,7,T,6.358133191,13.9076136,10.75926348,C,5.39E-06,1,0.000306939,-0.001040711,-0.000501952,339 C,0,-0.221366804
275,339,E2: C domain,1.2887055,3.628086957,7,T,6.358133191,13.9076136,10.75926348,D,0.000742971,1,-3.026102542,-0.466533616,-3.178973345,339 D,1,-1.968944697
275,339,E2: C domain,1.2887055,3.628086957,7,T,6.358133191,13.9076136,10.75926348,E,0.052839671,1,0.000306939,-0.001040711,-0.000501952,339 E,0,0.013834126
275,339,E2: C domain,1.2887055,3.628086957,7,T,6.358133191,13.9076136,10.75926348,F,0.014757306,1,0.085472044,-0.123910223,-0.005082645,339 F,1,0.131378626
275,339,E2: C domain,1.2887055,3.628086957,7,T,6.358133191,13.9076136,10.75926348,G,7.99E-06,1,2.243020353,-0.001040711,2.205048207,339 G,0,0.017630318
275,339,E2: C domain,1.2887055,3.628086957,7,T,6.358133191,13.9076136,10.75926348,H,0.669576279,1,-0.39712672,-0.368405323,-0.223571888,339 H,1,1.651017943
275,339,E2: C domain,1.2887055,3.628086957,7,T,6.358133191,13.9076136,10.75926348,I,0.054766088,1,3.900109651,8.061806563,4.063752746,339 I,1,-1.966619668
275,339,E2: C domain,1.2887055,3.628086957,7,T,6.358133191,13.9076136,10.75926348,K,0.049901383,1,0.000306939,-0.001040711,-0.000501952,339 K,0,-3.50167918
275,339,E2: C domain,1.2887055,3.628086957,7,T,6.358133191,13.9076136,10.75926348,L,3.77E-06,1,0.000306939,-0.001040711,-0.000501952,339 L,0,-0.310668004
275,339,E2: C domain,1.2887055,3.628086957,7,T,6.358133191,13.9076136,10.75926348,M,0.049288626,1,0.000306939,-0.001040711,-0.000501952,339 M,0,-0.154526198
275,339,E2: C domain,1.2887055,3.628086957,7,T,6.358133191,13.9076136,10.75926348,N,6.46E-06,1,0.000306939,-0.001040711,-0.000501952,339 N,0,1.564679702
275,339,E2: C domain,1.2887055,3.628086957,7,T,6.358133191,13.9076136,10.75926348,P,1.64E-05,1,0.000306939,-0.001040711,-0.000501952,339 P,0,0.221523553
275,339,E2: C domain,1.2887055,3.628086957,7,T,6.358133191,13.9076136,10.75926348,Q,1.99E-05,1,0.000306939,-0.001040711,2.205048207,339 Q,0,-1.436694347
275,339,E2: C domain,1.2887055,3.628086957,7,T,6.358133191,13.9076136,10.75926348,R,2.52E-05,1,0.12584787,-2.363227011,-2.399008441,339 R,0,0.137211742
275,339,E2: C domain,1.2887055,3.628086957,7,T,6.358133191,13.9076136,10.75926348,S,0.000211837,1,0.000306939,5.845807039,2.285414318,339 S,1,0.044462562
275,339,E2: C domain,1.2887055,3.628086957,7,T,6.358133191,13.9076136,10.75926348,T,0.001979853,1,NA,NA,NA,339 T,1,0
275,339,E2: C domain,1.2887055,3.628086957,7,T,6.358133191,13.9076136,10.75926348,V,1.70E-06,1,0.000306939,-0.001040711,-0.000501952,339 V,0,-0.48997254
275,339,E2: C domain,1.2887055,3.628086957,7,T,6.358133191,13.9076136,10.75926348,W,0.052464164,1,0.000306939,-0.001040711,-0.000501952,339 W,0,-0.307675712
275,339,E2: C domain,1.2887055,3.628086957,7,T,6.358133191,13.9076136,10.75926348,Y,0.049469566,1,0.000306939,-0.001040711,-0.000501952,339 Y,0,0.482856491
276,340,E2: C domain,2.276495245,9.74247551,10,V,1.604045529,1.698696608,8.059599684,A,0.011338778,1,-0.390227216,-0.277968992,0.164238035,340 A,1,-0.687392953
276,340,E2: C domain,2.276495245,9.74247551,10,V,1.604045529,1.698696608,8.059599684,C,0.020080832,1,-0.178557154,-0.055607414,0.463097006,340 C,1,-0.129896629
276,340,E2: C domain,2.276495245,9.74247551,10,V,1.604045529,1.698696608,8.059599684,D,0.049774633,1,1.25E-05,-0.000150687,8.32E-05,340 D,0,-0.661173557
276,340,E2: C domain,2.276495245,9.74247551,10,V,1.604045529,1.698696608,8.059599684,E,0.05076175,1,1.25E-05,-0.000150687,8.32E-05,340 E,0,0.157704709
276,340,E2: C domain,2.276495245,9.74247551,10,V,1.604045529,1.698696608,8.059599684,F,0.050844876,1,1.25E-05,-0.000150687,8.32E-05,340 F,0,-1.337497187
276,340,E2: C domain,2.276495245,9.74247551,10,V,1.604045529,1.698696608,8.059599684,G,0.0485094,1,1.25E-05,-0.000150687,8.32E-05,340 G,0,0.653407945
276,340,E2: C domain,2.276495245,9.74247551,10,V,1.604045529,1.698696608,8.059599684,H,0.047043998,1,1.25E-05,-0.000150687,8.32E-05,340 H,0,-0.260998592
276,340,E2: C domain,2.276495245,9.74247551,10,V,1.604045529,1.698696608,8.059599684,I,0.000502268,1,-2.383454485,-2.366669054,0.290845237,340 I,0,-1.054957357
276,340,E2: C domain,2.276495245,9.74247551,10,V,1.604045529,1.698696608,8.059599684,K,0.000233086,1,1.25E-05,-0.000150687,8.32E-05,340 K,0,-2.595892626
276,340,E2: C domain,2.276495245,9.74247551,10,V,1.604045529,1.698696608,8.059599684,L,0.045130016,1,1.25E-05,-0.000150687,8.32E-05,340 L,0,-0.389467668
276,340,E2: C domain,2.276495245,9.74247551,10,V,1.604045529,1.698696608,8.059599684,M,0.013151265,1,1.592466829,1.379370659,4.745851709,340 M,1,-0.31619102
276,340,E2: C domain,2.276495245,9.74247551,10,V,1.604045529,1.698696608,8.059599684,N,0.000575369,1,1.25E-05,-0.000150687,8.32E-05,340 N,0,-0.358146836
276,340,E2: C domain,2.276495245,9.74247551,10,V,1.604045529,1.698696608,8.059599684,P,0.046813696,1,-0.307279314,0.31932595,-0.298796923,340 P,1,0.608411804
276,340,E2: C domain,2.276495245,9.74247551,10,V,1.604045529,1.698696608,8.059599684,Q,0.381097288,1,0.011441545,-0.292766086,-0.252166803,340 Q,1,-0.041982667
276,340,E2: C domain,2.276495245,9.74247551,10,V,1.604045529,1.698696608,8.059599684,R,0.018990073,1,-2.595511219,-4.883602923,-0.171745652,340 R,1,-1.961520948
276,340,E2: C domain,2.276495245,9.74247551,10,V,1.604045529,1.698696608,8.059599684,S,0.030668574,1,-0.181267389,-0.379220342,-0.225124946,340 S,1,-1.345760596
276,340,E2: C domain,2.276495245,9.74247551,10,V,1.604045529,1.698696608,8.059599684,T,5.28E-05,1,1.25E-05,-0.000150687,8.32E-05,340 T,0,-0.232931834
276,340,E2: C domain,2.276495245,9.74247551,10,V,1.604045529,1.698696608,8.059599684,V,0.090632607,1,NA,NA,NA,340 V,1,0
276,340,E2: C domain,2.276495245,9.74247551,10,V,1.604045529,1.698696608,8.059599684,W,0.041892128,1,1.25E-05,-0.000150687,8.32E-05,340 W,0,-1.086686315
276,340,E2: C domain,2.276495245,9.74247551,10,V,1.604045529,1.698696608,8.059599684,Y,0.0519066,1,1.25E-05,-0.000150687,2.394735931,340 Y,1,3.503351313
277,341,E2: C domain,2.314390813,10.11875682,11,T,4.374397466,1.282208805,4.309692887,A,0.038985078,1,-0.03500683,-0.246077078,0.215294038,341 A,1,0.009110049
277,341,E2: C domain,2.314390813,10.11875682,11,T,4.374397466,1.282208805,4.309692887,C,8.21E-05,1,3.97E-05,-0.000613493,8.28E-05,341 C,0,-0.717545631
277,341,E2: C domain,2.314390813,10.11875682,11,T,4.374397466,1.282208805,4.309692887,D,0.143389995,1,-0.202677983,-0.929382727,-0.439380152,341 D,1,0.255108526
277,341,E2: C domain,2.314390813,10.11875682,11,T,4.374397466,1.282208805,4.309692887,E,0.107697426,1,-0.000584964,-0.252226989,0.017338974,341 E,1,0.36963475
277,341,E2: C domain,2.314390813,10.11875682,11,T,4.374397466,1.282208805,4.309692887,F,0.000204881,1,2.49373677,-2.265785809,-0.102428553,341 F,0,-1.269480429
277,341,E2: C domain,2.314390813,10.11875682,11,T,4.374397466,1.282208805,4.309692887,G,0.026751654,1,-0.434652889,-0.298395369,-0.199409748,341 G,1,2.261038967
277,341,E2: C domain,2.314390813,10.11875682,11,T,4.374397466,1.282208805,4.309692887,H,0.111366223,1,0.425365731,0.649664043,0.142509991,341 H,1,1.61359691
277,341,E2: C domain,2.314390813,10.11875682,11,T,4.374397466,1.282208805,4.309692887,I,0.051605347,1,-0.174031997,-5.061391409,-0.244239595,341 I,1,-3.860910353
277,341,E2: C domain,2.314390813,10.11875682,11,T,4.374397466,1.282208805,4.309692887,K,0.049305866,1,3.97E-05,-0.000613493,8.28E-05,341 K,0,-3.778439585
277,341,E2: C domain,2.314390813,10.11875682,11,T,4.374397466,1.282208805,4.309692887,L,0.055444546,1,0.40495111,0.132539049,-0.078145265,341 L,1,0.805818217
277,341,E2: C domain,2.314390813,10.11875682,11,T,4.374397466,1.282208805,4.309692887,M,0.007471174,1,-2.841397094,-0.576783821,0.656590962,341 M,1,-0.216706149
277,341,E2: C domain,2.314390813,10.11875682,11,T,4.374397466,1.282208805,4.309692887,N,0.045433045,1,3.97E-05,-0.000613493,8.28E-05,341 N,0,0.351955339
277,341,E2: C domain,2.314390813,10.11875682,11,T,4.374397466,1.282208805,4.309692887,P,4.48E-05,1,3.97E-05,-0.000613493,8.28E-05,341 P,0,1.063373543
277,341,E2: C domain,2.314390813,10.11875682,11,T,4.374397466,1.282208805,4.309692887,Q,0.000111805,1,3.97E-05,-0.000613493,8.28E-05,341 Q,0,0.236853656
277,341,E2: C domain,2.314390813,10.11875682,11,T,4.374397466,1.282208805,4.309692887,R,0.237702734,1,0.215767388,0.423961351,0.305923895,341 R,1,-0.00292006
277,341,E2: C domain,2.314390813,10.11875682,11,T,4.374397466,1.282208805,4.309692887,S,0.045519252,1,0.834259026,0.076044362,0.641659177,341 S,1,-0.310761832
277,341,E2: C domain,2.314390813,10.11875682,11,T,4.374397466,1.282208805,4.309692887,T,0.078494636,1,NA,NA,NA,341 T,1,0
277,341,E2: C domain,2.314390813,10.11875682,11,T,4.374397466,1.282208805,4.309692887,V,0.000133614,1,3.97E-05,-0.000613493,2.329796208,341 V,0,-1.31331716
277,341,E2: C domain,2.314390813,10.11875682,11,T,4.374397466,1.282208805,4.309692887,W,0.000189716,1,3.97E-05,-0.000613493,8.28E-05,341 W,0,0.247234954
277,341,E2: C domain,2.314390813,10.11875682,11,T,4.374397466,1.282208805,4.309692887,Y,6.61E-05,1,3.97E-05,-0.000613493,8.28E-05,341 Y,0,-0.045239998
278,342,E2: C domain,2.355412107,10.54247259,10,Y,0.435894477,3.15164019,0.152503616,A,0.000703645,1,-0.000312049,-0.000861765,-0.000241067,342 A,0,-0.934709707
278,342,E2: C domain,2.355412107,10.54247259,10,Y,0.435894477,3.15164019,0.152503616,C,0.017652345,1,-0.28787912,-0.717387508,0.152503616,342 C,1,-1.448511518
278,342,E2: C domain,2.355412107,10.54247259,10,Y,0.435894477,3.15164019,0.152503616,D,0.018413303,1,-0.71344775,-1.101919563,-0.495837014,342 D,1,-0.816903036
278,342,E2: C domain,2.355412107,10.54247259,10,Y,0.435894477,3.15164019,0.152503616,E,0.000287938,1,-0.000312049,-0.000861765,-0.000241067,342 E,0,-0.46263277
278,342,E2: C domain,2.355412107,10.54247259,10,Y,0.435894477,3.15164019,0.152503616,F,0.047535459,1,-0.000312049,-0.000861765,-0.000241067,342 F,0,-0.497551425
278,342,E2: C domain,2.355412107,10.54247259,10,Y,0.435894477,3.15164019,0.152503616,G,0.044003104,1,-0.000312049,3.15164019,-0.000241067,342 G,0,-1.291542072
278,342,E2: C domain,2.355412107,10.54247259,10,Y,0.435894477,3.15164019,0.152503616,H,0.087441795,1,0.20746122,-0.133929355,-0.37719082,342 H,1,0.20806053
278,342,E2: C domain,2.355412107,10.54247259,10,Y,0.435894477,3.15164019,0.152503616,I,0.01879766,1,-0.179349476,-3.243674291,-0.730578905,342 I,1,0.726472918
278,342,E2: C domain,2.355412107,10.54247259,10,Y,0.435894477,3.15164019,0.152503616,K,0.000464475,1,-0.000312049,-0.000861765,-0.000241067,342 K,0,-0.060541903
278,342,E2: C domain,2.355412107,10.54247259,10,Y,0.435894477,3.15164019,0.152503616,L,0.097665963,1,-0.781342266,-1.138574392,-0.932876315,342 L,1,-0.324538968
278,342,E2: C domain,2.355412107,10.54247259,10,Y,0.435894477,3.15164019,0.152503616,M,0.044915094,1,-0.000312049,-0.000861765,-0.000241067,342 M,0,-0.225755577
278,342,E2: C domain,2.355412107,10.54247259,10,Y,0.435894477,3.15164019,0.152503616,N,0.034292801,1,-0.150948708,-0.99840625,-0.619312543,342 N,1,-1.50535282
278,342,E2: C domain,2.355412107,10.54247259,10,Y,0.435894477,3.15164019,0.152503616,P,0.000107953,1,-0.000312049,-0.000861765,-0.000241067,342 P,0,-0.612225428
278,342,E2: C domain,2.355412107,10.54247259,10,Y,0.435894477,3.15164019,0.152503616,Q,0.043843079,1,-0.000312049,-0.000861765,-0.000241067,342 Q,0,-0.089868829
278,342,E2: C domain,2.355412107,10.54247259,10,Y,0.435894477,3.15164019,0.152503616,R,0.160923907,1,-0.375996117,-0.352534192,-0.022120435,342 R,1,-2.346304535
278,342,E2: C domain,2.355412107,10.54247259,10,Y,0.435894477,3.15164019,0.152503616,S,0.000428167,1,-0.000312049,-0.000861765,-0.000241067,342 S,0,1.462124258
278,342,E2: C domain,2.355412107,10.54247259,10,Y,0.435894477,3.15164019,0.152503616,T,0.267808025,1,-0.258591341,-1.107736021,-0.121198033,342 T,1,0.816643453
278,342,E2: C domain,2.355412107,10.54247259,10,Y,0.435894477,3.15164019,0.152503616,V,0.013730699,1,0.228433257,-1.179911659,-0.067781702,342 V,1,-2.385989255
278,342,E2: C domain,2.355412107,10.54247259,10,Y,0.435894477,3.15164019,0.152503616,W,0.042369183,1,-0.000312049,-0.000861765,-0.000241067,342 W,0,-0.000226365
278,342,E2: C domain,2.355412107,10.54247259,10,Y,0.435894477,3.15164019,0.152503616,Y,0.058615404,1,NA,NA,NA,342 Y,1,0
279,343,E2: C domain,1.004577459,2.730753175,14,G,1.463464147,0.985323545,3.523540933,A,0.000253946,1,0.738625559,-0.081713801,1.009286262,343 A,1,-0.965553923
279,343,E2: C domain,1.004577459,2.730753175,14,G,1.463464147,0.985323545,3.523540933,C,0.049472859,1,-0.007415505,0.004324716,0.027174243,343 C,0,-0.323207901
279,343,E2: C domain,1.004577459,2.730753175,14,G,1.463464147,0.985323545,3.523540933,D,0.048728419,1,-0.007415505,0.004324716,0.027174243,343 D,0,0.289160037
279,343,E2: C domain,1.004577459,2.730753175,14,G,1.463464147,0.985323545,3.523540933,E,0.324973359,1,-0.243072069,0.16211576,0.433548627,343 E,1,-0.012153867
279,343,E2: C domain,1.004577459,2.730753175,14,G,1.463464147,0.985323545,3.523540933,F,4.75E-07,1,0.300715446,-4.809803966,-2.562122128,343 F,0,-0.604988287
279,343,E2: C domain,1.004577459,2.730753175,14,G,1.463464147,0.985323545,3.523540933,G,0.000224866,1,NA,NA,NA,343 G,1,0
279,343,E2: C domain,1.004577459,2.730753175,14,G,1.463464147,0.985323545,3.523540933,H,0.000123667,1,-0.195357283,-0.748002293,-0.19140406,343 H,1,-0.722733266
279,343,E2: C domain,1.004577459,2.730753175,14,G,1.463464147,0.985323545,3.523540933,I,2.10E-06,1,-0.007415505,0.004324716,0.027174243,343 I,0,0.284462609
279,343,E2: C domain,1.004577459,2.730753175,14,G,1.463464147,0.985323545,3.523540933,K,0.57368123,1,-0.273933447,0.119495554,0.488794734,343 K,1,-0.026923648
279,343,E2: C domain,1.004577459,2.730753175,14,G,1.463464147,0.985323545,3.523540933,L,7.58E-05,1,-0.48055869,0.012268863,0.22617332,343 L,1,-0.534073187
279,343,E2: C domain,1.004577459,2.730753175,14,G,1.463464147,0.985323545,3.523540933,M,1.99E-06,1,-0.007415505,0.004324716,0.027174243,343 M,0,-0.24147019
279,343,E2: C domain,1.004577459,2.730753175,14,G,1.463464147,0.985323545,3.523540933,N,0.000383389,1,-0.267275465,-0.484165969,0.074190615,343 N,1,-0.920515726
279,343,E2: C domain,1.004577459,2.730753175,14,G,1.463464147,0.985323545,3.523540933,P,2.74E-05,1,-0.636886412,-3.360198842,0.179861403,343 P,1,0.200122018
279,343,E2: C domain,1.004577459,2.730753175,14,G,1.463464147,0.985323545,3.523540933,Q,0.000410837,1,-0.486598006,-0.500940887,-0.678368257,343 Q,1,-3.136682716
279,343,E2: C domain,1.004577459,2.730753175,14,G,1.463464147,0.985323545,3.523540933,R,2.25E-05,1,0.212776707,0.656131376,0.528255648,343 R,1,-1.525701557
279,343,E2: C domain,1.004577459,2.730753175,14,G,1.463464147,0.985323545,3.523540933,S,5.26E-05,1,-0.583049253,-0.638912808,-0.628256262,343 S,1,-1.784777753
279,343,E2: C domain,1.004577459,2.730753175,14,G,1.463464147,0.985323545,3.523540933,T,0.000904305,1,-0.17883143,-0.628132353,0.164037426,343 T,1,-0.18371925
279,343,E2: C domain,1.004577459,2.730753175,14,G,1.463464147,0.985323545,3.523540933,V,6.80E-05,1,-1.561819408,0.01368841,-0.162026304,343 V,1,-1.387414219
279,343,E2: C domain,1.004577459,2.730753175,14,G,1.463464147,0.985323545,3.523540933,W,2.07E-06,1,-0.007415505,0.004324716,0.027174243,343 W,0,-0.455984814
279,343,E2: C domain,1.004577459,2.730753175,14,G,1.463464147,0.985323545,3.523540933,Y,0.000590199,1,0.211346434,-1.179148494,0.283521682,343 Y,1,-0.003331761
280,344,E2: C domain,1.61516784,5.028731874,14,K,1.332464786,0,0.002690053,A,0.008907666,1,-0.529187536,-1.761377731,-0.442831331,344 A,1,0.688996426
280,344,E2: C domain,1.61516784,5.028731874,14,K,1.332464786,0,0.002690053,C,0.001470843,1,-1.019943835,-5.605868042,-0.768493165,344 C,1,0.829984017
280,344,E2: C domain,1.61516784,5.028731874,14,K,1.332464786,0,0.002690053,D,0.012139891,1,-0.644657585,-1.965548788,-0.977010344,344 D,1,-0.463594565
280,344,E2: C domain,1.61516784,5.028731874,14,K,1.332464786,0,0.002690053,E,0.000791211,1,-0.076823849,-0.068166237,0.002690053,344 E,1,-1.427153566
280,344,E2: C domain,1.61516784,5.028731874,14,K,1.332464786,0,0.002690053,F,0.001580051,1,-3.413021651,-1.124716055,-3.566371261,344 F,1,-0.737039595
280,344,E2: C domain,1.61516784,5.028731874,14,K,1.332464786,0,0.002690053,G,0.003964184,1,-0.997571753,-1.604062166,-0.802779046,344 G,1,-2.984139168
280,344,E2: C domain,1.61516784,5.028731874,14,K,1.332464786,0,0.002690053,H,9.09E-06,1,-0.005023699,-0.009641073,-0.004417469,344 H,0,-0.647087934
280,344,E2: C domain,1.61516784,5.028731874,14,K,1.332464786,0,0.002690053,I,0.051275105,1,-8.058207137,-8.020372011,-0.60432544,344 I,0,0.665745836
280,344,E2: C domain,1.61516784,5.028731874,14,K,1.332464786,0,0.002690053,K,0.00768528,1,NA,NA,NA,344 K,1,0
280,344,E2: C domain,1.61516784,5.028731874,14,K,1.332464786,0,0.002690053,L,0.016905681,1,-0.750507665,-1.834975679,-0.58249041,344 L,1,-0.303277812
280,344,E2: C domain,1.61516784,5.028731874,14,K,1.332464786,0,0.002690053,M,8.88E-05,1,1.103274485,-0.009641073,-0.004417469,344 M,0,-0.126409424
280,344,E2: C domain,1.61516784,5.028731874,14,K,1.332464786,0,0.002690053,N,0.050155238,1,-0.005023699,-0.009641073,-0.004417469,344 N,0,2.470474249
280,344,E2: C domain,1.61516784,5.028731874,14,K,1.332464786,0,0.002690053,P,0.048351084,1,-0.532972073,-1.36300246,-0.428208891,344 P,1,-0.081981918
280,344,E2: C domain,1.61516784,5.028731874,14,K,1.332464786,0,0.002690053,Q,0.051700182,1,0.229190301,-2.52459241,-2.564925169,344 Q,0,1.881416737
280,344,E2: C domain,1.61516784,5.028731874,14,K,1.332464786,0,0.002690053,R,0.599924689,1,-0.005023699,-0.009641073,-0.004417469,344 R,1,0.06583987
280,344,E2: C domain,1.61516784,5.028731874,14,K,1.332464786,0,0.002690053,S,0.001298231,1,-1.190132847,-2.387893582,-0.728653207,344 S,1,0.541110297
280,344,E2: C domain,1.61516784,5.028731874,14,K,1.332464786,0,0.002690053,T,0.006656555,1,-0.582819935,-1.504683177,-0.414986096,344 T,1,-0.20797233
280,344,E2: C domain,1.61516784,5.028731874,14,K,1.332464786,0,0.002690053,V,0.024275845,1,-0.497898588,-1.684872984,-0.604545778,344 V,1,-0.264981621
280,344,E2: C domain,1.61516784,5.028731874,14,K,1.332464786,0,0.002690053,W,0.06060329,1,-0.430412663,-1.389244522,-0.411012052,344 W,1,-0.749514226
280,344,E2: C domain,1.61516784,5.028731874,14,K,1.332464786,0,0.002690053,Y,0.052217076,1,-0.005023699,-0.009641073,-0.004417469,344 Y,0,0.197887494
281,345,E2: C domain,0.828155988,2.289093729,12,N,0,7.390482459,0.85387934,A,0.000248118,1,-0.161841948,-3.447180749,-0.355819304,345 A,1,0.033437631
281,345,E2: C domain,0.828155988,2.289093729,12,N,0,7.390482459,0.85387934,C,0.000459211,1,-0.791375362,-0.648586208,-0.420400048,345 C,1,-0.830977646
281,345,E2: C domain,0.828155988,2.289093729,12,N,0,7.390482459,0.85387934,D,0.001502487,1,-0.000779342,3.540474962,0.000681451,345 D,1,0.352438657
281,345,E2: C domain,0.828155988,2.289093729,12,N,0,7.390482459,0.85387934,E,0.049984689,1,-0.000779342,-0.001538195,0.000681451,345 E,0,-0.11848107
281,345,E2: C domain,0.828155988,2.289093729,12,N,0,7.390482459,0.85387934,F,5.15E-07,1,-0.000779342,-0.001538195,0.000681451,345 F,0,-0.580483732
281,345,E2: C domain,0.828155988,2.289093729,12,N,0,7.390482459,0.85387934,G,0.00042546,1,-0.583056997,-0.550386654,-0.384506956,345 G,1,-0.13404575
281,345,E2: C domain,0.828155988,2.289093729,12,N,0,7.390482459,0.85387934,H,0.000221961,1,-0.945010688,-1.915798736,-1.194773014,345 H,1,0.777205335
281,345,E2: C domain,0.828155988,2.289093729,12,N,0,7.390482459,0.85387934,I,0.000126441,1,-1.095798113,-4.010068868,-0.527036671,345 I,1,0.26372371
281,345,E2: C domain,0.828155988,2.289093729,12,N,0,7.390482459,0.85387934,K,0.792232157,1,-0.012293645,0.054762031,0.250532632,345 K,1,-0.028229979
281,345,E2: C domain,0.828155988,2.289093729,12,N,0,7.390482459,0.85387934,L,9.61E-07,1,-0.000779342,-0.001538195,0.000681451,345 L,0,0.080487469
281,345,E2: C domain,0.828155988,2.289093729,12,N,0,7.390482459,0.85387934,M,0.056852751,1,-0.000779342,-0.001538195,0.000681451,345 M,0,-0.069947571
281,345,E2: C domain,0.828155988,2.289093729,12,N,0,7.390482459,0.85387934,N,0.000476038,1,NA,NA,NA,345 N,1,0
281,345,E2: C domain,0.828155988,2.289093729,12,N,0,7.390482459,0.85387934,P,0.055336737,1,-0.000779342,-0.001538195,0.000681451,345 P,0,-0.195169548
281,345,E2: C domain,0.828155988,2.289093729,12,N,0,7.390482459,0.85387934,Q,0.000495419,1,-0.018282798,-3.026550824,0.466490123,345 Q,1,-0.590929212
281,345,E2: C domain,0.828155988,2.289093729,12,N,0,7.390482459,0.85387934,R,6.46E-05,1,-2.321945003,-2.411467305,0.130723526,345 R,1,-0.984915456
281,345,E2: C domain,0.828155988,2.289093729,12,N,0,7.390482459,0.85387934,S,0.000559913,1,-0.813249603,-0.986357939,-0.29290429,345 S,1,-1.103933258
281,345,E2: C domain,0.828155988,2.289093729,12,N,0,7.390482459,0.85387934,T,2.09E-06,1,-0.000779342,3.795245467,0.000681451,345 T,0,1.074680591
281,345,E2: C domain,0.828155988,2.289093729,12,N,0,7.390482459,0.85387934,V,1.16E-06,1,-0.000779342,-0.001538195,0.000681451,345 V,0,-0.332981407
281,345,E2: C domain,0.828155988,2.289093729,12,N,0,7.390482459,0.85387934,W,0.039705697,1,-0.000779342,-0.001538195,0.000681451,345 W,0,-0.638431158
281,345,E2: C domain,0.828155988,2.289093729,12,N,0,7.390482459,0.85387934,Y,0.001303621,1,-0.293367868,-1.902045774,-0.541347124,345 Y,1,-0.152047339
282,346,E2: C domain,2.493822697,12.10747096,14,Q,1.90682463,1.500753275,6.290279232,A,0.017969258,1,-0.496361694,0.670710418,-0.684380927,346 A,1,0.121052307
282,346,E2: C domain,2.493822697,12.10747096,14,Q,1.90682463,1.500753275,6.290279232,C,0.065162233,1,0.241995502,0.764345083,-0.113522788,346 C,1,1.54162927
282,346,E2: C domain,2.493822697,12.10747096,14,Q,1.90682463,1.500753275,6.290279232,D,0.049375578,1,-2.594036365,-2.57410215,-2.619010541,346 D,0,-2.054340575
282,346,E2: C domain,2.493822697,12.10747096,14,Q,1.90682463,1.500753275,6.290279232,E,0.062390177,1,0.887255935,-2.41977946,0.248799599,346 E,1,-2.787403762
282,346,E2: C domain,2.493822697,12.10747096,14,Q,1.90682463,1.500753275,6.290279232,F,0.031478147,1,-0.646111774,-0.946320757,-0.33854755,346 F,1,-2.496695878
282,346,E2: C domain,2.493822697,12.10747096,14,Q,1.90682463,1.500753275,6.290279232,G,0.067795702,1,-0.051687213,-0.916560772,-0.040380891,346 G,1,-0.279923638
282,346,E2: C domain,2.493822697,12.10747096,14,Q,1.90682463,1.500753275,6.290279232,H,0.046534635,1,0.000181969,-0.000628441,0.001146624,346 H,0,-1.63678474
282,346,E2: C domain,2.493822697,12.10747096,14,Q,1.90682463,1.500753275,6.290279232,I,0.058683573,1,0.298528246,-0.188227363,0.217690518,346 I,1,0.935614134
282,346,E2: C domain,2.493822697,12.10747096,14,Q,1.90682463,1.500753275,6.290279232,K,2.09E-06,1,-0.263627249,-0.140734246,-0.339482206,346 K,0,-1.120236854
282,346,E2: C domain,2.493822697,12.10747096,14,Q,1.90682463,1.500753275,6.290279232,L,0.0936645,1,0.230127126,0.025600903,0.095913521,346 L,1,0.217401074
282,346,E2: C domain,2.493822697,12.10747096,14,Q,1.90682463,1.500753275,6.290279232,M,0.000389104,1,0.000181969,-0.000628441,0.001146624,346 M,0,-0.242147132
282,346,E2: C domain,2.493822697,12.10747096,14,Q,1.90682463,1.500753275,6.290279232,N,0.041169345,1,-3.318816649,-3.580723463,-3.502512357,346 N,1,0.66146846
282,346,E2: C domain,2.493822697,12.10747096,14,Q,1.90682463,1.500753275,6.290279232,P,0.227665817,1,0.000181969,-0.000628441,5.28045643,346 P,1,0.022306608
282,346,E2: C domain,2.493822697,12.10747096,14,Q,1.90682463,1.500753275,6.290279232,Q,0.061153745,1,NA,NA,NA,346 Q,1,0
282,346,E2: C domain,2.493822697,12.10747096,14,Q,1.90682463,1.500753275,6.290279232,R,0.074045216,1,0.20070627,0.040096871,0.34449364,346 R,1,0.785039217
282,346,E2: C domain,2.493822697,12.10747096,14,Q,1.90682463,1.500753275,6.290279232,S,2.84E-05,1,-2.540088509,-2.151375874,-4.996609795,346 S,0,2.89475204
282,346,E2: C domain,2.493822697,12.10747096,14,Q,1.90682463,1.500753275,6.290279232,T,0.094027878,1,0.047301705,-0.04740654,0.098339028,346 T,1,0.129286051
282,346,E2: C domain,2.493822697,12.10747096,14,Q,1.90682463,1.500753275,6.290279232,V,0.000135462,1,0.000181969,-0.000628441,0.001146624,346 V,0,0.37372108
282,346,E2: C domain,2.493822697,12.10747096,14,Q,1.90682463,1.500753275,6.290279232,W,0.00024519,1,0.000181969,-0.000628441,0.001146624,346 W,0,-0.348022089
282,346,E2: C domain,2.493822697,12.10747096,14,Q,1.90682463,1.500753275,6.290279232,Y,0.008083927,1,-0.242979205,-2.598227158,-2.353825411,346 Y,1,-1.430696267
283,347,E2: C domain,1.846862993,6.339899984,3,V,0.13494559,0,0.223322757,A,0.307059202,1,-1.368319715,-3.596110788,-3.550867481,347 A,1,-0.205614552
283,347,E2: C domain,1.846862993,6.339899984,3,V,0.13494559,0,0.223322757,C,0.000702075,1,-0.000113949,-0.000184832,-9.32E-05,347 C,0,0.037883857
283,347,E2: C domain,1.846862993,6.339899984,3,V,0.13494559,0,0.223322757,D,0.002669272,1,-0.000113949,-0.000184832,-9.32E-05,347 D,0,-1.312962511
283,347,E2: C domain,1.846862993,6.339899984,3,V,0.13494559,0,0.223322757,E,0.001875724,1,-2.282636389,-2.266897249,-2.310386371,347 E,0,-0.134774653
283,347,E2: C domain,1.846862993,6.339899984,3,V,0.13494559,0,0.223322757,F,0.000480372,1,-0.000113949,-0.000184832,-9.32E-05,347 F,0,-1.791883368
283,347,E2: C domain,1.846862993,6.339899984,3,V,0.13494559,0,0.223322757,G,0.000208745,1,-0.000113949,-0.000184832,-9.32E-05,347 G,0,-0.917983386
283,347,E2: C domain,1.846862993,6.339899984,3,V,0.13494559,0,0.223322757,H,0.001441329,1,-0.000113949,-0.000184832,-9.32E-05,347 H,0,0.220400996
283,347,E2: C domain,1.846862993,6.339899984,3,V,0.13494559,0,0.223322757,I,0.000136064,1,-0.000113949,-0.000184832,-9.32E-05,347 I,0,1.625281831
283,347,E2: C domain,1.846862993,6.339899984,3,V,0.13494559,0,0.223322757,K,0.048052854,1,-0.000113949,-0.000184832,-9.32E-05,347 K,0,-0.285494815
283,347,E2: C domain,1.846862993,6.339899984,3,V,0.13494559,0,0.223322757,L,0.153036729,1,0.13494559,-0.811264064,0.223322757,347 L,1,-0.125792075
283,347,E2: C domain,1.846862993,6.339899984,3,V,0.13494559,0,0.223322757,M,0.052529723,1,-0.000113949,-0.000184832,-9.32E-05,347 M,0,1.173505109
283,347,E2: C domain,1.846862993,6.339899984,3,V,0.13494559,0,0.223322757,N,0.051530482,1,-0.000113949,-0.000184832,-9.32E-05,347 N,0,-0.270960106
283,347,E2: C domain,1.846862993,6.339899984,3,V,0.13494559,0,0.223322757,P,0.000722634,1,-0.000113949,-0.000184832,-9.32E-05,347 P,0,0.117339349
283,347,E2: C domain,1.846862993,6.339899984,3,V,0.13494559,0,0.223322757,Q,0.051737284,1,-0.000113949,-0.000184832,-9.32E-05,347 Q,0,-0.90180001
283,347,E2: C domain,1.846862993,6.339899984,3,V,0.13494559,0,0.223322757,R,0.000758572,1,-0.000113949,-0.000184832,-9.32E-05,347 R,0,-0.142124721
283,347,E2: C domain,1.846862993,6.339899984,3,V,0.13494559,0,0.223322757,S,0.000210001,1,-0.000113949,-0.000184832,-9.32E-05,347 S,0,-0.592206106
283,347,E2: C domain,1.846862993,6.339899984,3,V,0.13494559,0,0.223322757,T,0.053283514,1,-0.000113949,-0.000184832,-9.32E-05,347 T,0,0.032791149
283,347,E2: C domain,1.846862993,6.339899984,3,V,0.13494559,0,0.223322757,V,0.270400497,1,NA,NA,NA,347 V,1,0
283,347,E2: C domain,1.846862993,6.339899984,3,V,0.13494559,0,0.223322757,W,0.000327898,1,-0.000113949,-0.000184832,-9.32E-05,347 W,0,0.195948096
283,347,E2: C domain,1.846862993,6.339899984,3,V,0.13494559,0,0.223322757,Y,0.002837028,1,-0.000113949,-0.000184832,-9.32E-05,347 Y,0,-0.573503048
284,348,E2: C domain,2.202745993,9.049830181,5,I,2.11978796,6.129688842,0.564318777,A,0.000576583,1,-7.94E-05,-0.00035535,-2.85E-05,348 A,0,0.430797288
284,348,E2: C domain,2.202745993,9.049830181,5,I,2.11978796,6.129688842,0.564318777,C,0.000485061,1,-2.268868354,-2.254608534,-2.298496033,348 C,0,3.044067047
284,348,E2: C domain,2.202745993,9.049830181,5,I,2.11978796,6.129688842,0.564318777,D,0.001863103,1,-7.94E-05,-0.00035535,-2.85E-05,348 D,0,-1.066154572
284,348,E2: C domain,2.202745993,9.049830181,5,I,2.11978796,6.129688842,0.564318777,E,0.002106456,1,-7.94E-05,-0.00035535,-2.85E-05,348 E,0,-0.408011475
284,348,E2: C domain,2.202745993,9.049830181,5,I,2.11978796,6.129688842,0.564318777,F,0.04734864,1,-2.227465026,-2.215304254,-2.263283224,348 F,0,1.731610368
284,348,E2: C domain,2.202745993,9.049830181,5,I,2.11978796,6.129688842,0.564318777,G,0.050674346,1,-7.94E-05,-0.00035535,-2.85E-05,348 G,0,-0.61304142
284,348,E2: C domain,2.202745993,9.049830181,5,I,2.11978796,6.129688842,0.564318777,H,0.001122409,1,-7.94E-05,-0.00035535,-2.85E-05,348 H,0,-0.268260282
284,348,E2: C domain,2.202745993,9.049830181,5,I,2.11978796,6.129688842,0.564318777,I,0.191374575,1,NA,NA,NA,348 I,1,0
284,348,E2: C domain,2.202745993,9.049830181,5,I,2.11978796,6.129688842,0.564318777,K,0.049147998,1,-7.94E-05,-0.00035535,-2.85E-05,348 K,0,1.344828904
284,348,E2: C domain,2.202745993,9.049830181,5,I,2.11978796,6.129688842,0.564318777,L,0.05975188,1,-7.94E-05,6.129688842,-2.85E-05,348 L,1,0.190871088
284,348,E2: C domain,2.202745993,9.049830181,5,I,2.11978796,6.129688842,0.564318777,M,0.042144647,1,-7.94E-05,-0.00035535,-2.85E-05,348 M,0,-2.251101966
284,348,E2: C domain,2.202745993,9.049830181,5,I,2.11978796,6.129688842,0.564318777,N,0.00224024,1,-7.94E-05,-0.00035535,-2.85E-05,348 N,0,-0.034212701
284,348,E2: C domain,2.202745993,9.049830181,5,I,2.11978796,6.129688842,0.564318777,P,0.00022448,1,-7.94E-05,-0.00035535,-2.85E-05,348 P,0,-0.376463578
284,348,E2: C domain,2.202745993,9.049830181,5,I,2.11978796,6.129688842,0.564318777,Q,0.060247215,1,0.094295627,-0.368918264,-0.505125101,348 Q,1,-1.171883565
284,348,E2: C domain,2.202745993,9.049830181,5,I,2.11978796,6.129688842,0.564318777,R,0.000623359,1,2.025492331,-0.922150643,-2.872906397,348 R,0,-0.065633446
284,348,E2: C domain,2.202745993,9.049830181,5,I,2.11978796,6.129688842,0.564318777,S,0.001475039,1,-7.94E-05,-0.00035535,-2.85E-05,348 S,0,-0.682463546
284,348,E2: C domain,2.202745993,9.049830181,5,I,2.11978796,6.129688842,0.564318777,T,0.123900924,1,-0.090259909,-0.350496354,0.564318777,348 T,1,-0.665762764
284,348,E2: C domain,2.202745993,9.049830181,5,I,2.11978796,6.129688842,0.564318777,V,0.269699415,1,-0.264597638,-1.467277686,-0.042867525,348 V,1,1.168323379
284,348,E2: C domain,2.202745993,9.049830181,5,I,2.11978796,6.129688842,0.564318777,W,0.049667072,1,-7.94E-05,-0.00035535,-2.85E-05,348 W,0,0.016014074
284,348,E2: C domain,2.202745993,9.049830181,5,I,2.11978796,6.129688842,0.564318777,Y,0.045326557,1,-7.94E-05,-0.00035535,-2.85E-05,348 Y,0,-0.282452091
285,349,E2: C domain,2.014803752,7.499255524,7,M,0,3.057872355,2.246475155,A,6.18E-05,1,-0.000463527,-0.000480023,-0.000501428,349 A,0,1.001594458
285,349,E2: C domain,2.014803752,7.499255524,7,M,0,3.057872355,2.246475155,C,0.039530609,1,-1.353051685,-0.640158808,-0.528999366,349 C,1,-0.33651576
285,349,E2: C domain,2.014803752,7.499255524,7,M,0,3.057872355,2.246475155,D,0.000663049,1,-0.000463527,-0.000480023,2.191997946,349 D,0,-0.003543111
285,349,E2: C domain,2.014803752,7.499255524,7,M,0,3.057872355,2.246475155,E,0.000569135,1,-0.000463527,-0.000480023,-0.000501428,349 E,0,-0.777082796
285,349,E2: C domain,2.014803752,7.499255524,7,M,0,3.057872355,2.246475155,F,0.048785591,1,-0.000463527,-0.000480023,-0.000501428,349 F,0,-0.367250258
285,349,E2: C domain,2.014803752,7.499255524,7,M,0,3.057872355,2.246475155,G,0.000191142,1,-0.000463527,2.885281064,-0.000501428,349 G,0,-1.855602105
285,349,E2: C domain,2.014803752,7.499255524,7,M,0,3.057872355,2.246475155,H,0.000316468,1,-0.000463527,-0.000480023,-0.000501428,349 H,0,-0.144660246
285,349,E2: C domain,2.014803752,7.499255524,7,M,0,3.057872355,2.246475155,I,0.314436859,1,-4.599748019,-4.749726555,-4.691341911,349 I,1,-1.565768077
285,349,E2: C domain,2.014803752,7.499255524,7,M,0,3.057872355,2.246475155,K,0.053495789,1,-0.000463527,-0.000480023,-0.000501428,349 K,0,-1.297866885
285,349,E2: C domain,2.014803752,7.499255524,7,M,0,3.057872355,2.246475155,L,0.092462455,1,-0.306396827,-0.223654931,0.054477209,349 L,1,-0.690528547
285,349,E2: C domain,2.014803752,7.499255524,7,M,0,3.057872355,2.246475155,M,0.160525462,1,NA,NA,NA,349 M,1,0
285,349,E2: C domain,2.014803752,7.499255524,7,M,0,3.057872355,2.246475155,N,5.56E-05,1,-0.000463527,-0.000480023,-0.000501428,349 N,0,0.426631046
285,349,E2: C domain,2.014803752,7.499255524,7,M,0,3.057872355,2.246475155,P,0.000107291,1,-0.000463527,-0.000480023,-0.000501428,349 P,0,0.403115942
285,349,E2: C domain,2.014803752,7.499255524,7,M,0,3.057872355,2.246475155,Q,0.042365212,1,-0.000463527,-0.000480023,-0.000501428,349 Q,0,-0.391712569
285,349,E2: C domain,2.014803752,7.499255524,7,M,0,3.057872355,2.246475155,R,0.000289931,1,-0.000463527,-0.000480023,-0.000501428,349 R,0,-0.552901525
285,349,E2: C domain,2.014803752,7.499255524,7,M,0,3.057872355,2.246475155,S,4.42E-05,1,-2.285915652,-2.304884644,-0.111495888,349 S,0,-0.179588359
285,349,E2: C domain,2.014803752,7.499255524,7,M,0,3.057872355,2.246475155,T,0.055734466,1,-0.00481112,-0.127851159,-3.842674369,349 T,1,-0.211047709
285,349,E2: C domain,2.014803752,7.499255524,7,M,0,3.057872355,2.246475155,V,0.024560135,1,-1.195532544,0.17259129,-0.482421332,349 V,1,-0.394971914
285,349,E2: C domain,2.014803752,7.499255524,7,M,0,3.057872355,2.246475155,W,0.165294463,1,-0.373122127,-0.421247417,-0.619739268,349 W,1,0.637819318
285,349,E2: C domain,2.014803752,7.499255524,7,M,0,3.057872355,2.246475155,Y,0.00051034,1,-0.000463527,-0.000480023,-0.000501428,349 Y,0,0.98764118
286,350,E2: C domain,2.571862394,13.09018083,9,L,3.944629625,1.298637734,4.599862238,A,6.00E-05,1,-1.63E-05,0.000243248,0.000117594,350 A,0,1.060037678
286,350,E2: C domain,2.571862394,13.09018083,9,L,3.944629625,1.298637734,4.599862238,C,0.000111339,1,-1.63E-05,0.000243248,0.000117594,350 C,0,-1.438793068
286,350,E2: C domain,2.571862394,13.09018083,9,L,3.944629625,1.298637734,4.599862238,D,0.000105236,1,2.462028306,0.000243248,0.000117594,350 D,0,-0.216932504
286,350,E2: C domain,2.571862394,13.09018083,9,L,3.944629625,1.298637734,4.599862238,E,0.050373164,1,-3.262208523,-3.281640891,-3.281766545,350 E,0,-0.756656227
286,350,E2: C domain,2.571862394,13.09018083,9,L,3.944629625,1.298637734,4.599862238,F,0.099190854,1,0.265036467,-0.716817101,0.429596833,350 F,1,2.27726039
286,350,E2: C domain,2.571862394,13.09018083,9,L,3.944629625,1.298637734,4.599862238,G,0.180298635,1,0.646939753,0.620108041,0.051180144,350 G,1,2.02544001
286,350,E2: C domain,2.571862394,13.09018083,9,L,3.944629625,1.298637734,4.599862238,H,0.090456551,1,0.147938946,0.302977024,0.057326319,350 H,1,-0.61803973
286,350,E2: C domain,2.571862394,13.09018083,9,L,3.944629625,1.298637734,4.599862238,I,0.052356429,1,-1.63E-05,0.000243248,0.000117594,350 I,0,-0.082964207
286,350,E2: C domain,2.571862394,13.09018083,9,L,3.944629625,1.298637734,4.599862238,K,0.048408542,1,-3.470054286,0.007490612,-3.489666456,350 K,0,-1.138194745
286,350,E2: C domain,2.571862394,13.09018083,9,L,3.944629625,1.298637734,4.599862238,L,0.042608535,1,NA,NA,NA,350 L,1,0
286,350,E2: C domain,2.571862394,13.09018083,9,L,3.944629625,1.298637734,4.599862238,M,0.070613252,1,-1.63E-05,0.000243248,0.000117594,350 M,0,0.000871389
286,350,E2: C domain,2.571862394,13.09018083,9,L,3.944629625,1.298637734,4.599862238,N,0.092535621,1,0.067161125,-0.197050249,-0.085860483,350 N,1,1.595350243
286,350,E2: C domain,2.571862394,13.09018083,9,L,3.944629625,1.298637734,4.599862238,P,0.014786102,1,-4.169824148,-0.075337785,-4.189989915,350 P,1,-0.36346132
286,350,E2: C domain,2.571862394,13.09018083,9,L,3.944629625,1.298637734,4.599862238,Q,0.055816652,1,-1.63E-05,0.000243248,0.000117594,350 Q,0,-1.308051306
286,350,E2: C domain,2.571862394,13.09018083,9,L,3.944629625,1.298637734,4.599862238,R,0.030880856,1,0.355525027,-0.448138806,0.13795102,350 R,1,-1.962146119
286,350,E2: C domain,2.571862394,13.09018083,9,L,3.944629625,1.298637734,4.599862238,S,0.054073907,1,-0.205697434,0.365872826,0.04783687,350 S,1,0.578970998
286,350,E2: C domain,2.571862394,13.09018083,9,L,3.944629625,1.298637734,4.599862238,T,0.069612309,1,-0.192548598,-0.160341671,0.410559696,350 T,1,1.293882265
286,350,E2: C domain,2.571862394,13.09018083,9,L,3.944629625,1.298637734,4.599862238,V,0.047538397,1,-1.63E-05,0.000243248,0.000117594,350 V,0,0.048711416
286,350,E2: C domain,2.571862394,13.09018083,9,L,3.944629625,1.298637734,4.599862238,W,4.48E-05,1,-1.63E-05,0.000243248,0.000117594,350 W,0,0.461132715
286,350,E2: C domain,2.571862394,13.09018083,9,L,3.944629625,1.298637734,4.599862238,Y,0.000128824,1,-1.63E-05,0.000243248,3.464470606,350 Y,0,0.309151856
287,351,E2: C domain,1.939105961,6.952532355,6,L,2.211458278,0.266805949,0.540464975,A,8.69E-05,1,-0.00016885,-2.18E-05,5.69E-05,351 A,0,0.952680368
287,351,E2: C domain,1.939105961,6.952532355,6,L,2.211458278,0.266805949,0.540464975,C,9.25E-05,1,-0.00016885,-2.18E-05,5.69E-05,351 C,0,-0.05624987
287,351,E2: C domain,1.939105961,6.952532355,6,L,2.211458278,0.266805949,0.540464975,D,0.000314505,1,-0.00016885,-2.18E-05,5.69E-05,351 D,0,0.00706784
287,351,E2: C domain,1.939105961,6.952532355,6,L,2.211458278,0.266805949,0.540464975,E,0.000228357,1,-0.00016885,-2.18E-05,5.69E-05,351 E,0,-0.3566851
287,351,E2: C domain,1.939105961,6.952532355,6,L,2.211458278,0.266805949,0.540464975,F,0.00013503,1,-0.00016885,-2.18E-05,5.69E-05,351 F,0,1.046859021
287,351,E2: C domain,1.939105961,6.952532355,6,L,2.211458278,0.266805949,0.540464975,G,4.16E-05,1,2.211458278,-2.18E-05,5.69E-05,351 G,0,-1.148553221
287,351,E2: C domain,1.939105961,6.952532355,6,L,2.211458278,0.266805949,0.540464975,H,8.86E-05,1,-0.00016885,-2.18E-05,5.69E-05,351 H,0,-0.621918341
287,351,E2: C domain,1.939105961,6.952532355,6,L,2.211458278,0.266805949,0.540464975,I,0.038901878,1,-0.00016885,-2.18E-05,5.69E-05,351 I,0,0.038916039
287,351,E2: C domain,1.939105961,6.952532355,6,L,2.211458278,0.266805949,0.540464975,K,0.052140349,1,-0.00016885,-2.18E-05,5.69E-05,351 K,0,-0.222931667
287,351,E2: C domain,1.939105961,6.952532355,6,L,2.211458278,0.266805949,0.540464975,L,0.177635589,1,NA,NA,NA,351 L,1,0
287,351,E2: C domain,1.939105961,6.952532355,6,L,2.211458278,0.266805949,0.540464975,M,0.050677968,1,-0.00016885,-2.18E-05,5.69E-05,351 M,0,-2.131594155
287,351,E2: C domain,1.939105961,6.952532355,6,L,2.211458278,0.266805949,0.540464975,N,0.000129808,1,-0.00016885,-2.18E-05,5.69E-05,351 N,0,-0.164406128
287,351,E2: C domain,1.939105961,6.952532355,6,L,2.211458278,0.266805949,0.540464975,P,0.015392162,1,-0.59772604,0.196054714,0.439607248,351 P,1,0.136743546
287,351,E2: C domain,1.939105961,6.952532355,6,L,2.211458278,0.266805949,0.540464975,Q,0.058272024,1,-0.00016885,-2.18E-05,5.69E-05,351 Q,0,-2.411029729
287,351,E2: C domain,1.939105961,6.952532355,6,L,2.211458278,0.266805949,0.540464975,R,0.000135547,1,-0.00016885,-2.18E-05,5.69E-05,351 R,0,0.815677086
287,351,E2: C domain,1.939105961,6.952532355,6,L,2.211458278,0.266805949,0.540464975,S,0.135003406,1,-6.841120933,-0.475527081,-3.413241989,351 S,1,0.06595125
287,351,E2: C domain,1.939105961,6.952532355,6,L,2.211458278,0.266805949,0.540464975,T,0.075401061,1,-0.203930898,-0.350137228,-0.181463172,351 T,1,2.169945795
287,351,E2: C domain,1.939105961,6.952532355,6,L,2.211458278,0.266805949,0.540464975,V,0.356536537,1,-0.029462237,0.070751235,0.10000496,351 V,1,-0.74443359
287,351,E2: C domain,1.939105961,6.952532355,6,L,2.211458278,0.266805949,0.540464975,W,0.000130492,1,-0.00016885,-2.18E-05,5.69E-05,351 W,0,-2.05005151
287,351,E2: C domain,1.939105961,6.952532355,6,L,2.211458278,0.266805949,0.540464975,Y,0.038655713,1,-0.00016885,-2.18E-05,5.69E-05,351 Y,0,-0.140786036
288,352,E2: C domain,0.672535244,1.959198075,12,Y,2.510359007,1.111352927,2.250200863,A,2.89E-06,1,-2.410193006,-2.42424207,-2.44781256,352 A,0,-1.369709852
288,352,E2: C domain,0.672535244,1.959198075,12,Y,2.510359007,1.111352927,2.250200863,C,0.003468534,1,-0.673506589,-0.616089157,-0.590794086,352 C,1,-1.22186249
288,352,E2: C domain,0.672535244,1.959198075,12,Y,2.510359007,1.111352927,2.250200863,D,0.050006495,1,-0.000708287,-0.00085394,-0.000850119,352 D,0,-0.814516285
288,352,E2: C domain,0.672535244,1.959198075,12,Y,2.510359007,1.111352927,2.250200863,E,2.96E-06,1,-3.042431709,-3.063431506,-3.063427685,352 E,0,0.099513405
288,352,E2: C domain,0.672535244,1.959198075,12,Y,2.510359007,1.111352927,2.250200863,F,0.048415343,1,-0.000708287,-0.00085394,-0.000850119,352 F,0,-1.802572674
288,352,E2: C domain,0.672535244,1.959198075,12,Y,2.510359007,1.111352927,2.250200863,G,3.31E-06,1,-0.000708287,-0.00085394,-0.000850119,352 G,0,-0.787993368
288,352,E2: C domain,0.672535244,1.959198075,12,Y,2.510359007,1.111352927,2.250200863,H,0.003817856,1,0.141034424,0.187323244,-0.147698461,352 H,1,0.936269481
288,352,E2: C domain,0.672535244,1.959198075,12,Y,2.510359007,1.111352927,2.250200863,I,0.006519353,1,-0.35559732,-0.689016586,-0.486823021,352 I,1,-0.494579136
288,352,E2: C domain,0.672535244,1.959198075,12,Y,2.510359007,1.111352927,2.250200863,K,0.011271816,1,-2.949980207,0.924029683,-2.970933494,352 K,1,4.24346268
288,352,E2: C domain,0.672535244,1.959198075,12,Y,2.510359007,1.111352927,2.250200863,L,0.002009264,1,-0.292661984,-0.585741324,-0.421130604,352 L,1,-0.120617259
288,352,E2: C domain,0.672535244,1.959198075,12,Y,2.510359007,1.111352927,2.250200863,M,0.008848294,1,0.108251893,-0.277673234,-0.173149324,352 M,1,0.088809358
288,352,E2: C domain,0.672535244,1.959198075,12,Y,2.510359007,1.111352927,2.250200863,N,0.85463794,1,-3.505833433,-6.672795848,-3.18696236,352 N,1,-2.169148325
288,352,E2: C domain,0.672535244,1.959198075,12,Y,2.510359007,1.111352927,2.250200863,P,0.000396976,1,-2.739207743,-5.403215734,-0.829158721,352 P,1,0.310059351
288,352,E2: C domain,0.672535244,1.959198075,12,Y,2.510359007,1.111352927,2.250200863,Q,2.35E-06,1,2.261072691,-0.00085394,-0.000850119,352 Q,0,0.241006378
288,352,E2: C domain,0.672535244,1.959198075,12,Y,2.510359007,1.111352927,2.250200863,R,0.000640884,1,-1.500701605,-1.330236386,-1.12939114,352 R,1,-0.687159057
288,352,E2: C domain,0.672535244,1.959198075,12,Y,2.510359007,1.111352927,2.250200863,S,2.21E-06,1,-0.000708287,-0.00085394,2.250200863,352 S,0,2.634447111
288,352,E2: C domain,0.672535244,1.959198075,12,Y,2.510359007,1.111352927,2.250200863,T,0.002363957,1,-1.240075142,-1.864827019,-1.029197013,352 T,1,-1.905159859
288,352,E2: C domain,0.672535244,1.959198075,12,Y,2.510359007,1.111352927,2.250200863,V,0.001623671,1,-0.000708287,-0.00085394,-0.000850119,352 V,1,-0.037672589
288,352,E2: C domain,0.672535244,1.959198075,12,Y,2.510359007,1.111352927,2.250200863,W,3.95E-06,1,-0.000708287,-0.00085394,-0.000850119,352 W,0,-0.715148195
288,352,E2: C domain,0.672535244,1.959198075,12,Y,2.510359007,1.111352927,2.250200863,Y,0.005961964,1,NA,NA,NA,352 Y,1,0
289,353,E2: C domain,1.933181574,6.911464637,7,P,3.033827216,0,0.125572224,A,0.083635857,1,-7.85E-05,-0.000372732,-0.000157575,353 A,1,1.313108925
289,353,E2: C domain,1.933181574,6.911464637,7,P,3.033827216,0,0.125572224,C,0.000251164,1,-7.85E-05,-0.000372732,-0.000157575,353 C,0,0.292225108
289,353,E2: C domain,1.933181574,6.911464637,7,P,3.033827216,0,0.125572224,D,0.081885479,1,0.314024923,-0.022339853,0.125572224,353 D,1,0.10054797
289,353,E2: C domain,1.933181574,6.911464637,7,P,3.033827216,0,0.125572224,E,0.001051664,1,-7.85E-05,-0.000372732,-0.000157575,353 E,0,-0.775749985
289,353,E2: C domain,1.933181574,6.911464637,7,P,3.033827216,0,0.125572224,F,0.000238264,1,-2.267092714,-2.281485554,-2.304565126,353 F,0,-0.940064113
289,353,E2: C domain,1.933181574,6.911464637,7,P,3.033827216,0,0.125572224,G,0.061495619,1,-0.543896156,-2.16547409,-1.045339615,353 G,1,1.177327528
289,353,E2: C domain,1.933181574,6.911464637,7,P,3.033827216,0,0.125572224,H,5.11E-06,1,-7.85E-05,-0.000372732,-0.000157575,353 H,0,-0.59581855
289,353,E2: C domain,1.933181574,6.911464637,7,P,3.033827216,0,0.125572224,I,0.000159157,1,-7.85E-05,-0.000372732,-0.000157575,353 I,0,-1.283821796
289,353,E2: C domain,1.933181574,6.911464637,7,P,3.033827216,0,0.125572224,K,0.001744949,1,-7.85E-05,-0.000372732,-0.000157575,353 K,0,0.46167265
289,353,E2: C domain,1.933181574,6.911464637,7,P,3.033827216,0,0.125572224,L,0.008456106,1,-0.604152779,-3.098777553,-0.334988004,353 L,1,1.246928125
289,353,E2: C domain,1.933181574,6.911464637,7,P,3.033827216,0,0.125572224,M,0.000806293,1,2.719802293,-0.000372732,-0.000157575,353 M,0,-0.389958655
289,353,E2: C domain,1.933181574,6.911464637,7,P,3.033827216,0,0.125572224,N,0.05727795,1,-7.85E-05,-0.000372732,-0.000157575,353 N,0,-2.129199872
289,353,E2: C domain,1.933181574,6.911464637,7,P,3.033827216,0,0.125572224,P,0.28791551,1,NA,NA,NA,353 P,1,0
289,353,E2: C domain,1.933181574,6.911464637,7,P,3.033827216,0,0.125572224,Q,0.076707457,1,-7.85E-05,-0.000372732,-0.000157575,353 Q,0,-0.180989014
289,353,E2: C domain,1.933181574,6.911464637,7,P,3.033827216,0,0.125572224,R,0.000156926,1,-7.85E-05,-0.000372732,-0.000157575,353 R,0,-1.296239769
289,353,E2: C domain,1.933181574,6.911464637,7,P,3.033827216,0,0.125572224,S,0.078241568,1,-0.370771248,-0.663149188,-0.516670432,353 S,1,0.643135108
289,353,E2: C domain,1.933181574,6.911464637,7,P,3.033827216,0,0.125572224,T,0.00023998,1,-7.85E-05,-0.000372732,-0.000157575,353 T,0,-4.564258276
289,353,E2: C domain,1.933181574,6.911464637,7,P,3.033827216,0,0.125572224,V,0.258722724,1,-0.149491775,-0.514285402,-0.060781523,353 V,1,0.307615682
289,353,E2: C domain,1.933181574,6.911464637,7,P,3.033827216,0,0.125572224,W,0.000277667,1,-7.85E-05,-0.000372732,-0.000157575,353 W,0,-0.109104593
289,353,E2: C domain,1.933181574,6.911464637,7,P,3.033827216,0,0.125572224,Y,0.000730555,1,-7.85E-05,-0.000372732,-0.000157575,353 Y,0,-0.470971838
290,354,E2: C domain,0.689965264,1.993646281,11,D,2.536817418,0.646932915,1.053537278,A,0.001837823,1,0.119680602,0.512661848,0.233358421,354 A,1,-0.789081572
290,354,E2: C domain,0.689965264,1.993646281,11,D,2.536817418,0.646932915,1.053537278,C,2.61E-06,1,-0.000749146,-0.000418792,-0.000449443,354 C,0,1.259466896
290,354,E2: C domain,0.689965264,1.993646281,11,D,2.536817418,0.646932915,1.053537278,D,0.002100844,1,NA,NA,NA,354 D,1,0
290,354,E2: C domain,0.689965264,1.993646281,11,D,2.536817418,0.646932915,1.053537278,E,0.841861067,1,0.025088367,0.094757939,-0.005895638,354 E,1,-0.429747135
290,354,E2: C domain,0.689965264,1.993646281,11,D,2.536817418,0.646932915,1.053537278,F,0.000107107,1,-0.262585588,-2.491283895,-2.777793077,354 F,1,-0.99623075
290,354,E2: C domain,0.689965264,1.993646281,11,D,2.536817418,0.646932915,1.053537278,G,0.007218486,1,0.137316636,-0.260009252,0.303457705,354 G,1,-0.280697935
290,354,E2: C domain,0.689965264,1.993646281,11,D,2.536817418,0.646932915,1.053537278,H,1.85E-06,1,-0.000749146,-0.000418792,-0.000449443,354 H,0,-0.009935852
290,354,E2: C domain,0.689965264,1.993646281,11,D,2.536817418,0.646932915,1.053537278,I,3.46E-06,1,-0.000749146,-0.000418792,-0.000449443,354 I,0,-0.240780012
290,354,E2: C domain,0.689965264,1.993646281,11,D,2.536817418,0.646932915,1.053537278,K,0.002001124,1,2.254731813,-0.000418792,-0.000449443,354 K,1,1.552663915
290,354,E2: C domain,0.689965264,1.993646281,11,D,2.536817418,0.646932915,1.053537278,L,0.001283277,1,-0.523690172,-0.361757404,-0.251974069,354 L,1,-0.390265629
290,354,E2: C domain,0.689965264,1.993646281,11,D,2.536817418,0.646932915,1.053537278,M,0.046888557,1,-0.000749146,-0.000418792,-0.000449443,354 M,0,-0.673344326
290,354,E2: C domain,0.689965264,1.993646281,11,D,2.536817418,0.646932915,1.053537278,N,0.043476793,1,-0.513731113,-0.919645691,0.516721153,354 N,1,-0.102508227
290,354,E2: C domain,0.689965264,1.993646281,11,D,2.536817418,0.646932915,1.053537278,P,1.08E-06,1,-0.000749146,-0.000418792,-0.000449443,354 P,0,-1.501503872
290,354,E2: C domain,0.689965264,1.993646281,11,D,2.536817418,0.646932915,1.053537278,Q,0.045658983,1,-0.000749146,-0.000418792,-0.000449443,354 Q,0,1.164029959
290,354,E2: C domain,0.689965264,1.993646281,11,D,2.536817418,0.646932915,1.053537278,R,0.0054888,1,-0.346092507,-0.291751494,-0.340381006,354 R,1,0.371956446
290,354,E2: C domain,0.689965264,1.993646281,11,D,2.536817418,0.646932915,1.053537278,S,0.001821357,1,-0.463633505,0.039513127,-0.324624653,354 S,1,-0.294155758
290,354,E2: C domain,0.689965264,1.993646281,11,D,2.536817418,0.646932915,1.053537278,T,0.000245531,1,-0.662989027,-2.568373825,-0.127146215,354 T,1,1.17658724
290,354,E2: C domain,0.689965264,1.993646281,11,D,2.536817418,0.646932915,1.053537278,V,5.05E-07,1,-0.000749146,-0.000418792,-0.000449443,354 V,0,-1.551727345
290,354,E2: C domain,0.689965264,1.993646281,11,D,2.536817418,0.646932915,1.053537278,W,7.14E-07,1,-2.216318012,-2.236662678,-2.236693328,354 W,0,-0.328722599
290,354,E2: C domain,0.689965264,1.993646281,11,D,2.536817418,0.646932915,1.053537278,Y,4.02E-08,1,-0.000749146,-0.000418792,-0.000449443,354 Y,0,1.226713752
291,355,E2: C domain,2.36206508,10.61284522,9,H,4.78139948,0.652809545,3.651607113,A,9.71E-05,1,-0.000640335,-0.001444531,-0.000380769,355 A,0,-1.051271487
291,355,E2: C domain,2.36206508,10.61284522,9,H,4.78139948,0.652809545,3.651607113,C,0.168476513,1,-0.139011312,-0.974046883,0.196438039,355 C,1,-2.650236867
291,355,E2: C domain,2.36206508,10.61284522,9,H,4.78139948,0.652809545,3.651607113,D,0.052276706,1,-0.000640335,-0.001444531,-0.000380769,355 D,0,-0.851066692
291,355,E2: C domain,2.36206508,10.61284522,9,H,4.78139948,0.652809545,3.651607113,E,0.051200485,1,-0.000640335,-0.001444531,-0.000380769,355 E,0,0.421399372
291,355,E2: C domain,2.36206508,10.61284522,9,H,4.78139948,0.652809545,3.651607113,F,0.000131464,1,-0.000640335,-0.001444531,-0.000380769,355 F,0,-0.529907409
291,355,E2: C domain,2.36206508,10.61284522,9,H,4.78139948,0.652809545,3.651607113,G,0.120284271,1,-1.080202216,-2.019690181,-0.559197916,355 G,1,1.109517124
291,355,E2: C domain,2.36206508,10.61284522,9,H,4.78139948,0.652809545,3.651607113,H,0.083543751,1,NA,NA,NA,355 H,1,0
291,355,E2: C domain,2.36206508,10.61284522,9,H,4.78139948,0.652809545,3.651607113,I,0.000611007,1,-0.000640335,-0.001444531,-0.000380769,355 I,0,0.322415135
291,355,E2: C domain,2.36206508,10.61284522,9,H,4.78139948,0.652809545,3.651607113,K,0.00011941,1,-0.000640335,-0.001444531,-0.000380769,355 K,0,0.262806113
291,355,E2: C domain,2.36206508,10.61284522,9,H,4.78139948,0.652809545,3.651607113,L,0.000229791,1,2.599688247,-0.001444531,3.107742353,355 L,0,-0.041958173
291,355,E2: C domain,2.36206508,10.61284522,9,H,4.78139948,0.652809545,3.651607113,M,0.055339748,1,-0.000640335,-0.001444531,-0.000380769,355 M,0,0.10093762
291,355,E2: C domain,2.36206508,10.61284522,9,H,4.78139948,0.652809545,3.651607113,N,1.50E-06,1,-0.000640335,-0.001444531,-0.000380769,355 N,0,0.481809915
291,355,E2: C domain,2.36206508,10.61284522,9,H,4.78139948,0.652809545,3.651607113,P,2.19E-05,1,-0.000640335,-0.001444531,-0.000380769,355 P,0,2.386730648
291,355,E2: C domain,2.36206508,10.61284522,9,H,4.78139948,0.652809545,3.651607113,Q,0.053581903,1,-4.605253268,-9.243173023,0.079306714,355 Q,0,0.105853798
291,355,E2: C domain,2.36206508,10.61284522,9,H,4.78139948,0.652809545,3.651607113,R,0.064248234,1,-0.603639793,0.652809545,0.268120007,355 R,1,0.658649778
291,355,E2: C domain,2.36206508,10.61284522,9,H,4.78139948,0.652809545,3.651607113,S,0.057911463,1,-0.171036777,-0.624396665,-0.417940129,355 S,1,-1.628355678
291,355,E2: C domain,2.36206508,10.61284522,9,H,4.78139948,0.652809545,3.651607113,T,0.02289947,1,2.064383543,-2.579133137,-2.60264455,355 T,1,-0.173028478
291,355,E2: C domain,2.36206508,10.61284522,9,H,4.78139948,0.652809545,3.651607113,V,0.115161289,1,0.11732769,-0.366166352,-0.322570907,355 V,1,-1.181184953
291,355,E2: C domain,2.36206508,10.61284522,9,H,4.78139948,0.652809545,3.651607113,W,0.000253472,1,-0.000640335,-0.001444531,-0.000380769,355 W,0,-0.782801988
291,355,E2: C domain,2.36206508,10.61284522,9,H,4.78139948,0.652809545,3.651607113,Y,0.153610497,1,-0.217217136,-0.234462355,-0.211593632,355 Y,1,0.152038228
292,356,E2: C domain,1.949430795,7.024687954,6,P,0.142583053,0,0.17884328,A,0.000618085,1,-9.95E-05,-0.000129953,-9.93E-05,356 A,0,0.329637549
292,356,E2: C domain,1.949430795,7.024687954,6,P,0.142583053,0,0.17884328,C,0.053082938,1,-9.95E-05,-0.000129953,-9.93E-05,356 C,0,-0.753965248
292,356,E2: C domain,1.949430795,7.024687954,6,P,0.142583053,0,0.17884328,D,0.000156231,1,-9.95E-05,-0.000129953,-9.93E-05,356 D,0,0.13857106
292,356,E2: C domain,1.949430795,7.024687954,6,P,0.142583053,0,0.17884328,E,7.93E-05,1,-9.95E-05,-0.000129953,-9.93E-05,356 E,0,0.023117908
292,356,E2: C domain,1.949430795,7.024687954,6,P,0.142583053,0,0.17884328,F,8.86E-05,1,-9.95E-05,-0.000129953,-9.93E-05,356 F,0,0.115955125
292,356,E2: C domain,1.949430795,7.024687954,6,P,0.142583053,0,0.17884328,G,0.293316304,1,-0.434439327,-0.307337433,-0.901377372,356 G,1,-0.481398619
292,356,E2: C domain,1.949430795,7.024687954,6,P,0.142583053,0,0.17884328,H,0.050273965,1,-9.95E-05,-0.000129953,-9.93E-05,356 H,0,-0.423520059
292,356,E2: C domain,1.949430795,7.024687954,6,P,0.142583053,0,0.17884328,I,0.000114257,1,-9.95E-05,-0.000129953,-9.93E-05,356 I,0,0.286337368
292,356,E2: C domain,1.949430795,7.024687954,6,P,0.142583053,0,0.17884328,K,0.058397301,1,-9.95E-05,-0.000129953,-9.93E-05,356 K,0,-0.393145442
292,356,E2: C domain,1.949430795,7.024687954,6,P,0.142583053,0,0.17884328,L,0.009743503,1,-9.95E-05,-0.000129953,-9.93E-05,356 L,1,-1.524630384
292,356,E2: C domain,1.949430795,7.024687954,6,P,0.142583053,0,0.17884328,M,8.49E-05,1,-9.95E-05,-0.000129953,-9.93E-05,356 M,0,-0.00010368
292,356,E2: C domain,1.949430795,7.024687954,6,P,0.142583053,0,0.17884328,N,0.000131005,1,-9.95E-05,-0.000129953,-9.93E-05,356 N,0,-0.100656635
292,356,E2: C domain,1.949430795,7.024687954,6,P,0.142583053,0,0.17884328,P,0.254938184,1,NA,NA,NA,356 P,1,0
292,356,E2: C domain,1.949430795,7.024687954,6,P,0.142583053,0,0.17884328,Q,2.05E-06,1,-9.95E-05,-0.000129953,-9.93E-05,356 Q,0,-0.567886929
292,356,E2: C domain,1.949430795,7.024687954,6,P,0.142583053,0,0.17884328,R,0.106657282,1,-0.092930182,-0.57528124,-0.128540417,356 R,1,-1.025362231
292,356,E2: C domain,1.949430795,7.024687954,6,P,0.142583053,0,0.17884328,S,0.097046072,1,-0.157827959,-0.246749744,0.17884328,356 S,1,0.206528497
292,356,E2: C domain,1.949430795,7.024687954,6,P,0.142583053,0,0.17884328,T,0.000943989,1,-9.95E-05,-0.000129953,-9.93E-05,356 T,0,-0.638985528
292,356,E2: C domain,1.949430795,7.024687954,6,P,0.142583053,0,0.17884328,V,0.025344298,1,0.142583053,-2.265778851,-0.110634213,356 V,1,-1.015793459
292,356,E2: C domain,1.949430795,7.024687954,6,P,0.142583053,0,0.17884328,W,0.048838651,1,-9.95E-05,-0.000129953,-9.93E-05,356 W,0,-0.425704558
292,356,E2: C domain,1.949430795,7.024687954,6,P,0.142583053,0,0.17884328,Y,0.000143062,1,-9.95E-05,-0.000129953,-9.93E-05,356 Y,0,-0.090309161
293,357,E2: C domain,1.895602515,6.656557871,5,T,0.438841685,0.262693987,3.299469122,A,0.074328791,1,-0.159232137,0.262693987,0.467772711,357 A,1,1.619360369
293,357,E2: C domain,1.895602515,6.656557871,5,T,0.438841685,0.262693987,3.299469122,C,0.000232826,1,-3.56E-05,-8.02E-05,-2.34E-05,357 C,0,-0.430788171
293,357,E2: C domain,1.895602515,6.656557871,5,T,0.438841685,0.262693987,3.299469122,D,0.000327111,1,-3.56E-05,-8.02E-05,-2.34E-05,357 D,0,-0.095990571
293,357,E2: C domain,1.895602515,6.656557871,5,T,0.438841685,0.262693987,3.299469122,E,0.001447698,1,-3.56E-05,-8.02E-05,-2.34E-05,357 E,0,-0.41565964
293,357,E2: C domain,1.895602515,6.656557871,5,T,0.438841685,0.262693987,3.299469122,F,0.000477174,1,-3.56E-05,-8.02E-05,-2.34E-05,357 F,0,0.284770983
293,357,E2: C domain,1.895602515,6.656557871,5,T,0.438841685,0.262693987,3.299469122,G,0.000310729,1,-3.56E-05,-8.02E-05,-2.34E-05,357 G,0,0.146590395
293,357,E2: C domain,1.895602515,6.656557871,5,T,0.438841685,0.262693987,3.299469122,H,0.000107472,1,-3.56E-05,-8.02E-05,-2.34E-05,357 H,0,0.026705834
293,357,E2: C domain,1.895602515,6.656557871,5,T,0.438841685,0.262693987,3.299469122,I,0.000261728,1,-3.56E-05,-8.02E-05,-2.34E-05,357 I,0,-0.296031934
293,357,E2: C domain,1.895602515,6.656557871,5,T,0.438841685,0.262693987,3.299469122,K,0.048390038,1,-3.56E-05,-8.02E-05,-2.34E-05,357 K,0,-0.333324309
293,357,E2: C domain,1.895602515,6.656557871,5,T,0.438841685,0.262693987,3.299469122,L,0.013644989,1,-1.183876087,-0.364523514,-1.164902811,357 L,1,-0.820713241
293,357,E2: C domain,1.895602515,6.656557871,5,T,0.438841685,0.262693987,3.299469122,M,0.002724044,1,-2.803367991,-0.519326304,0.478892703,357 M,1,-0.51528743
293,357,E2: C domain,1.895602515,6.656557871,5,T,0.438841685,0.262693987,3.299469122,N,0.054095893,1,-3.56E-05,-8.02E-05,-2.34E-05,357 N,0,-0.106989595
293,357,E2: C domain,1.895602515,6.656557871,5,T,0.438841685,0.262693987,3.299469122,P,0.047650429,1,-3.56E-05,-8.02E-05,-2.34E-05,357 P,0,2.251474135
293,357,E2: C domain,1.895602515,6.656557871,5,T,0.438841685,0.262693987,3.299469122,Q,0.053107541,1,-3.56E-05,-8.02E-05,-2.34E-05,357 Q,0,0.077031311
293,357,E2: C domain,1.895602515,6.656557871,5,T,0.438841685,0.262693987,3.299469122,R,6.55E-05,1,-3.56E-05,-8.02E-05,-2.34E-05,357 R,0,-1.04137654
293,357,E2: C domain,1.895602515,6.656557871,5,T,0.438841685,0.262693987,3.299469122,S,0.049040169,1,-3.56E-05,-8.02E-05,2.247478483,357 S,0,-0.089673513
293,357,E2: C domain,1.895602515,6.656557871,5,T,0.438841685,0.262693987,3.299469122,T,0.222650573,1,NA,NA,NA,357 T,1,0
293,357,E2: C domain,1.895602515,6.656557871,5,T,0.438841685,0.262693987,3.299469122,V,0.382253785,1,0.438841685,-0.236505607,0.105325225,357 V,1,0.261607161
293,357,E2: C domain,1.895602515,6.656557871,5,T,0.438841685,0.262693987,3.299469122,W,0.048735584,1,-3.56E-05,-8.02E-05,-2.34E-05,357 W,0,-0.446030665
293,357,E2: C domain,1.895602515,6.656557871,5,T,0.438841685,0.262693987,3.299469122,Y,0.000147968,1,-3.56E-05,-8.02E-05,-2.34E-05,357 Y,0,-0.194802802
294,358,E2: C domain,1.803374852,6.07009862,9,L,2.238131201,3.957062824,1.273803356,A,0.064932954,1,0.53950737,0.251033688,0.169964784,358 A,1,1.919029768
294,358,E2: C domain,1.803374852,6.07009862,9,L,2.238131201,3.957062824,1.273803356,C,0.058547284,1,-0.266267822,-1.245686642,-0.329418965,358 C,1,-0.335370754
294,358,E2: C domain,1.803374852,6.07009862,9,L,2.238131201,3.957062824,1.273803356,D,0.000266546,1,5.34E-05,-2.30E-05,-0.000245093,358 D,0,-0.672819046
294,358,E2: C domain,1.803374852,6.07009862,9,L,2.238131201,3.957062824,1.273803356,E,0.000681273,1,5.34E-05,-2.30E-05,-0.000245093,358 E,0,-0.456323219
294,358,E2: C domain,1.803374852,6.07009862,9,L,2.238131201,3.957062824,1.273803356,F,0.000533971,1,5.34E-05,-2.30E-05,-0.000245093,358 F,0,-0.635219118
294,358,E2: C domain,1.803374852,6.07009862,9,L,2.238131201,3.957062824,1.273803356,G,7.96E-05,1,5.34E-05,-2.30E-05,-0.000245093,358 G,0,0.388068744
294,358,E2: C domain,1.803374852,6.07009862,9,L,2.238131201,3.957062824,1.273803356,H,0.000192735,1,5.34E-05,-2.30E-05,-0.000245093,358 H,0,-0.592519101
294,358,E2: C domain,1.803374852,6.07009862,9,L,2.238131201,3.957062824,1.273803356,I,0.000143818,1,5.34E-05,-2.30E-05,-0.000245093,358 I,0,4.036034375
294,358,E2: C domain,1.803374852,6.07009862,9,L,2.238131201,3.957062824,1.273803356,K,0.00025494,1,-4.409307768,-1.954314146,-2.087399246,358 K,0,0.105180818
294,358,E2: C domain,1.803374852,6.07009862,9,L,2.238131201,3.957062824,1.273803356,L,0.304721285,1,NA,NA,NA,358 L,1,0
294,358,E2: C domain,1.803374852,6.07009862,9,L,2.238131201,3.957062824,1.273803356,M,0.320734861,1,-0.031379571,-0.21109549,-0.517136697,358 M,1,0.428221034
294,358,E2: C domain,1.803374852,6.07009862,9,L,2.238131201,3.957062824,1.273803356,N,0.000763953,1,5.34E-05,-2.30E-05,-0.000245093,358 N,0,-0.427876229
294,358,E2: C domain,1.803374852,6.07009862,9,L,2.238131201,3.957062824,1.273803356,P,0.000108772,1,0.782912069,0.253699552,0.763384015,358 P,0,-1.428843796
294,358,E2: C domain,1.803374852,6.07009862,9,L,2.238131201,3.957062824,1.273803356,Q,0.093910931,1,0.817402819,0.241996493,-0.175248139,358 Q,1,-1.086449594
294,358,E2: C domain,1.803374852,6.07009862,9,L,2.238131201,3.957062824,1.273803356,R,0.069102118,1,-0.190743604,0.554767827,-0.640751012,358 R,1,-0.081452053
294,358,E2: C domain,1.803374852,6.07009862,9,L,2.238131201,3.957062824,1.273803356,S,0.035653737,1,0.097827903,0.064852403,0.339632002,358 S,1,0.065562169
294,358,E2: C domain,1.803374852,6.07009862,9,L,2.238131201,3.957062824,1.273803356,T,0.0210558,1,-2.14942863,-4.913448114,-2.249692226,358 T,1,-1.01470363
294,358,E2: C domain,1.803374852,6.07009862,9,L,2.238131201,3.957062824,1.273803356,V,6.53E-05,1,5.34E-05,2.59071286,-0.000245093,358 V,0,0.102000957
294,358,E2: C domain,1.803374852,6.07009862,9,L,2.238131201,3.957062824,1.273803356,W,0.000173673,1,5.34E-05,-2.30E-05,-0.000245093,358 W,0,1.009114883
294,358,E2: C domain,1.803374852,6.07009862,9,L,2.238131201,3.957062824,1.273803356,Y,0.028076478,1,-0.151713848,-0.314013514,0.000822555,358 Y,1,-2.058367024
295,359,E2: C domain,1.581059358,4.860101674,4,L,0.07173948,4.213624255,0.50630702,A,0.03615272,1,-7.22E-05,4.02332849,-6.08E-05,359 A,1,-0.130785929
295,359,E2: C domain,1.581059358,4.860101674,4,L,0.07173948,4.213624255,0.50630702,C,0.052128198,1,-0.014517733,-4.813212844,-2.505858906,359 C,1,0.582835636
295,359,E2: C domain,1.581059358,4.860101674,4,L,0.07173948,4.213624255,0.50630702,D,0.000411016,1,-7.22E-05,8.49E-08,-6.08E-05,359 D,0,0.084403763
295,359,E2: C domain,1.581059358,4.860101674,4,L,0.07173948,4.213624255,0.50630702,E,0.001436043,1,-7.22E-05,8.49E-08,-6.08E-05,359 E,0,-0.600169236
295,359,E2: C domain,1.581059358,4.860101674,4,L,0.07173948,4.213624255,0.50630702,F,0.047748845,1,-7.22E-05,8.49E-08,-6.08E-05,359 F,0,-0.233665845
295,359,E2: C domain,1.581059358,4.860101674,4,L,0.07173948,4.213624255,0.50630702,G,0.000307167,1,-7.22E-05,8.49E-08,-6.08E-05,359 G,0,0.973882256
295,359,E2: C domain,1.581059358,4.860101674,4,L,0.07173948,4.213624255,0.50630702,H,0.000498129,1,-7.22E-05,8.49E-08,-6.08E-05,359 H,0,-0.570177359
295,359,E2: C domain,1.581059358,4.860101674,4,L,0.07173948,4.213624255,0.50630702,I,0.046929953,1,-7.22E-05,8.49E-08,-6.08E-05,359 I,0,0.679328688
295,359,E2: C domain,1.581059358,4.860101674,4,L,0.07173948,4.213624255,0.50630702,K,0.000349275,1,-7.22E-05,8.49E-08,-6.08E-05,359 K,0,-0.113888051
295,359,E2: C domain,1.581059358,4.860101674,4,L,0.07173948,4.213624255,0.50630702,L,0.595925224,1,NA,NA,NA,359 L,1,0
295,359,E2: C domain,1.581059358,4.860101674,4,L,0.07173948,4.213624255,0.50630702,M,0.053253738,1,-7.22E-05,8.49E-08,-6.08E-05,359 M,0,-7.57602E-05
295,359,E2: C domain,1.581059358,4.860101674,4,L,0.07173948,4.213624255,0.50630702,N,0.048739418,1,-7.22E-05,8.49E-08,-6.08E-05,359 N,0,-0.042385369
295,359,E2: C domain,1.581059358,4.860101674,4,L,0.07173948,4.213624255,0.50630702,P,0.024071923,1,0.071739485,0.190294491,0.50630702,359 P,1,-0.238321158
295,359,E2: C domain,1.581059358,4.860101674,4,L,0.07173948,4.213624255,0.50630702,Q,0.04775873,1,-7.22E-05,8.49E-08,-6.08E-05,359 Q,0,-1.310211485
295,359,E2: C domain,1.581059358,4.860101674,4,L,0.07173948,4.213624255,0.50630702,R,0.000344063,1,-7.22E-05,8.49E-08,-6.08E-05,359 R,0,-0.110731045
295,359,E2: C domain,1.581059358,4.860101674,4,L,0.07173948,4.213624255,0.50630702,S,0.000227226,1,-7.22E-05,8.49E-08,-6.08E-05,359 S,0,-0.599323248
295,359,E2: C domain,1.581059358,4.860101674,4,L,0.07173948,4.213624255,0.50630702,T,0.000130191,1,-7.22E-05,8.49E-08,-6.08E-05,359 T,0,-0.882628013
295,359,E2: C domain,1.581059358,4.860101674,4,L,0.07173948,4.213624255,0.50630702,V,0.000555725,1,-3.753691644,-6.882456304,-3.833698371,359 V,0,-0.751416534
295,359,E2: C domain,1.581059358,4.860101674,4,L,0.07173948,4.213624255,0.50630702,W,0.000894588,1,-7.22E-05,8.49E-08,-6.08E-05,359 W,0,-0.694138252
295,359,E2: C domain,1.581059358,4.860101674,4,L,0.07173948,4.213624255,0.50630702,Y,0.042137827,1,-7.22E-05,8.49E-08,-6.08E-05,359 Y,0,-1.124573367
296,360,E2: C domain,1.072563064,2.922861388,10,S,1.119198438,0.098364668,1.374805458,A,0.708286135,1,-0.392568359,-0.70597981,-0.538663699,360 A,1,-0.692349815
296,360,E2: C domain,1.072563064,2.922861388,10,S,1.119198438,0.098364668,1.374805458,C,3.73E-05,1,-0.000392219,-0.00066603,-0.000409573,360 C,0,0.153081377
296,360,E2: C domain,1.072563064,2.922861388,10,S,1.119198438,0.098364668,1.374805458,D,0.0045136,1,-3.154737078,-3.177680499,-3.177424042,360 D,1,-0.11832267
296,360,E2: C domain,1.072563064,2.922861388,10,S,1.119198438,0.098364668,1.374805458,E,4.84E-05,1,-0.000392219,-0.00066603,-0.000409573,360 E,0,-0.618830764
296,360,E2: C domain,1.072563064,2.922861388,10,S,1.119198438,0.098364668,1.374805458,F,5.11E-06,1,-0.000392219,-0.00066603,-0.000409573,360 F,0,0.352022702
296,360,E2: C domain,1.072563064,2.922861388,10,S,1.119198438,0.098364668,1.374805458,G,0.001512268,1,-0.386255802,-4.816217104,-2.268529304,360 G,1,0.844634334
296,360,E2: C domain,1.072563064,2.922861388,10,S,1.119198438,0.098364668,1.374805458,H,3.45E-05,1,-0.000392219,-0.00066603,-0.000409573,360 H,0,-0.719906117
296,360,E2: C domain,1.072563064,2.922861388,10,S,1.119198438,0.098364668,1.374805458,I,0.020479232,1,-0.082465178,-4.027772346,-0.346145034,360 I,1,-0.722623285
296,360,E2: C domain,1.072563064,2.922861388,10,S,1.119198438,0.098364668,1.374805458,K,0.062654348,1,-0.000392219,-0.00066603,-0.000409573,360 K,0,-1.096053197
296,360,E2: C domain,1.072563064,2.922861388,10,S,1.119198438,0.098364668,1.374805458,L,0.003606264,1,0.301292389,-0.250184333,0.549319618,360 L,1,-1.420556312
296,360,E2: C domain,1.072563064,2.922861388,10,S,1.119198438,0.098364668,1.374805458,M,0.01642369,1,-0.253261823,-0.035929256,0.25164163,360 M,1,3.10669976
296,360,E2: C domain,1.072563064,2.922861388,10,S,1.119198438,0.098364668,1.374805458,N,0.019945539,1,0.172166312,0.008195373,0.522091439,360 N,1,-1.876558486
296,360,E2: C domain,1.072563064,2.922861388,10,S,1.119198438,0.098364668,1.374805458,P,0.13735544,1,-0.139857693,-0.035151468,0.051752772,360 P,1,0.077571482
296,360,E2: C domain,1.072563064,2.922861388,10,S,1.119198438,0.098364668,1.374805458,Q,2.86E-05,1,-0.000392219,-0.00066603,-0.000409573,360 Q,0,-0.493875414
296,360,E2: C domain,1.072563064,2.922861388,10,S,1.119198438,0.098364668,1.374805458,R,3.96E-05,1,0.417241913,-0.00066603,-0.000409573,360 R,0,-0.234238594
296,360,E2: C domain,1.072563064,2.922861388,10,S,1.119198438,0.098364668,1.374805458,S,0.022798497,1,NA,NA,NA,360 S,1,0
296,360,E2: C domain,1.072563064,2.922861388,10,S,1.119198438,0.098364668,1.374805458,T,0.002122568,1,0.228497824,0.090169295,-2.737163808,360 T,1,-4.598856183
296,360,E2: C domain,1.072563064,2.922861388,10,S,1.119198438,0.098364668,1.374805458,V,2.72E-05,1,-0.000392219,-0.00066603,-0.000409573,360 V,0,-0.62981449
296,360,E2: C domain,1.072563064,2.922861388,10,S,1.119198438,0.098364668,1.374805458,W,2.88E-05,1,-0.000392219,-0.00066603,-0.000409573,360 W,0,-0.574360151
296,360,E2: C domain,1.072563064,2.922861388,10,S,1.119198438,0.098364668,1.374805458,Y,5.29E-05,1,-0.000392219,-0.00066603,-0.000409573,360 Y,0,0.258578403
297,361,E2: C domain,2.31585744,10.13360816,11,Y,10.97968146,2.637279844,4.889366065,A,0.020551405,1,0.393999442,-2.910723503,-0.087854186,361 A,1,-0.636797562
297,361,E2: C domain,2.31585744,10.13360816,11,Y,10.97968146,2.637279844,4.889366065,C,0.105351205,1,0.712444902,-0.638344356,-2.17619376,361 C,1,2.717252107
297,361,E2: C domain,2.31585744,10.13360816,11,Y,10.97968146,2.637279844,4.889366065,D,0.000100559,1,-2.390827455,-0.197652681,-2.414066247,361 D,0,0.694751089
297,361,E2: C domain,2.31585744,10.13360816,11,Y,10.97968146,2.637279844,4.889366065,E,0.053425351,1,4.12E-05,-0.000231863,-0.000156734,361 E,0,-0.919295379
297,361,E2: C domain,2.31585744,10.13360816,11,Y,10.97968146,2.637279844,4.889366065,F,0.116067972,1,0.463255267,0.653650401,0.550081682,361 F,1,-0.493101949
297,361,E2: C domain,2.31585744,10.13360816,11,Y,10.97968146,2.637279844,4.889366065,G,0.000103277,1,4.12E-05,-0.000231863,-0.000156734,361 G,0,0.09560644
297,361,E2: C domain,2.31585744,10.13360816,11,Y,10.97968146,2.637279844,4.889366065,H,0.053093068,1,4.248695161,1.779877783,4.008761442,361 H,1,-0.661964227
297,361,E2: C domain,2.31585744,10.13360816,11,Y,10.97968146,2.637279844,4.889366065,I,0.046386433,1,-0.086225811,-0.242323525,0.007151366,361 I,1,-0.813345945
297,361,E2: C domain,2.31585744,10.13360816,11,Y,10.97968146,2.637279844,4.889366065,K,0.000407656,1,2.534008864,-0.000231863,-0.000156734,361 K,0,0.127373724
297,361,E2: C domain,2.31585744,10.13360816,11,Y,10.97968146,2.637279844,4.889366065,L,0.059423315,1,0.374072351,-3.161076126,-0.142334288,361 L,1,-3.456995401
297,361,E2: C domain,2.31585744,10.13360816,11,Y,10.97968146,2.637279844,4.889366065,M,8.69E-05,1,2.16265134,-0.000231863,-0.000156734,361 M,0,0.040154981
297,361,E2: C domain,2.31585744,10.13360816,11,Y,10.97968146,2.637279844,4.889366065,N,0.000100542,1,4.12E-05,-0.000231863,-0.000156734,361 N,0,-1.50150575
297,361,E2: C domain,2.31585744,10.13360816,11,Y,10.97968146,2.637279844,4.889366065,P,0.052965761,1,-1.481991261,-0.358588857,-1.470055839,361 P,1,-1.078515301
297,361,E2: C domain,2.31585744,10.13360816,11,Y,10.97968146,2.637279844,4.889366065,Q,0.000127908,1,4.12E-05,-0.000231863,-0.000156734,361 Q,0,-0.794967169
297,361,E2: C domain,2.31585744,10.13360816,11,Y,10.97968146,2.637279844,4.889366065,R,0.000261024,1,4.12E-05,-0.000231863,-0.000156734,361 R,0,-0.374178729
297,361,E2: C domain,2.31585744,10.13360816,11,Y,10.97968146,2.637279844,4.889366065,S,0.028850941,1,0.038508867,0.20375166,-0.089741322,361 S,1,0.642044609
297,361,E2: C domain,2.31585744,10.13360816,11,Y,10.97968146,2.637279844,4.889366065,T,0.115556568,1,0.015845628,-0.762199447,-0.337066631,361 T,1,0.135348805
297,361,E2: C domain,2.31585744,10.13360816,11,Y,10.97968146,2.637279844,4.889366065,V,0.200257379,1,0.035952556,-0.018433808,0.323371575,361 V,1,0.037542448
297,361,E2: C domain,2.31585744,10.13360816,11,Y,10.97968146,2.637279844,4.889366065,W,0.000852078,1,4.12E-05,-0.000231863,-0.000156734,361 W,0,-0.127755159
297,361,E2: C domain,2.31585744,10.13360816,11,Y,10.97968146,2.637279844,4.889366065,Y,0.146030681,1,NA,NA,NA,361 Y,1,0
298,362,E2: C domain,1.536836538,4.649857332,4,R,3.827145418,3.392984246,8.51874075,A,0.000124526,1,0.000385793,0.000302114,0.000306578,362 A,0,-0.439573209
298,362,E2: C domain,1.536836538,4.649857332,4,R,3.827145418,3.392984246,8.51874075,C,0.000253188,1,0.000385793,0.000302114,0.000306578,362 C,0,-0.59836312
298,362,E2: C domain,1.536836538,4.649857332,4,R,3.827145418,3.392984246,8.51874075,D,0.000389995,1,0.000385793,0.000302114,0.000306578,362 D,0,-0.154198778
298,362,E2: C domain,1.536836538,4.649857332,4,R,3.827145418,3.392984246,8.51874075,E,0.000198515,1,0.000385793,0.000302114,0.000306578,362 E,0,-0.895092032
298,362,E2: C domain,1.536836538,4.649857332,4,R,3.827145418,3.392984246,8.51874075,F,0.048277435,1,0.000385793,0.000302114,0.000306578,362 F,0,-0.628558724
298,362,E2: C domain,1.536836538,4.649857332,4,R,3.827145418,3.392984246,8.51874075,G,0.000150225,1,0.000385793,0.000302114,0.000306578,362 G,0,0.614188611
298,362,E2: C domain,1.536836538,4.649857332,4,R,3.827145418,3.392984246,8.51874075,H,0.050240868,1,0.000385793,0.000302114,0.000306578,362 H,0,-0.522715687
298,362,E2: C domain,1.536836538,4.649857332,4,R,3.827145418,3.392984246,8.51874075,I,7.66E-05,1,0.000385793,0.000302114,0.000306578,362 I,0,0.293131732
298,362,E2: C domain,1.536836538,4.649857332,4,R,3.827145418,3.392984246,8.51874075,K,0.422128587,1,0.328578115,0.262352585,0.178269822,362 K,1,0.190217728
298,362,E2: C domain,1.536836538,4.649857332,4,R,3.827145418,3.392984246,8.51874075,L,0.000190462,1,0.000385793,0.000302114,0.000306578,362 L,0,-0.042454465
298,362,E2: C domain,1.536836538,4.649857332,4,R,3.827145418,3.392984246,8.51874075,M,0.050624144,1,0.000385793,0.000302114,0.000306578,362 M,0,-0.750683213
298,362,E2: C domain,1.536836538,4.649857332,4,R,3.827145418,3.392984246,8.51874075,N,0.047687978,1,0.000385793,0.000302114,0.000306578,362 N,0,-0.212330372
298,362,E2: C domain,1.536836538,4.649857332,4,R,3.827145418,3.392984246,8.51874075,P,0.000249176,1,0.000385793,0.000302114,0.000306578,362 P,0,-0.539689612
298,362,E2: C domain,1.536836538,4.649857332,4,R,3.827145418,3.392984246,8.51874075,Q,0.001183465,1,1.750608152,1.463908973,3.58700587,362 Q,1,-0.047443905
298,362,E2: C domain,1.536836538,4.649857332,4,R,3.827145418,3.392984246,8.51874075,R,0.318272903,1,NA,NA,NA,362 R,1,0
298,362,E2: C domain,1.536836538,4.649857332,4,R,3.827145418,3.392984246,8.51874075,S,0.052613011,1,0.000385793,0.000302114,0.000306578,362 S,0,-0.644288769
298,362,E2: C domain,1.536836538,4.649857332,4,R,3.827145418,3.392984246,8.51874075,T,0.0004732,1,0.000385793,0.000302114,0.000306578,362 T,0,-0.139252874
298,362,E2: C domain,1.536836538,4.649857332,4,R,3.827145418,3.392984246,8.51874075,V,0.000129327,1,0.000385793,0.000302114,0.000306578,362 V,0,-0.328252483
298,362,E2: C domain,1.536836538,4.649857332,4,R,3.827145418,3.392984246,8.51874075,W,0.006622761,1,1.74178647,1.661888865,4.748559803,362 W,1,0.000122944
298,362,E2: C domain,1.536836538,4.649857332,4,R,3.827145418,3.392984246,8.51874075,Y,0.000113584,1,0.000385793,0.000302114,0.000306578,362 Y,0,0.020995539
299,363,E2: C domain,2.672581095,14.47728827,7,N,2.714789366,1.470611549,0.969712144,A,0.000468168,1,1.778963627,7.30E-05,5.57E-05,363 A,0,-0.755980097
299,363,E2: C domain,2.672581095,14.47728827,7,N,2.714789366,1.470611549,0.969712144,C,0.031327562,1,-0.455294572,0.71906442,-0.332874149,363 C,1,0.245372008
299,363,E2: C domain,2.672581095,14.47728827,7,N,2.714789366,1.470611549,0.969712144,D,0.061319047,1,0.164765121,0.009830299,0.113296064,363 D,1,-3.22360787
299,363,E2: C domain,2.672581095,14.47728827,7,N,2.714789366,1.470611549,0.969712144,E,0.047395195,1,9.77E-05,7.30E-05,5.57E-05,363 E,0,0.251825255
299,363,E2: C domain,2.672581095,14.47728827,7,N,2.714789366,1.470611549,0.969712144,F,0.049791429,1,9.77E-05,7.30E-05,5.57E-05,363 F,0,0.786148336
299,363,E2: C domain,2.672581095,14.47728827,7,N,2.714789366,1.470611549,0.969712144,G,9.19E-05,1,9.77E-05,7.30E-05,5.57E-05,363 G,0,-0.142046292
299,363,E2: C domain,2.672581095,14.47728827,7,N,2.714789366,1.470611549,0.969712144,H,0.046406867,1,9.77E-05,7.30E-05,5.57E-05,363 H,0,-0.589856109
299,363,E2: C domain,2.672581095,14.47728827,7,N,2.714789366,1.470611549,0.969712144,I,0.052734293,1,9.77E-05,7.30E-05,5.57E-05,363 I,0,-2.827143519
299,363,E2: C domain,2.672581095,14.47728827,7,N,2.714789366,1.470611549,0.969712144,K,0.043577921,1,9.77E-05,7.30E-05,5.57E-05,363 K,0,1.565784306
299,363,E2: C domain,2.672581095,14.47728827,7,N,2.714789366,1.470611549,0.969712144,L,0.115324711,1,-0.107611874,-0.305073948,-0.123676618,363 L,1,0.841164316
299,363,E2: C domain,2.672581095,14.47728827,7,N,2.714789366,1.470611549,0.969712144,M,0.000159823,1,9.77E-05,7.30E-05,5.57E-05,363 M,0,-0.152881592
299,363,E2: C domain,2.672581095,14.47728827,7,N,2.714789366,1.470611549,0.969712144,N,0.110185104,1,NA,NA,NA,363 N,1,0
299,363,E2: C domain,2.672581095,14.47728827,7,N,2.714789366,1.470611549,0.969712144,P,0.048930213,1,9.77E-05,7.30E-05,5.57E-05,363 P,0,-0.202899024
299,363,E2: C domain,2.672581095,14.47728827,7,N,2.714789366,1.470611549,0.969712144,Q,0.047550739,1,9.77E-05,7.30E-05,5.57E-05,363 Q,0,-0.199227158
299,363,E2: C domain,2.672581095,14.47728827,7,N,2.714789366,1.470611549,0.969712144,R,0.000169841,1,9.77E-05,7.30E-05,5.57E-05,363 R,0,0.036396575
299,363,E2: C domain,2.672581095,14.47728827,7,N,2.714789366,1.470611549,0.969712144,S,0.076416312,1,0.371001534,-0.169179191,0.180334038,363 S,1,-0.043338655
299,363,E2: C domain,2.672581095,14.47728827,7,N,2.714789366,1.470611549,0.969712144,T,0.044647519,1,9.77E-05,7.30E-05,5.57E-05,363 T,0,0.040083907
299,363,E2: C domain,2.672581095,14.47728827,7,N,2.714789366,1.470611549,0.969712144,V,0.140998064,1,0.041955775,0.537735943,0.17973182,363 V,1,0.588261395
299,363,E2: C domain,2.672581095,14.47728827,7,N,2.714789366,1.470611549,0.969712144,W,0.033009712,1,0.356931377,0.203032493,0.495626676,363 W,1,-1.32606248
299,363,E2: C domain,2.672581095,14.47728827,7,N,2.714789366,1.470611549,0.969712144,Y,0.049495597,1,9.77E-05,7.30E-05,5.57E-05,363 Y,0,0.437194758
300,364,E2: C domain,1.718641025,5.576944386,4,M,0,0,0.522057037,A,5.09E-06,1,-4.10E-05,-4.60E-05,1.59E-05,364 A,0,-0.02662024
300,364,E2: C domain,1.718641025,5.576944386,4,M,0,0,0.522057037,C,0.050374114,1,-4.10E-05,-4.60E-05,1.59E-05,364 C,0,-0.208693488
300,364,E2: C domain,1.718641025,5.576944386,4,M,0,0,0.522057037,D,0.048963931,1,-4.10E-05,-4.60E-05,1.59E-05,364 D,0,-0.083583193
300,364,E2: C domain,1.718641025,5.576944386,4,M,0,0,0.522057037,E,1.20E-05,1,-4.10E-05,-4.60E-05,1.59E-05,364 E,0,-0.143255293
300,364,E2: C domain,1.718641025,5.576944386,4,M,0,0,0.522057037,F,0.05088721,1,-4.10E-05,-4.60E-05,1.59E-05,364 F,0,-0.645009846
300,364,E2: C domain,1.718641025,5.576944386,4,M,0,0,0.522057037,G,5.90E-05,1,-4.10E-05,-4.60E-05,1.59E-05,364 G,0,0.318963787
300,364,E2: C domain,1.718641025,5.576944386,4,M,0,0,0.522057037,H,0.050736931,1,-4.10E-05,-4.60E-05,1.59E-05,364 H,0,-0.357256666
300,364,E2: C domain,1.718641025,5.576944386,4,M,0,0,0.522057037,I,9.91E-06,1,-4.10E-05,-4.60E-05,1.59E-05,364 I,1,-0.164275309
300,364,E2: C domain,1.718641025,5.576944386,4,M,0,0,0.522057037,K,0.050405895,1,-4.10E-05,-4.60E-05,1.59E-05,364 K,0,-0.402772895
300,364,E2: C domain,1.718641025,5.576944386,4,M,0,0,0.522057037,L,0.04933295,1,-4.10E-05,-4.60E-05,1.59E-05,364 L,0,-0.110950236
300,364,E2: C domain,1.718641025,5.576944386,4,M,0,0,0.522057037,M,0.019254148,1,NA,NA,NA,364 M,1,0
300,364,E2: C domain,1.718641025,5.576944386,4,M,0,0,0.522057037,N,1.57E-05,1,-4.10E-05,-4.60E-05,1.59E-05,364 N,0,0.187115846
300,364,E2: C domain,1.718641025,5.576944386,4,M,0,0,0.522057037,P,0.0496502,1,-4.10E-05,-4.60E-05,1.59E-05,364 P,0,-0.062451116
300,364,E2: C domain,1.718641025,5.576944386,4,M,0,0,0.522057037,Q,0.547405437,1,-2.979083844,-0.301367974,0.391306195,364 Q,1,0.460089005
300,364,E2: C domain,1.718641025,5.576944386,4,M,0,0,0.522057037,R,6.26E-05,1,-4.10E-05,-4.60E-05,1.59E-05,364 R,0,-0.404304695
300,364,E2: C domain,1.718641025,5.576944386,4,M,0,0,0.522057037,S,1.09E-05,1,-4.10E-05,-4.60E-05,1.59E-05,364 S,0,-0.143258114
300,364,E2: C domain,1.718641025,5.576944386,4,M,0,0,0.522057037,T,8.36E-06,1,-0.007984535,-0.452827336,0.130495851,364 T,0,0.00926653
300,364,E2: C domain,1.718641025,5.576944386,4,M,0,0,0.522057037,V,0.031917226,1,-2.137963527,-2.480484691,-2.294711489,364 V,1,0.403402429
300,364,E2: C domain,1.718641025,5.576944386,4,M,0,0,0.522057037,W,2.06E-05,1,-4.10E-05,-4.60E-05,1.59E-05,364 W,0,-0.765341295
300,364,E2: C domain,1.718641025,5.576944386,4,M,0,0,0.522057037,Y,0.050867774,1,-4.10E-05,-4.60E-05,1.59E-05,364 Y,0,0.997689366
301,365,E2: C domain,1.952096414,7.043438074,5,G,0.281169267,0.011833111,0,A,0.045551688,1,1.15E-05,-3.15E-06,-1.90E-05,365 A,0,-0.00037885
301,365,E2: C domain,1.952096414,7.043438074,5,G,0.281169267,0.011833111,0,C,0.049804786,1,1.15E-05,-3.15E-06,-1.90E-05,365 C,0,-0.279969715
301,365,E2: C domain,1.952096414,7.043438074,5,G,0.281169267,0.011833111,0,D,0.048311789,1,1.15E-05,-3.15E-06,-1.90E-05,365 D,0,-0.085345757
301,365,E2: C domain,1.952096414,7.043438074,5,G,0.281169267,0.011833111,0,E,0.006718997,1,1.15E-05,-3.15E-06,-1.90E-05,365 E,1,-0.328293909
301,365,E2: C domain,1.952096414,7.043438074,5,G,0.281169267,0.011833111,0,F,0.000412925,1,1.15E-05,-3.15E-06,-1.90E-05,365 F,0,-0.441301248
301,365,E2: C domain,1.952096414,7.043438074,5,G,0.281169267,0.011833111,0,G,0.317139504,1,NA,NA,NA,365 G,1,0
301,365,E2: C domain,1.952096414,7.043438074,5,G,0.281169267,0.011833111,0,H,0.001275404,1,1.15E-05,-3.15E-06,-1.90E-05,365 H,0,-0.119384225
301,365,E2: C domain,1.952096414,7.043438074,5,G,0.281169267,0.011833111,0,I,0.0488847,1,1.15E-05,-3.15E-06,-1.90E-05,365 I,0,-0.08111012
301,365,E2: C domain,1.952096414,7.043438074,5,G,0.281169267,0.011833111,0,K,0.202213817,1,0.280973914,-0.132228447,-0.340827499,365 K,1,2.458704004
301,365,E2: C domain,1.952096414,7.043438074,5,G,0.281169267,0.011833111,0,L,0.000844058,1,1.15E-05,-3.15E-06,-1.90E-05,365 L,0,0.065269936
301,365,E2: C domain,1.952096414,7.043438074,5,G,0.281169267,0.011833111,0,M,0.000348512,1,1.15E-05,-3.15E-06,-1.90E-05,365 M,0,-0.109234454
301,365,E2: C domain,1.952096414,7.043438074,5,G,0.281169267,0.011833111,0,N,0.00046129,1,1.15E-05,-3.15E-06,-1.90E-05,365 N,0,0.25183147
301,365,E2: C domain,1.952096414,7.043438074,5,G,0.281169267,0.011833111,0,P,0.001217038,1,1.15E-05,-3.15E-06,-1.90E-05,365 P,0,0.269712024
301,365,E2: C domain,1.952096414,7.043438074,5,G,0.281169267,0.011833111,0,Q,0.177278039,1,-0.049472551,0.011833111,-0.120535093,365 Q,1,0.202817917
301,365,E2: C domain,1.952096414,7.043438074,5,G,0.281169267,0.011833111,0,R,0.050977578,1,1.15E-05,-3.15E-06,-1.90E-05,365 R,1,0.614568613
301,365,E2: C domain,1.952096414,7.043438074,5,G,0.281169267,0.011833111,0,S,0.001091174,1,1.15E-05,-3.15E-06,-1.90E-05,365 S,0,-0.559469224
301,365,E2: C domain,1.952096414,7.043438074,5,G,0.281169267,0.011833111,0,T,0.000474816,1,1.15E-05,-3.15E-06,-1.90E-05,365 T,0,-0.675962638
301,365,E2: C domain,1.952096414,7.043438074,5,G,0.281169267,0.011833111,0,V,0.000144348,1,1.15E-05,-3.15E-06,-1.90E-05,365 V,0,1.442072906
301,365,E2: C domain,1.952096414,7.043438074,5,G,0.281169267,0.011833111,0,W,9.10E-05,1,1.15E-05,-3.15E-06,-1.90E-05,365 W,0,7.44928E-05
301,365,E2: C domain,1.952096414,7.043438074,5,G,0.281169267,0.011833111,0,Y,0.046758506,1,1.15E-05,-3.15E-06,-1.90E-05,365 Y,0,-0.300672346
302,366,E2: C domain,2.60450984,13.52459446,9,E,0.677251839,1.845483253,0.838052779,A,0.048259745,1,-3.25E-06,-3.74E-05,2.50E-05,366 A,0,0.98819697
302,366,E2: C domain,2.60450984,13.52459446,9,E,0.677251839,1.845483253,0.838052779,C,0.026726237,1,-6.236260993,-6.260798605,-3.037367384,366 C,1,3.477480423
302,366,E2: C domain,2.60450984,13.52459446,9,E,0.677251839,1.845483253,0.838052779,D,0.04445287,1,-3.25E-06,-3.74E-05,2.50E-05,366 D,0,-0.048131137
302,366,E2: C domain,2.60450984,13.52459446,9,E,0.677251839,1.845483253,0.838052779,E,0.0542612,1,NA,NA,NA,366 E,1,0
302,366,E2: C domain,2.60450984,13.52459446,9,E,0.677251839,1.845483253,0.838052779,F,9.52E-05,1,-3.25E-06,-3.74E-05,2.50E-05,366 F,0,0.238486537
302,366,E2: C domain,2.60450984,13.52459446,9,E,0.677251839,1.845483253,0.838052779,G,0.098066665,1,0.430986082,0.388669941,0.196346514,366 G,1,-0.076142562
302,366,E2: C domain,2.60450984,13.52459446,9,E,0.677251839,1.845483253,0.838052779,H,0.000300833,1,-3.25E-06,-3.74E-05,2.50E-05,366 H,0,-0.462742242
302,366,E2: C domain,2.60450984,13.52459446,9,E,0.677251839,1.845483253,0.838052779,I,0.046822342,1,-3.25E-06,-3.74E-05,2.50E-05,366 I,0,-0.409412756
302,366,E2: C domain,2.60450984,13.52459446,9,E,0.677251839,1.845483253,0.838052779,K,0.203336364,1,-1.329868305,-0.3475739,-0.402248775,366 K,1,-0.666060806
302,366,E2: C domain,2.60450984,13.52459446,9,E,0.677251839,1.845483253,0.838052779,L,0.083322585,1,-0.020387275,0.228136163,-0.237783272,366 L,1,2.257619967
302,366,E2: C domain,2.60450984,13.52459446,9,E,0.677251839,1.845483253,0.838052779,M,0.03449892,1,-0.140900576,0.429166906,-0.334173018,366 M,1,-3.166730783
302,366,E2: C domain,2.60450984,13.52459446,9,E,0.677251839,1.845483253,0.838052779,N,0.111372913,1,-0.065142251,-0.685973862,0.334331791,366 N,1,0.412044237
302,366,E2: C domain,2.60450984,13.52459446,9,E,0.677251839,1.845483253,0.838052779,P,0.041594609,1,-3.25E-06,-3.74E-05,2.50E-05,366 P,0,-0.548337471
302,366,E2: C domain,2.60450984,13.52459446,9,E,0.677251839,1.845483253,0.838052779,Q,0.043004753,1,-3.25E-06,-3.74E-05,2.50E-05,366 Q,0,0.212852199
302,366,E2: C domain,2.60450984,13.52459446,9,E,0.677251839,1.845483253,0.838052779,R,0.006826506,1,-0.338221447,0.799510242,-0.005936874,366 R,1,1.152637901
302,366,E2: C domain,2.60450984,13.52459446,9,E,0.677251839,1.845483253,0.838052779,S,0.015607,1,0.246265757,-2.866983924,0.307099309,366 S,1,2.823898269
302,366,E2: C domain,2.60450984,13.52459446,9,E,0.677251839,1.845483253,0.838052779,T,7.21E-05,1,-3.25E-06,-3.74E-05,2.50E-05,366 T,0,-0.686138606
302,366,E2: C domain,2.60450984,13.52459446,9,E,0.677251839,1.845483253,0.838052779,V,0.047716648,1,-3.25E-06,-3.74E-05,2.50E-05,366 V,0,0.249262543
302,366,E2: C domain,2.60450984,13.52459446,9,E,0.677251839,1.845483253,0.838052779,W,0.044143306,1,-3.25E-06,-3.74E-05,2.50E-05,366 W,0,0.93620515
302,366,E2: C domain,2.60450984,13.52459446,9,E,0.677251839,1.845483253,0.838052779,Y,0.049519188,1,-3.25E-06,-3.74E-05,2.50E-05,366 Y,0,-0.10711867
303,367,E2: C domain,2.158346684,8.656813376,9,E,3.863061333,2.735466483,3.406719318,A,0.075669453,1,0.140741263,-0.242096052,-0.17175257,367 A,1,0.033873931
303,367,E2: C domain,2.158346684,8.656813376,9,E,3.863061333,2.735466483,3.406719318,C,0.202237534,1,0.404991547,-0.77147151,-0.096013235,367 C,1,-0.295880175
303,367,E2: C domain,2.158346684,8.656813376,9,E,3.863061333,2.735466483,3.406719318,D,0.056533832,1,0.000316445,-0.000372558,0.000183261,367 D,0,1.330555889
303,367,E2: C domain,2.158346684,8.656813376,9,E,3.863061333,2.735466483,3.406719318,E,0.059708833,1,NA,NA,NA,367 E,1,0
303,367,E2: C domain,2.158346684,8.656813376,9,E,3.863061333,2.735466483,3.406719318,F,0.000287872,1,0.000316445,-0.000372558,0.000183261,367 F,0,-0.158932062
303,367,E2: C domain,2.158346684,8.656813376,9,E,3.863061333,2.735466483,3.406719318,G,0.047323953,1,0.409172686,0.219641049,0.536432015,367 G,1,-0.280325362
303,367,E2: C domain,2.158346684,8.656813376,9,E,3.863061333,2.735466483,3.406719318,H,0.100427721,1,0.13953997,-0.008029335,0.164826019,367 H,1,-0.262928085
303,367,E2: C domain,2.158346684,8.656813376,9,E,3.863061333,2.735466483,3.406719318,I,5.64E-05,1,0.000316445,-0.000372558,0.000183261,367 I,0,-0.626062706
303,367,E2: C domain,2.158346684,8.656813376,9,E,3.863061333,2.735466483,3.406719318,K,0.010556937,1,-0.343417622,-0.565317683,0.092265091,367 K,1,-0.027364873
303,367,E2: C domain,2.158346684,8.656813376,9,E,3.863061333,2.735466483,3.406719318,L,5.28E-05,1,0.000316445,-0.000372558,0.000183261,367 L,0,-0.787951862
303,367,E2: C domain,2.158346684,8.656813376,9,E,3.863061333,2.735466483,3.406719318,M,0.000338315,1,0.000316445,-0.000372558,0.000183261,367 M,0,-0.25248266
303,367,E2: C domain,2.158346684,8.656813376,9,E,3.863061333,2.735466483,3.406719318,N,3.58E-05,1,0.000316445,-0.000372558,0.000183261,367 N,0,-1.171636198
303,367,E2: C domain,2.158346684,8.656813376,9,E,3.863061333,2.735466483,3.406719318,P,0.013038925,1,2.650881261,2.515825433,2.532639335,367 P,1,1.203203961
303,367,E2: C domain,2.158346684,8.656813376,9,E,3.863061333,2.735466483,3.406719318,Q,0.00055865,1,0.000316445,-0.000372558,0.000183261,367 Q,0,-0.453727385
303,367,E2: C domain,2.158346684,8.656813376,9,E,3.863061333,2.735466483,3.406719318,R,0.000136716,1,0.000316445,-0.000372558,0.000183261,367 R,0,0.822686307
303,367,E2: C domain,2.158346684,8.656813376,9,E,3.863061333,2.735466483,3.406719318,S,0.020032761,1,0.11425371,-0.341156849,0.078540992,367 S,1,0.161956449
303,367,E2: C domain,2.158346684,8.656813376,9,E,3.863061333,2.735466483,3.406719318,T,0.296406456,1,-0.199269914,-0.720263838,-0.111469425,367 T,1,0.380300495
303,367,E2: C domain,2.158346684,8.656813376,9,E,3.863061333,2.735466483,3.406719318,V,0.038811126,1,0.000316445,-0.000372558,0.000183261,367 V,0,-0.545684276
303,367,E2: C domain,2.158346684,8.656813376,9,E,3.863061333,2.735466483,3.406719318,W,0.037327157,1,0.000316445,-0.000372558,0.000183261,367 W,0,-0.197028863
303,367,E2: C domain,2.158346684,8.656813376,9,E,3.863061333,2.735466483,3.406719318,Y,0.040458842,1,0.000316445,-0.000372558,0.000183261,367 Y,0,-1.743823363
304,368,E2: C domain,1.992430818,7.333338126,4,P,2.600408388,0.19362348,2.168976964,A,0.000820954,1,2.298465073,-0.000120647,2.167921612,368 A,0,1.801692135
304,368,E2: C domain,1.992430818,7.333338126,4,P,2.600408388,0.19362348,2.168976964,C,0.138707878,1,0.250855823,-1.285387224,-0.156162339,368 C,1,-0.345553143
304,368,E2: C domain,1.992430818,7.333338126,4,P,2.600408388,0.19362348,2.168976964,D,9.61E-05,1,-2.50E-06,-0.000120647,-0.000135121,368 D,0,-1.063309378
304,368,E2: C domain,1.992430818,7.333338126,4,P,2.600408388,0.19362348,2.168976964,E,0.000643543,1,-2.50E-06,-0.000120647,-0.000135121,368 E,0,1.108000687
304,368,E2: C domain,1.992430818,7.333338126,4,P,2.600408388,0.19362348,2.168976964,F,0.00015397,1,-2.50E-06,-0.000120647,-0.000135121,368 F,0,-0.38946103
304,368,E2: C domain,1.992430818,7.333338126,4,P,2.600408388,0.19362348,2.168976964,G,8.01E-05,1,-2.50E-06,-0.000120647,-0.000135121,368 G,0,0.031170346
304,368,E2: C domain,1.992430818,7.333338126,4,P,2.600408388,0.19362348,2.168976964,H,0.046932141,1,-2.50E-06,-0.000120647,-0.000135121,368 H,0,-0.380017902
304,368,E2: C domain,1.992430818,7.333338126,4,P,2.600408388,0.19362348,2.168976964,I,0.116436128,1,-0.867613394,-0.733144788,-0.098334312,368 I,1,-1.967150781
304,368,E2: C domain,1.992430818,7.333338126,4,P,2.600408388,0.19362348,2.168976964,K,0.062304517,1,-2.50E-06,-0.000120647,-0.000135121,368 K,0,-0.02687337
304,368,E2: C domain,1.992430818,7.333338126,4,P,2.600408388,0.19362348,2.168976964,L,5.44E-05,1,0.051087492,0.012077985,-3.905099554,368 L,0,-0.249618163
304,368,E2: C domain,1.992430818,7.333338126,4,P,2.600408388,0.19362348,2.168976964,M,0.059187603,1,-2.50E-06,-0.000120647,-0.000135121,368 M,0,0.40307395
304,368,E2: C domain,1.992430818,7.333338126,4,P,2.600408388,0.19362348,2.168976964,N,0.055211405,1,-2.50E-06,-0.000120647,-0.000135121,368 N,0,-0.30313275
304,368,E2: C domain,1.992430818,7.333338126,4,P,2.600408388,0.19362348,2.168976964,P,0.153311127,1,NA,NA,NA,368 P,1,0
304,368,E2: C domain,1.992430818,7.333338126,4,P,2.600408388,0.19362348,2.168976964,Q,2.56E-06,1,-2.50E-06,-0.000120647,-0.000135121,368 Q,0,-5.15908E-05
304,368,E2: C domain,1.992430818,7.333338126,4,P,2.600408388,0.19362348,2.168976964,R,7.16E-05,1,-2.50E-06,-0.000120647,-0.000135121,368 R,0,-0.125938549
304,368,E2: C domain,1.992430818,7.333338126,4,P,2.600408388,0.19362348,2.168976964,S,0.313685089,1,-0.04640031,0.181545495,0.001055352,368 S,1,0.736243239
304,368,E2: C domain,1.992430818,7.333338126,4,P,2.600408388,0.19362348,2.168976964,T,0.000352596,1,-2.50E-06,-0.000120647,-0.000135121,368 T,0,-1.323460794
304,368,E2: C domain,1.992430818,7.333338126,4,P,2.600408388,0.19362348,2.168976964,V,9.53E-05,1,-2.50E-06,-0.000120647,-0.000135121,368 V,0,-0.350543317
304,368,E2: C domain,1.992430818,7.333338126,4,P,2.600408388,0.19362348,2.168976964,W,0.000173362,1,-2.50E-06,-0.000120647,-0.000135121,368 W,0,-0.358618087
304,368,E2: C domain,1.992430818,7.333338126,4,P,2.600408388,0.19362348,2.168976964,Y,0.051679461,1,-2.50E-06,-0.000120647,-0.000135121,368 Y,0,-0.003377205
305,369,E2: C domain,1.998491497,7.377918087,7,N,0.767765255,0.488146995,2.528699768,A,9.54E-05,1,-0.000457864,-0.001384498,-0.000899538,369 A,0,-1.025664527
305,369,E2: C domain,1.998491497,7.377918087,7,N,0.767765255,0.488146995,2.528699768,C,0.000190876,1,-0.000457864,-0.001384498,2.208850119,369 C,0,-0.151868598
305,369,E2: C domain,1.998491497,7.377918087,7,N,0.767765255,0.488146995,2.528699768,D,0.052237253,1,0.008203807,-0.636535177,0.158956157,369 D,1,1.081249418
305,369,E2: C domain,1.998491497,7.377918087,7,N,0.767765255,0.488146995,2.528699768,E,0.047558088,1,-0.000457864,-0.001384498,-0.000899538,369 E,0,0.315944238
305,369,E2: C domain,1.998491497,7.377918087,7,N,0.767765255,0.488146995,2.528699768,F,5.52E-05,1,-0.000457864,-0.001384498,-0.000899538,369 F,0,-0.592573236
305,369,E2: C domain,1.998491497,7.377918087,7,N,0.767765255,0.488146995,2.528699768,G,0.356277926,1,-0.750056596,-4.486247772,-1.494525884,369 G,1,-0.270060379
305,369,E2: C domain,1.998491497,7.377918087,7,N,0.767765255,0.488146995,2.528699768,H,0.000215358,1,-0.000457864,-0.001384498,-0.000899538,369 H,0,0.508071423
305,369,E2: C domain,1.998491497,7.377918087,7,N,0.767765255,0.488146995,2.528699768,I,2.23E-05,1,-0.000457864,-0.001384498,-0.000899538,369 I,0,1.677628468
305,369,E2: C domain,1.998491497,7.377918087,7,N,0.767765255,0.488146995,2.528699768,K,0.053282449,1,-0.000457864,-0.001384498,-0.000899538,369 K,0,-0.450426708
305,369,E2: C domain,1.998491497,7.377918087,7,N,0.767765255,0.488146995,2.528699768,L,0.015848193,1,0.657035422,0.26493112,0.07175314,369 L,1,-0.759674886
305,369,E2: C domain,1.998491497,7.377918087,7,N,0.767765255,0.488146995,2.528699768,M,0.057577973,1,-0.000457864,-0.001384498,-0.000899538,369 M,0,0.084538187
305,369,E2: C domain,1.998491497,7.377918087,7,N,0.767765255,0.488146995,2.528699768,N,0.081561895,1,NA,NA,NA,369 N,1,0
305,369,E2: C domain,1.998491497,7.377918087,7,N,0.767765255,0.488146995,2.528699768,P,3.54E-05,1,-0.000457864,-0.001384498,-0.000899538,369 P,0,0.243051577
305,369,E2: C domain,1.998491497,7.377918087,7,N,0.767765255,0.488146995,2.528699768,Q,0.000179818,1,-0.000457864,-0.001384498,-0.000899538,369 Q,0,-0.010244143
305,369,E2: C domain,1.998491497,7.377918087,7,N,0.767765255,0.488146995,2.528699768,R,0.204334617,1,-0.088112972,0.223215875,-0.03044148,369 R,1,0.16294664
305,369,E2: C domain,1.998491497,7.377918087,7,N,0.767765255,0.488146995,2.528699768,S,0.038484948,1,-0.852158833,-1.007618981,-0.199665695,369 S,1,-0.684988662
305,369,E2: C domain,1.998491497,7.377918087,7,N,0.767765255,0.488146995,2.528699768,T,4.41E-05,1,-0.000457864,-0.001384498,-0.000899538,369 T,0,-0.533152211
305,369,E2: C domain,1.998491497,7.377918087,7,N,0.767765255,0.488146995,2.528699768,V,0.045867927,1,0.102526025,-0.622757898,0.089140353,369 V,1,0.082494004
305,369,E2: C domain,1.998491497,7.377918087,7,N,0.767765255,0.488146995,2.528699768,W,5.74E-05,1,-0.000457864,-0.001384498,-0.000899538,369 W,0,-0.049560691
305,369,E2: C domain,1.998491497,7.377918087,7,N,0.767765255,0.488146995,2.528699768,Y,0.046072828,1,-0.000457864,-0.001384498,-0.000899538,369 Y,0,-0.428576366
306,370,E2: C domain,1.389198498,4.011633431,7,Y,4.04325124,3.181796197,0.066681633,A,0.004713199,1,0.511084414,0.466126488,0.066681633,370 A,1,0.298251595
306,370,E2: C domain,1.389198498,4.011633431,7,Y,4.04325124,3.181796197,0.066681633,C,0.650494394,1,-0.476584891,-0.901139847,-0.971554903,370 C,1,0.67435245
306,370,E2: C domain,1.389198498,4.011633431,7,Y,4.04325124,3.181796197,0.066681633,D,0.048134582,1,-0.000625776,-0.000809995,-0.000706653,370 D,0,2.471393942
306,370,E2: C domain,1.389198498,4.011633431,7,Y,4.04325124,3.181796197,0.066681633,E,0.049077581,1,-0.000625776,-0.000809995,-0.000706653,370 E,0,0.911011225
306,370,E2: C domain,1.389198498,4.011633431,7,Y,4.04325124,3.181796197,0.066681633,F,0.050269481,1,-2.180877095,-2.181558256,-0.021797336,370 F,0,-0.555632224
306,370,E2: C domain,1.389198498,4.011633431,7,Y,4.04325124,3.181796197,0.066681633,G,1.00E-05,1,3.532166826,2.715669709,-0.000706653,370 G,0,-0.480315115
306,370,E2: C domain,1.389198498,4.011633431,7,Y,4.04325124,3.181796197,0.066681633,H,0.052133457,1,-0.000625776,-0.000809995,-0.000706653,370 H,0,-2.390651046
306,370,E2: C domain,1.389198498,4.011633431,7,Y,4.04325124,3.181796197,0.066681633,I,0.000717518,1,-0.283844905,-2.773378441,-0.052320697,370 I,1,-0.478796098
306,370,E2: C domain,1.389198498,4.011633431,7,Y,4.04325124,3.181796197,0.066681633,K,0.055479759,1,-0.000625776,-0.000809995,-0.000706653,370 K,0,-1.438645825
306,370,E2: C domain,1.389198498,4.011633431,7,Y,4.04325124,3.181796197,0.066681633,L,5.02E-06,1,-0.000625776,-0.000809995,-0.000706653,370 L,0,-0.440286583
306,370,E2: C domain,1.389198498,4.011633431,7,Y,4.04325124,3.181796197,0.066681633,M,0.007544864,1,-0.465455001,-0.413560212,-0.389626051,370 M,1,-0.436988949
306,370,E2: C domain,1.389198498,4.011633431,7,Y,4.04325124,3.181796197,0.066681633,N,0.053776262,1,-4.313533144,-4.329015769,-4.333729868,370 N,0,-0.491874213
306,370,E2: C domain,1.389198498,4.011633431,7,Y,4.04325124,3.181796197,0.066681633,P,0.003386705,1,-0.255085429,-0.876037654,-0.009006969,370 P,1,-0.276513916
306,370,E2: C domain,1.389198498,4.011633431,7,Y,4.04325124,3.181796197,0.066681633,Q,0.015057908,1,-1.176737355,-1.728495163,-1.171929704,370 Q,1,0.876850104
306,370,E2: C domain,1.389198498,4.011633431,7,Y,4.04325124,3.181796197,0.066681633,R,3.32E-06,1,-0.000625776,-0.000809995,-0.000706653,370 R,0,-1.188660055
306,370,E2: C domain,1.389198498,4.011633431,7,Y,4.04325124,3.181796197,0.066681633,S,2.87E-05,1,-0.000625776,-0.000809995,-0.000706653,370 S,0,-0.464893542
306,370,E2: C domain,1.389198498,4.011633431,7,Y,4.04325124,3.181796197,0.066681633,T,6.53E-06,1,-0.000625776,-0.000809995,-0.000706653,370 T,0,-0.533606833
306,370,E2: C domain,1.389198498,4.011633431,7,Y,4.04325124,3.181796197,0.066681633,V,2.81E-06,1,-0.000625776,-0.000809995,-0.000706653,370 V,0,0.25618543
306,370,E2: C domain,1.389198498,4.011633431,7,Y,4.04325124,3.181796197,0.066681633,W,2.86E-05,1,-0.000625776,-0.000809995,-0.000706653,370 W,0,0.000148344
306,370,E2: C domain,1.389198498,4.011633431,7,Y,4.04325124,3.181796197,0.066681633,Y,0.009129238,1,NA,NA,NA,370 Y,1,0
307,371,E2: C domain,2.234381744,9.340705124,9,Q,0.411814213,3.452141068,0.101108293,A,3.00E-05,1,-0.000358083,-0.00185995,-0.000533474,371 A,0,-0.434385905
307,371,E2: C domain,2.234381744,9.340705124,9,Q,0.411814213,3.452141068,0.101108293,C,0.114744516,1,-0.333591444,-1.333676017,-0.492355323,371 C,1,0.953958132
307,371,E2: C domain,2.234381744,9.340705124,9,Q,0.411814213,3.452141068,0.101108293,D,0.044411183,1,-0.000358083,-0.00185995,-0.000533474,371 D,0,-0.796456856
307,371,E2: C domain,2.234381744,9.340705124,9,Q,0.411814213,3.452141068,0.101108293,E,0.000287446,1,-0.000358083,-0.00185995,-0.000533474,371 E,0,1.028056933
307,371,E2: C domain,2.234381744,9.340705124,9,Q,0.411814213,3.452141068,0.101108293,F,0.055833063,1,-1.001033339,-3.91593079,-1.42488762,371 F,1,1.258040057
307,371,E2: C domain,2.234381744,9.340705124,9,Q,0.411814213,3.452141068,0.101108293,G,0.352663891,1,-0.002915727,-1.896930611,0.063522634,371 G,1,0.140872937
307,371,E2: C domain,2.234381744,9.340705124,9,Q,0.411814213,3.452141068,0.101108293,H,0.049125999,1,-0.000358083,-0.00185995,-0.000533474,371 H,0,-2.575214444
307,371,E2: C domain,2.234381744,9.340705124,9,Q,0.411814213,3.452141068,0.101108293,I,8.72E-05,1,-0.000358083,-0.00185995,-0.000533474,371 I,0,-0.014959758
307,371,E2: C domain,2.234381744,9.340705124,9,Q,0.411814213,3.452141068,0.101108293,K,0.048307059,1,-0.770436501,-3.680111038,-3.23405114,371 K,0,-0.39697961
307,371,E2: C domain,2.234381744,9.340705124,9,Q,0.411814213,3.452141068,0.101108293,L,0.025137885,1,-0.373699738,-1.137644196,-0.875232585,371 L,1,-0.964183304
307,371,E2: C domain,2.234381744,9.340705124,9,Q,0.411814213,3.452141068,0.101108293,M,4.39E-05,1,-0.000358083,-0.00185995,-0.000533474,371 M,0,-0.223200018
307,371,E2: C domain,2.234381744,9.340705124,9,Q,0.411814213,3.452141068,0.101108293,N,0.052261589,1,-0.000358083,-0.00185995,-0.000533474,371 N,0,-0.317871089
307,371,E2: C domain,2.234381744,9.340705124,9,Q,0.411814213,3.452141068,0.101108293,P,1.50E-05,1,-0.000358083,-0.00185995,-0.000533474,371 P,0,-1.470510839
307,371,E2: C domain,2.234381744,9.340705124,9,Q,0.411814213,3.452141068,0.101108293,Q,0.050595387,1,NA,NA,NA,371 Q,1,0
307,371,E2: C domain,2.234381744,9.340705124,9,Q,0.411814213,3.452141068,0.101108293,R,0.06376553,1,0.057732238,0.274047975,0.037585658,371 R,1,0.001212297
307,371,E2: C domain,2.234381744,9.340705124,9,Q,0.411814213,3.452141068,0.101108293,S,0.00306614,1,-2.451278591,2.986163166,-2.476839797,371 S,1,-0.872444826
307,371,E2: C domain,2.234381744,9.340705124,9,Q,0.411814213,3.452141068,0.101108293,T,0.045473727,1,-0.642077706,-3.771524559,-0.9073559,371 T,1,0.970243733
307,371,E2: C domain,2.234381744,9.340705124,9,Q,0.411814213,3.452141068,0.101108293,V,0.04566287,1,0.354081976,0.191929927,-0.134536821,371 V,1,0.164775808
307,371,E2: C domain,2.234381744,9.340705124,9,Q,0.411814213,3.452141068,0.101108293,W,0.048306377,1,-0.000358083,-0.00185995,-0.000533474,371 W,0,0.346731053
307,371,E2: C domain,2.234381744,9.340705124,9,Q,0.411814213,3.452141068,0.101108293,Y,0.000181311,1,-2.680963725,-0.276932506,-2.700119021,371 Y,0,-0.364560055
308,372,E2: C domain,2.288753981,9.862640986,6,E,1.070031369,0.121681064,0.51097458,A,0.000151625,1,0.000111496,-3.18E-05,1.16E-05,372 A,0,-0.752122193
308,372,E2: C domain,2.288753981,9.862640986,6,E,1.070031369,0.121681064,0.51097458,C,0.041866629,1,0.000111496,-3.18E-05,1.16E-05,372 C,0,-0.354766974
308,372,E2: C domain,2.288753981,9.862640986,6,E,1.070031369,0.121681064,0.51097458,D,0.054114412,1,0.000111496,-3.18E-05,1.16E-05,372 D,0,-0.460945744
308,372,E2: C domain,2.288753981,9.862640986,6,E,1.070031369,0.121681064,0.51097458,E,0.165085839,1,NA,NA,NA,372 E,1,0
308,372,E2: C domain,2.288753981,9.862640986,6,E,1.070031369,0.121681064,0.51097458,F,0.065624271,1,-0.514364343,-0.46779546,-0.509171946,372 F,1,-0.673590322
308,372,E2: C domain,2.288753981,9.862640986,6,E,1.070031369,0.121681064,0.51097458,G,0.032780683,1,0.343887285,-0.803089265,0.066075252,372 G,1,0.322456214
308,372,E2: C domain,2.288753981,9.862640986,6,E,1.070031369,0.121681064,0.51097458,H,0.051540246,1,0.000111496,-3.18E-05,1.16E-05,372 H,0,-1.690185285
308,372,E2: C domain,2.288753981,9.862640986,6,E,1.070031369,0.121681064,0.51097458,I,9.75E-05,1,0.000111496,-3.18E-05,1.16E-05,372 I,0,1.252247834
308,372,E2: C domain,2.288753981,9.862640986,6,E,1.070031369,0.121681064,0.51097458,K,0.054594665,1,0.000111496,-3.18E-05,1.16E-05,372 K,0,-0.911745014
308,372,E2: C domain,2.288753981,9.862640986,6,E,1.070031369,0.121681064,0.51097458,L,0.064120053,1,0.724583133,0.111099879,0.119785411,372 L,1,-0.48931159
308,372,E2: C domain,2.288753981,9.862640986,6,E,1.070031369,0.121681064,0.51097458,M,0.042909902,1,0.000111496,-3.18E-05,1.16E-05,372 M,0,-0.527443109
308,372,E2: C domain,2.288753981,9.862640986,6,E,1.070031369,0.121681064,0.51097458,N,4.92E-05,1,0.000111496,-3.18E-05,1.16E-05,372 N,0,-0.715128479
308,372,E2: C domain,2.288753981,9.862640986,6,E,1.070031369,0.121681064,0.51097458,P,0.00018427,1,0.000111496,-3.18E-05,1.16E-05,372 P,0,-0.279152528
308,372,E2: C domain,2.288753981,9.862640986,6,E,1.070031369,0.121681064,0.51097458,Q,0.145566653,1,-0.013653756,0.010581185,-0.087262311,372 Q,1,0.463295694
308,372,E2: C domain,2.288753981,9.862640986,6,E,1.070031369,0.121681064,0.51097458,R,0.00014542,1,0.000111496,-3.18E-05,1.16E-05,372 R,0,-0.330098386
308,372,E2: C domain,2.288753981,9.862640986,6,E,1.070031369,0.121681064,0.51097458,S,4.03E-05,1,0.000111496,-3.18E-05,1.16E-05,372 S,0,-0.459579794
308,372,E2: C domain,2.288753981,9.862640986,6,E,1.070031369,0.121681064,0.51097458,T,0.000109036,1,0.000111496,-3.18E-05,1.16E-05,372 T,0,0.070429104
308,372,E2: C domain,2.288753981,9.862640986,6,E,1.070031369,0.121681064,0.51097458,V,0.000770399,1,0.000111496,-3.18E-05,1.16E-05,372 V,0,0.029717604
308,372,E2: C domain,2.288753981,9.862640986,6,E,1.070031369,0.121681064,0.51097458,W,0.226118208,1,-0.070827102,-0.138436428,0.324951213,372 W,1,3.147014998
308,372,E2: C domain,2.288753981,9.862640986,6,E,1.070031369,0.121681064,0.51097458,Y,0.054130611,1,0.000111496,-3.18E-05,1.16E-05,372 Y,0,-1.452942534
309,373,E2: C domain,2.181743791,8.861745827,7,E,2.462310074,2.202409528,0.403746919,A,0.00050502,1,0.000877336,0.000158844,-5.16E-05,373 A,0,-0.667817174
309,373,E2: C domain,2.181743791,8.861745827,7,E,2.462310074,2.202409528,0.403746919,C,0.046445935,1,0.000877336,0.000158844,-5.16E-05,373 C,0,0.199409451
309,373,E2: C domain,2.181743791,8.861745827,7,E,2.462310074,2.202409528,0.403746919,D,0.053777193,1,0.000877336,0.000158844,-5.16E-05,373 D,0,-2.425766003
309,373,E2: C domain,2.181743791,8.861745827,7,E,2.462310074,2.202409528,0.403746919,E,0.185958402,1,NA,NA,NA,373 E,1,0
309,373,E2: C domain,2.181743791,8.861745827,7,E,2.462310074,2.202409528,0.403746919,F,0.204921625,1,-0.193369587,-0.635057712,-0.439894415,373 F,1,-3.53245112
309,373,E2: C domain,2.181743791,8.861745827,7,E,2.462310074,2.202409528,0.403746919,G,0.041305744,1,0.025591791,0.104462715,0.367631533,373 G,1,2.356460945
309,373,E2: C domain,2.181743791,8.861745827,7,E,2.462310074,2.202409528,0.403746919,H,0.000327211,1,0.000877336,0.000158844,-5.16E-05,373 H,0,-0.439826233
309,373,E2: C domain,2.181743791,8.861745827,7,E,2.462310074,2.202409528,0.403746919,I,0.000203082,1,0.000877336,0.000158844,-5.16E-05,373 I,0,0.640328578
309,373,E2: C domain,2.181743791,8.861745827,7,E,2.462310074,2.202409528,0.403746919,K,0.055566589,1,0.000877336,0.000158844,-5.16E-05,373 K,1,0.455735606
309,373,E2: C domain,2.181743791,8.861745827,7,E,2.462310074,2.202409528,0.403746919,L,0.000516745,1,0.000877336,0.000158844,-5.16E-05,373 L,0,-1.722898234
309,373,E2: C domain,2.181743791,8.861745827,7,E,2.462310074,2.202409528,0.403746919,M,0.000412319,1,0.000877336,0.000158844,-5.16E-05,373 M,0,-0.435203422
309,373,E2: C domain,2.181743791,8.861745827,7,E,2.462310074,2.202409528,0.403746919,N,0.000213618,1,0.000877336,0.000158844,-5.16E-05,373 N,0,-0.164358573
309,373,E2: C domain,2.181743791,8.861745827,7,E,2.462310074,2.202409528,0.403746919,P,6.12E-05,1,0.000877336,0.000158844,-5.16E-05,373 P,0,-0.115920541
309,373,E2: C domain,2.181743791,8.861745827,7,E,2.462310074,2.202409528,0.403746919,Q,0.049596804,1,0.000877336,0.000158844,-5.16E-05,373 Q,0,-0.987322229
309,373,E2: C domain,2.181743791,8.861745827,7,E,2.462310074,2.202409528,0.403746919,R,0.201603172,1,2.213245104,0.70523686,-0.258824262,373 R,1,0.344530028
309,373,E2: C domain,2.181743791,8.861745827,7,E,2.462310074,2.202409528,0.403746919,S,0.074530817,1,0.211190468,0.267172541,0.036115386,373 S,1,0.39099586
309,373,E2: C domain,2.181743791,8.861745827,7,E,2.462310074,2.202409528,0.403746919,T,0.046431814,1,-1.912046816,1.12331359,-2.483706244,373 T,1,1.863817141
309,373,E2: C domain,2.181743791,8.861745827,7,E,2.462310074,2.202409528,0.403746919,V,0.037059904,1,0.000877336,0.000158844,-5.16E-05,373 V,0,0.186395548
309,373,E2: C domain,2.181743791,8.861745827,7,E,2.462310074,2.202409528,0.403746919,W,0.000509456,1,0.000877336,0.000158844,-5.16E-05,373 W,0,-0.724561747
309,373,E2: C domain,2.181743791,8.861745827,7,E,2.462310074,2.202409528,0.403746919,Y,5.33E-05,1,0.000877336,0.000158844,-5.16E-05,373 Y,0,-0.343358004
310,374,E2: C domain,1.903934891,6.712254538,4,W,0.192990304,0,0,A,0.052174978,1,-4.71E-05,-4.50E-05,-3.92E-05,374 A,0,-0.288176642
310,374,E2: C domain,1.903934891,6.712254538,4,W,0.192990304,0,0,C,0.049299245,1,-4.71E-05,-4.50E-05,-3.92E-05,374 C,0,0.406262583
310,374,E2: C domain,1.903934891,6.712254538,4,W,0.192990304,0,0,D,0.001099213,1,-4.71E-05,-4.50E-05,-3.92E-05,374 D,0,-0.36503762
310,374,E2: C domain,1.903934891,6.712254538,4,W,0.192990304,0,0,E,0.050037051,1,-4.71E-05,-4.50E-05,-3.92E-05,374 E,0,-0.853379352
310,374,E2: C domain,1.903934891,6.712254538,4,W,0.192990304,0,0,F,0.000138502,1,-4.71E-05,-4.50E-05,-3.92E-05,374 F,0,-1.039517949
310,374,E2: C domain,1.903934891,6.712254538,4,W,0.192990304,0,0,G,0.000614007,1,-4.71E-05,-4.50E-05,-3.92E-05,374 G,0,1.293016151
310,374,E2: C domain,1.903934891,6.712254538,4,W,0.192990304,0,0,H,0.051594664,1,0.192990304,-2.360994261,-2.366716381,374 H,0,-0.463295925
310,374,E2: C domain,1.903934891,6.712254538,4,W,0.192990304,0,0,I,0.001544783,1,-4.71E-05,-4.50E-05,-3.92E-05,374 I,0,-0.355783499
310,374,E2: C domain,1.903934891,6.712254538,4,W,0.192990304,0,0,K,0.051697177,1,-4.71E-05,-4.50E-05,-3.92E-05,374 K,0,-0.176576645
310,374,E2: C domain,1.903934891,6.712254538,4,W,0.192990304,0,0,L,1.40E-05,1,-4.71E-05,-4.50E-05,-3.92E-05,374 L,0,-0.315365505
310,374,E2: C domain,1.903934891,6.712254538,4,W,0.192990304,0,0,M,0.048168981,1,-4.71E-05,-4.50E-05,-3.92E-05,374 M,0,0.067797526
310,374,E2: C domain,1.903934891,6.712254538,4,W,0.192990304,0,0,N,0.000331172,1,-4.71E-05,-4.50E-05,-3.92E-05,374 N,0,-0.120670144
310,374,E2: C domain,1.903934891,6.712254538,4,W,0.192990304,0,0,P,0.000119663,1,-4.71E-05,-4.50E-05,-3.92E-05,374 P,0,-0.315350577
310,374,E2: C domain,1.903934891,6.712254538,4,W,0.192990304,0,0,Q,0.00060521,1,-4.71E-05,-4.50E-05,-3.92E-05,374 Q,0,-0.374857138
310,374,E2: C domain,1.903934891,6.712254538,4,W,0.192990304,0,0,R,0.256042246,1,-0.781544427,-0.27852733,-0.386879396,374 R,1,0.316966919
310,374,E2: C domain,1.903934891,6.712254538,4,W,0.192990304,0,0,S,0.000117873,1,-4.71E-05,-4.50E-05,-3.92E-05,374 S,0,-0.012875523
310,374,E2: C domain,1.903934891,6.712254538,4,W,0.192990304,0,0,T,0.001552425,1,-4.71E-05,-4.50E-05,-3.92E-05,374 T,0,-0.933575501
310,374,E2: C domain,1.903934891,6.712254538,4,W,0.192990304,0,0,V,0.105776427,1,-4.677825375,-4.684009991,-2.410378855,374 V,1,-0.930414792
310,374,E2: C domain,1.903934891,6.712254538,4,W,0.192990304,0,0,W,0.328458715,1,NA,NA,NA,374 W,1,0
310,374,E2: C domain,1.903934891,6.712254538,4,W,0.192990304,0,0,Y,0.000613687,1,-4.71E-05,-4.50E-05,-3.92E-05,374 Y,0,0.339816045
311,375,E2: C domain,2.440393757,11.47755922,4,V,4.506427585,0.796588285,2.98956193,A,0.319615744,1,-0.412842924,-0.117505468,-0.475499691,375 A,1,-0.51549356
311,375,E2: C domain,2.440393757,11.47755922,4,V,4.506427585,0.796588285,2.98956193,C,0.050710295,1,1.88E-05,-4.12E-05,1.80E-05,375 C,0,0.043429283
311,375,E2: C domain,2.440393757,11.47755922,4,V,4.506427585,0.796588285,2.98956193,D,0.046867099,1,1.88E-05,-4.12E-05,1.80E-05,375 D,0,-0.033757965
311,375,E2: C domain,2.440393757,11.47755922,4,V,4.506427585,0.796588285,2.98956193,E,0.047384114,1,1.88E-05,-4.12E-05,1.80E-05,375 E,0,0.562845388
311,375,E2: C domain,2.440393757,11.47755922,4,V,4.506427585,0.796588285,2.98956193,F,0.04922216,1,1.88E-05,-4.12E-05,1.80E-05,375 F,0,0.023534825
311,375,E2: C domain,2.440393757,11.47755922,4,V,4.506427585,0.796588285,2.98956193,G,0.049506934,1,4.506127405,0.796588285,1.80E-05,375 G,0,-0.69664948
311,375,E2: C domain,2.440393757,11.47755922,4,V,4.506427585,0.796588285,2.98956193,H,0.052416649,1,1.88E-05,-4.12E-05,1.80E-05,375 H,0,-0.844056604
311,375,E2: C domain,2.440393757,11.47755922,4,V,4.506427585,0.796588285,2.98956193,I,1.48E-05,1,1.88E-05,-4.12E-05,1.80E-05,375 I,0,0.056801073
311,375,E2: C domain,2.440393757,11.47755922,4,V,4.506427585,0.796588285,2.98956193,K,0.050851729,1,1.88E-05,-4.12E-05,1.80E-05,375 K,0,0.057632865
311,375,E2: C domain,2.440393757,11.47755922,4,V,4.506427585,0.796588285,2.98956193,L,0.05083445,1,1.88E-05,-4.12E-05,1.80E-05,375 L,0,0.794823323
311,375,E2: C domain,2.440393757,11.47755922,4,V,4.506427585,0.796588285,2.98956193,M,0.003037326,1,1.88E-05,-4.12E-05,1.80E-05,375 M,1,-3.45021E-06
311,375,E2: C domain,2.440393757,11.47755922,4,V,4.506427585,0.796588285,2.98956193,N,0.05612951,1,1.88E-05,-4.12E-05,1.80E-05,375 N,0,-0.214899079
311,375,E2: C domain,2.440393757,11.47755922,4,V,4.506427585,0.796588285,2.98956193,P,1.06E-05,1,1.88E-05,-4.12E-05,1.80E-05,375 P,0,-0.328697793
311,375,E2: C domain,2.440393757,11.47755922,4,V,4.506427585,0.796588285,2.98956193,Q,0.006149773,1,-0.245366057,-3.117283769,2.989256757,375 Q,1,0.39739775
311,375,E2: C domain,2.440393757,11.47755922,4,V,4.506427585,0.796588285,2.98956193,R,4.23E-05,1,1.88E-05,-4.12E-05,1.80E-05,375 R,0,-0.116296839
311,375,E2: C domain,2.440393757,11.47755922,4,V,4.506427585,0.796588285,2.98956193,S,0.046348344,1,1.88E-05,-4.12E-05,1.80E-05,375 S,0,-0.414624074
311,375,E2: C domain,2.440393757,11.47755922,4,V,4.506427585,0.796588285,2.98956193,T,0.051463347,1,1.88E-05,-4.12E-05,1.80E-05,375 T,0,-0.229431645
311,375,E2: C domain,2.440393757,11.47755922,4,V,4.506427585,0.796588285,2.98956193,V,0.01921493,1,NA,NA,NA,375 V,1,0
311,375,E2: C domain,2.440393757,11.47755922,4,V,4.506427585,0.796588285,2.98956193,W,0.04932013,1,1.88E-05,-4.12E-05,1.80E-05,375 W,0,0.091619667
311,375,E2: C domain,2.440393757,11.47755922,4,V,4.506427585,0.796588285,2.98956193,Y,0.050859767,1,1.88E-05,-4.12E-05,1.80E-05,375 Y,0,-0.10177599
312,376,E2: C domain,2.494884992,12.1203395,7,T,4.40378568,6.053865858,0.592786615,A,0.118334756,1,0.10135519,-0.192135558,0.214869017,376 A,1,0.153246875
312,376,E2: C domain,2.494884992,12.1203395,7,T,4.40378568,6.053865858,0.592786615,C,0.244397002,1,-0.178039474,-0.29708426,-0.362232396,376 C,1,0.739542034
312,376,E2: C domain,2.494884992,12.1203395,7,T,4.40378568,6.053865858,0.592786615,D,0.050482081,1,0.000112713,0.00038474,-7.59E-05,376 D,0,-0.696586037
312,376,E2: C domain,2.494884992,12.1203395,7,T,4.40378568,6.053865858,0.592786615,E,0.000234367,1,0.000112713,0.00038474,-7.59E-05,376 E,0,-0.67817387
312,376,E2: C domain,2.494884992,12.1203395,7,T,4.40378568,6.053865858,0.592786615,F,0.047655271,1,0.000112713,0.00038474,-7.59E-05,376 F,0,-0.799934188
312,376,E2: C domain,2.494884992,12.1203395,7,T,4.40378568,6.053865858,0.592786615,G,0.025103602,1,0.113981851,0.820284586,-0.054316794,376 G,1,-1.118893234
312,376,E2: C domain,2.494884992,12.1203395,7,T,4.40378568,6.053865858,0.592786615,H,0.036736372,1,0.369973357,0.305515228,-0.01458366,376 H,1,-1.157438887
312,376,E2: C domain,2.494884992,12.1203395,7,T,4.40378568,6.053865858,0.592786615,I,7.24E-05,1,0.000112713,0.00038474,-7.59E-05,376 I,0,-0.7455575
312,376,E2: C domain,2.494884992,12.1203395,7,T,4.40378568,6.053865858,0.592786615,K,0.05223944,1,0.000112713,0.00038474,-7.59E-05,376 K,0,-0.052882357
312,376,E2: C domain,2.494884992,12.1203395,7,T,4.40378568,6.053865858,0.592786615,L,0.062888384,1,-0.223488269,0.1244524,-0.817880435,376 L,1,-0.095760268
312,376,E2: C domain,2.494884992,12.1203395,7,T,4.40378568,6.053865858,0.592786615,M,0.020205683,1,-0.546334671,0.102745639,0.377917598,376 M,1,-0.655565866
312,376,E2: C domain,2.494884992,12.1203395,7,T,4.40378568,6.053865858,0.592786615,N,0.051540887,1,0.000112713,0.00038474,-7.59E-05,376 N,0,0.134426553
312,376,E2: C domain,2.494884992,12.1203395,7,T,4.40378568,6.053865858,0.592786615,P,0.051843127,1,0.000112713,0.00038474,-7.59E-05,376 P,0,1.121238461
312,376,E2: C domain,2.494884992,12.1203395,7,T,4.40378568,6.053865858,0.592786615,Q,0.000425066,1,3.580303673,0.00038474,-7.59E-05,376 Q,0,-0.130172885
312,376,E2: C domain,2.494884992,12.1203395,7,T,4.40378568,6.053865858,0.592786615,R,0.00011392,1,0.236931768,4.696251127,-4.254765465,376 R,0,-0.428270097
312,376,E2: C domain,2.494884992,12.1203395,7,T,4.40378568,6.053865858,0.592786615,S,0.053315333,1,0.000112713,0.00038474,-7.59E-05,376 S,0,-3.06030056
312,376,E2: C domain,2.494884992,12.1203395,7,T,4.40378568,6.053865858,0.592786615,T,0.077336517,1,NA,NA,NA,376 T,1,0
312,376,E2: C domain,2.494884992,12.1203395,7,T,4.40378568,6.053865858,0.592786615,V,0.056317755,1,0.000112713,0.00038474,-7.59E-05,376 V,0,-0.415944266
312,376,E2: C domain,2.494884992,12.1203395,7,T,4.40378568,6.053865858,0.592786615,W,0.050694672,1,0.000112713,0.00038474,-7.59E-05,376 W,0,-0.319323472
312,376,E2: C domain,2.494884992,12.1203395,7,T,4.40378568,6.053865858,0.592786615,Y,6.33E-05,1,0.000112713,0.00038474,-7.59E-05,376 Y,0,-0.219111133
313,377,E2: C domain,2.796262223,16.38329508,9,H,8.315121696,7.640046536,4.947903792,A,0.005304192,1,-0.035049039,2.851763691,-0.388336021,377 A,1,-0.715744168
313,377,E2: C domain,2.796262223,16.38329508,9,H,8.315121696,7.640046536,4.947903792,C,1.94E-05,1,0.000335353,4.62E-05,0.000219721,377 C,0,0.066109807
313,377,E2: C domain,2.796262223,16.38329508,9,H,8.315121696,7.640046536,4.947903792,D,0.052813976,1,0.000335353,4.62E-05,0.000219721,377 D,0,-1.81413346
313,377,E2: C domain,2.796262223,16.38329508,9,H,8.315121696,7.640046536,4.947903792,E,0.047229204,1,0.000335353,4.62E-05,0.000219721,377 E,0,-0.296776605
313,377,E2: C domain,2.796262223,16.38329508,9,H,8.315121696,7.640046536,4.947903792,F,0.046995852,1,0.000335353,4.62E-05,0.000219721,377 F,0,-0.714338838
313,377,E2: C domain,2.796262223,16.38329508,9,H,8.315121696,7.640046536,4.947903792,G,0.004849981,1,-2.217322662,0.032862775,-0.042016185,377 G,1,-0.131395161
313,377,E2: C domain,2.796262223,16.38329508,9,H,8.315121696,7.640046536,4.947903792,H,0.044993059,1,NA,NA,NA,377 H,1,0
313,377,E2: C domain,2.796262223,16.38329508,9,H,8.315121696,7.640046536,4.947903792,I,0.052056478,1,0.000335353,4.62E-05,0.000219721,377 I,0,1.707003829
313,377,E2: C domain,2.796262223,16.38329508,9,H,8.315121696,7.640046536,4.947903792,K,0.055256711,1,0.000335353,4.62E-05,0.000219721,377 K,0,1.040007153
313,377,E2: C domain,2.796262223,16.38329508,9,H,8.315121696,7.640046536,4.947903792,L,0.022233657,1,0.003435623,-0.175891589,0.24275454,377 L,1,-0.525628164
313,377,E2: C domain,2.796262223,16.38329508,9,H,8.315121696,7.640046536,4.947903792,M,0.142118238,1,-0.004376089,-0.101096714,0.200736212,377 M,1,-0.440624954
313,377,E2: C domain,2.796262223,16.38329508,9,H,8.315121696,7.640046536,4.947903792,N,0.056434291,1,0.000335353,4.62E-05,0.000219721,377 N,0,3.080120899
313,377,E2: C domain,2.796262223,16.38329508,9,H,8.315121696,7.640046536,4.947903792,P,0.054534288,1,0.000335353,4.62E-05,0.000219721,377 P,0,-1.794370081
313,377,E2: C domain,2.796262223,16.38329508,9,H,8.315121696,7.640046536,4.947903792,Q,0.053176649,1,0.000335353,4.62E-05,0.000219721,377 Q,0,2.008961287
313,377,E2: C domain,2.796262223,16.38329508,9,H,8.315121696,7.640046536,4.947903792,R,0.064958134,1,3.909667652,-3.960165086,-3.966920575,377 R,1,-2.212316995
313,377,E2: C domain,2.796262223,16.38329508,9,H,8.315121696,7.640046536,4.947903792,S,0.053484885,1,0.000335353,4.62E-05,0.000219721,377 S,0,-1.092704362
313,377,E2: C domain,2.796262223,16.38329508,9,H,8.315121696,7.640046536,4.947903792,T,0.081743251,1,-2.296106185,0.496390725,-2.669649842,377 T,1,-0.523304329
313,377,E2: C domain,2.796262223,16.38329508,9,H,8.315121696,7.640046536,4.947903792,V,0.069825583,1,0.07201756,-0.164663757,0.150791355,377 V,1,1.434954672
313,377,E2: C domain,2.796262223,16.38329508,9,H,8.315121696,7.640046536,4.947903792,W,0.052694045,1,0.000335353,4.62E-05,0.000219721,377 W,0,0.121072053
313,377,E2: C domain,2.796262223,16.38329508,9,H,8.315121696,7.640046536,4.947903792,Y,0.039278117,1,4.326311977,4.258521029,4.35120475,377 Y,1,-1.413310672
314,378,E2: C domain,1.437952642,4.212063382,10,K,0.208203345,0,0,A,0.008731366,1,-0.433311377,-0.945046957,-0.250185313,378 A,1,-0.526151777
314,378,E2: C domain,1.437952642,4.212063382,10,K,0.208203345,0,0,C,0.002956436,1,-0.78368105,-3.241661753,-0.794952758,378 C,1,0.563731408
314,378,E2: C domain,1.437952642,4.212063382,10,K,0.208203345,0,0,D,4.16E-06,1,-0.409700684,-2.700491767,-2.707211102,378 D,0,0.496723116
314,378,E2: C domain,1.437952642,4.212063382,10,K,0.208203345,0,0,E,0.000762939,1,0.208203345,-0.531562272,-0.261639803,378 E,1,1.411390101
314,378,E2: C domain,1.437952642,4.212063382,10,K,0.208203345,0,0,F,0.002731254,1,-3.495824417,-0.435765287,-0.23347478,378 F,1,-0.425014897
314,378,E2: C domain,1.437952642,4.212063382,10,K,0.208203345,0,0,G,0.006095082,1,-1.012418216,-1.894230855,-1.272680033,378 G,1,-0.104662918
314,378,E2: C domain,1.437952642,4.212063382,10,K,0.208203345,0,0,H,1.93E-05,1,-0.001015829,-0.00128083,-0.000820339,378 H,0,-0.11840473
314,378,E2: C domain,1.437952642,4.212063382,10,K,0.208203345,0,0,I,4.50E-06,1,-0.001015829,-0.00128083,-0.000820339,378 I,0,3.348511834
314,378,E2: C domain,1.437952642,4.212063382,10,K,0.208203345,0,0,K,0.00916291,1,NA,NA,NA,378 K,1,0
314,378,E2: C domain,1.437952642,4.212063382,10,K,0.208203345,0,0,L,0.019138421,1,-0.536021896,-0.89524353,-0.191824708,378 L,1,-0.589724816
314,378,E2: C domain,1.437952642,4.212063382,10,K,0.208203345,0,0,M,0.050139552,1,-0.001015829,-0.00128083,-0.000820339,378 M,0,-1.088158735
314,378,E2: C domain,1.437952642,4.212063382,10,K,0.208203345,0,0,N,0.04882038,1,-0.001015829,-0.00128083,-0.000820339,378 N,0,-2.135426266
314,378,E2: C domain,1.437952642,4.212063382,10,K,0.208203345,0,0,P,6.77E-06,1,-0.001015829,-0.00128083,-0.000820339,378 P,0,-0.139154746
314,378,E2: C domain,1.437952642,4.212063382,10,K,0.208203345,0,0,Q,0.048982498,1,-0.001015829,-0.00128083,-0.000820339,378 Q,0,0.102935865
314,378,E2: C domain,1.437952642,4.212063382,10,K,0.208203345,0,0,R,0.002702503,1,-0.780226331,-0.25420429,-0.749320135,378 R,1,-0.272613235
314,378,E2: C domain,1.437952642,4.212063382,10,K,0.208203345,0,0,S,0.003430945,1,-0.802352113,-0.761006696,-0.216248201,378 S,1,0.607209318
314,378,E2: C domain,1.437952642,4.212063382,10,K,0.208203345,0,0,T,0.648086892,1,-0.881744041,-4.605824801,-1.115398809,378 T,1,0.357655415
314,378,E2: C domain,1.437952642,4.212063382,10,K,0.208203345,0,0,V,0.050263031,1,-0.001015829,-0.00128083,-0.000820339,378 V,0,-0.281468993
314,378,E2: C domain,1.437952642,4.212063382,10,K,0.208203345,0,0,W,0.050018421,1,-0.001015829,-0.00128083,-0.000820339,378 W,0,0.307124298
314,378,E2: C domain,1.437952642,4.212063382,10,K,0.208203345,0,0,Y,0.047942629,1,-0.001015829,-0.00128083,-0.000820339,378 Y,0,4.43289666
315,379,E2: C domain,1.759949675,5.812144892,11,K,0.679345832,0.021466036,4.477375397,A,0.000109741,1,-4.528947726,-4.519325229,-4.553761214,379 A,1,-1.192458846
315,379,E2: C domain,1.759949675,5.812144892,11,K,0.679345832,0.021466036,4.477375397,C,0.000782661,1,0.341486887,-3.025061926,-0.136364664,379 C,1,-4.039001326
315,379,E2: C domain,1.759949675,5.812144892,11,K,0.679345832,0.021466036,4.477375397,D,0.049356999,1,1.47E-05,-0.000698355,-0.000214654,379 D,0,-0.091513967
315,379,E2: C domain,1.759949675,5.812144892,11,K,0.679345832,0.021466036,4.477375397,E,0.171329641,1,-0.05664043,0.021466036,-0.070485578,379 E,1,2.852844687
315,379,E2: C domain,1.759949675,5.812144892,11,K,0.679345832,0.021466036,4.477375397,F,9.36E-07,1,1.47E-05,-0.000698355,-0.000214654,379 F,0,-0.887380634
315,379,E2: C domain,1.759949675,5.812144892,11,K,0.679345832,0.021466036,4.477375397,G,0.000327386,1,-0.642905171,-3.489339623,-0.448747482,379 G,1,-0.301224263
315,379,E2: C domain,1.759949675,5.812144892,11,K,0.679345832,0.021466036,4.477375397,H,0.057251523,1,1.47E-05,-0.000698355,-0.000214654,379 H,0,0.173751672
315,379,E2: C domain,1.759949675,5.812144892,11,K,0.679345832,0.021466036,4.477375397,I,0.470783747,1,0.139986196,-0.292409857,-0.236827729,379 I,1,-0.873877476
315,379,E2: C domain,1.759949675,5.812144892,11,K,0.679345832,0.021466036,4.477375397,K,0.001590169,1,NA,NA,NA,379 K,1,0
315,379,E2: C domain,1.759949675,5.812144892,11,K,0.679345832,0.021466036,4.477375397,L,0.000139389,1,0.090485768,-5.220189825,0.2968673,379 L,1,-2.188544344
315,379,E2: C domain,1.759949675,5.812144892,11,K,0.679345832,0.021466036,4.477375397,M,0.05315656,1,1.47E-05,-0.000698355,-0.000214654,379 M,0,2.314207268
315,379,E2: C domain,1.759949675,5.812144892,11,K,0.679345832,0.021466036,4.477375397,N,0.048344505,1,1.47E-05,-0.000698355,-0.000214654,379 N,0,0.001768296
315,379,E2: C domain,1.759949675,5.812144892,11,K,0.679345832,0.021466036,4.477375397,P,1.09E-06,1,1.47E-05,-0.000698355,-0.000214654,379 P,0,-0.228783209
315,379,E2: C domain,1.759949675,5.812144892,11,K,0.679345832,0.021466036,4.477375397,Q,0.048812398,1,1.47E-05,-0.000698355,-0.000214654,379 Q,0,-0.316093174
315,379,E2: C domain,1.759949675,5.812144892,11,K,0.679345832,0.021466036,4.477375397,R,0.00024984,1,1.47E-05,-0.000698355,4.180508096,379 R,1,3.305464975
315,379,E2: C domain,1.759949675,5.812144892,11,K,0.679345832,0.021466036,4.477375397,S,0.001030133,1,0.106571882,-0.186297903,-0.106452505,379 S,1,-0.099690058
315,379,E2: C domain,1.759949675,5.812144892,11,K,0.679345832,0.021466036,4.477375397,T,0.050057978,1,1.47E-05,-0.000698355,-0.000214654,379 T,0,0.626386861
315,379,E2: C domain,1.759949675,5.812144892,11,K,0.679345832,0.021466036,4.477375397,V,0.002683722,1,-0.309192411,-0.562795143,-0.018269625,379 V,1,-0.141227907
315,379,E2: C domain,1.759949675,5.812144892,11,K,0.679345832,0.021466036,4.477375397,W,0.001897205,1,0.000291019,-2.490427164,-1.099587066,379 W,1,-0.409464927
315,379,E2: C domain,1.759949675,5.812144892,11,K,0.679345832,0.021466036,4.477375397,Y,0.042094376,1,0.000391592,-4.365359545,-4.298229551,379 Y,0,-0.568673631
316,380,E2: C domain,2.084174548,8.037953797,10,E,1.793242923,8.45042662,1.758555306,A,0.000152858,1,0.000196406,0.000275002,6.53E-05,380 A,0,-1.03005761
316,380,E2: C domain,2.084174548,8.037953797,10,E,1.793242923,8.45042662,1.758555306,C,0.132218514,1,-0.195582968,-0.696562527,-0.404843657,380 C,1,-0.191453123
316,380,E2: C domain,2.084174548,8.037953797,10,E,1.793242923,8.45042662,1.758555306,D,9.87E-07,1,0.000196406,0.000275002,6.53E-05,380 D,0,4.282947623
316,380,E2: C domain,2.084174548,8.037953797,10,E,1.793242923,8.45042662,1.758555306,E,0.034222302,1,NA,NA,NA,380 E,1,0
316,380,E2: C domain,2.084174548,8.037953797,10,E,1.793242923,8.45042662,1.758555306,F,3.42E-05,1,0.000196406,3.255376991,6.53E-05,380 F,0,-0.326230413
316,380,E2: C domain,2.084174548,8.037953797,10,E,1.793242923,8.45042662,1.758555306,G,0.002333333,1,-0.223728358,0.140070403,0.416851132,380 G,1,2.585491734
316,380,E2: C domain,2.084174548,8.037953797,10,E,1.793242923,8.45042662,1.758555306,H,0.102471314,1,0.40641276,0.400757577,0.291905286,380 H,1,-1.530894188
316,380,E2: C domain,2.084174548,8.037953797,10,E,1.793242923,8.45042662,1.758555306,I,0.04746596,1,0.000196406,0.000275002,6.53E-05,380 I,0,-0.043934075
316,380,E2: C domain,2.084174548,8.037953797,10,E,1.793242923,8.45042662,1.758555306,K,0.370665432,1,0.000196406,0.000275002,6.53E-05,380 K,1,-1.113130533
316,380,E2: C domain,2.084174548,8.037953797,10,E,1.793242923,8.45042662,1.758555306,L,0.072697875,1,0.301544086,0.531894334,0.430975488,380 L,1,0.65811713
316,380,E2: C domain,2.084174548,8.037953797,10,E,1.793242923,8.45042662,1.758555306,M,0.048232497,1,0.000196406,0.000275002,6.53E-05,380 M,0,-0.105615874
316,380,E2: C domain,2.084174548,8.037953797,10,E,1.793242923,8.45042662,1.758555306,N,0.043917868,1,0.000196406,0.000275002,6.53E-05,380 N,0,0.706509868
316,380,E2: C domain,2.084174548,8.037953797,10,E,1.793242923,8.45042662,1.758555306,P,0.00845105,1,0.135826215,-0.998175002,-0.388177162,380 P,1,-0.005047198
316,380,E2: C domain,2.084174548,8.037953797,10,E,1.793242923,8.45042662,1.758555306,Q,0.051090058,1,0.000196406,0.000275002,6.53E-05,380 Q,0,1.731171028
316,380,E2: C domain,2.084174548,8.037953797,10,E,1.793242923,8.45042662,1.758555306,R,0.060978517,1,0.321561156,0.690017511,0.545315347,380 R,1,0.360049979
316,380,E2: C domain,2.084174548,8.037953797,10,E,1.793242923,8.45042662,1.758555306,S,0.021978174,1,0.62573824,0.892750494,0.07278977,380 S,1,0.222722442
316,380,E2: C domain,2.084174548,8.037953797,10,E,1.793242923,8.45042662,1.758555306,T,0.000109347,1,0.000196406,0.000275002,6.53E-05,380 T,0,-0.13368175
316,380,E2: C domain,2.084174548,8.037953797,10,E,1.793242923,8.45042662,1.758555306,V,1.44E-05,1,-3.785755168,-7.418222208,-7.452014059,380 V,0,2.181898555
316,380,E2: C domain,2.084174548,8.037953797,10,E,1.793242923,8.45042662,1.758555306,W,0.002952758,1,0.000196406,2.537084292,6.53E-05,380 W,1,-0.57959708
316,380,E2: C domain,2.084174548,8.037953797,10,E,1.793242923,8.45042662,1.758555306,Y,1.26E-05,1,0.000196406,0.000275002,6.53E-05,380 Y,0,1.994554916
317,381,E2: C domain,1.774242065,5.8958108,8,I,3.601942019,2.880382376,0.365367629,A,0.543924468,1,-2.359604804,0.096213255,-0.138574693,381 A,1,2.136400924
317,381,E2: C domain,1.774242065,5.8958108,8,I,3.601942019,2.880382376,0.365367629,C,0.014249687,1,-0.661464462,-0.612172708,-0.211668114,381 C,1,-0.845921045
317,381,E2: C domain,1.774242065,5.8958108,8,I,3.601942019,2.880382376,0.365367629,D,0.047268901,1,0.000116299,1.04E-05,1.94E-05,381 D,0,0.241288242
317,381,E2: C domain,1.774242065,5.8958108,8,I,3.601942019,2.880382376,0.365367629,E,0.006831707,1,-4.61495594,-2.281535521,-4.633365613,381 E,1,0.170865103
317,381,E2: C domain,1.774242065,5.8958108,8,I,3.601942019,2.880382376,0.365367629,F,0.037288045,1,0.023229191,0.491562842,0.214102035,381 F,1,-0.235965662
317,381,E2: C domain,1.774242065,5.8958108,8,I,3.601942019,2.880382376,0.365367629,G,0.000410691,1,0.000116299,1.04E-05,1.94E-05,381 G,0,0.601447282
317,381,E2: C domain,1.774242065,5.8958108,8,I,3.601942019,2.880382376,0.365367629,H,0.009916624,1,0.271804116,-2.257157437,-0.01497463,381 H,1,-1.327174472
317,381,E2: C domain,1.774242065,5.8958108,8,I,3.601942019,2.880382376,0.365367629,I,0.054527392,1,NA,NA,NA,381 I,1,0
317,381,E2: C domain,1.774242065,5.8958108,8,I,3.601942019,2.880382376,0.365367629,K,0.058914269,1,0.000116299,1.04E-05,1.94E-05,381 K,0,0.114807874
317,381,E2: C domain,1.774242065,5.8958108,8,I,3.601942019,2.880382376,0.365367629,L,0.049918946,1,0.000116299,1.04E-05,1.94E-05,381 L,0,0.518689629
317,381,E2: C domain,1.774242065,5.8958108,8,I,3.601942019,2.880382376,0.365367629,M,0.054903302,1,0.000116299,1.04E-05,1.94E-05,381 M,0,0.214217755
317,381,E2: C domain,1.774242065,5.8958108,8,I,3.601942019,2.880382376,0.365367629,N,0.050962924,1,0.000116299,1.04E-05,1.94E-05,381 N,0,-0.766689253
317,381,E2: C domain,1.774242065,5.8958108,8,I,3.601942019,2.880382376,0.365367629,P,2.03E-05,1,0.000116299,1.04E-05,1.94E-05,381 P,0,0.047953773
317,381,E2: C domain,1.774242065,5.8958108,8,I,3.601942019,2.880382376,0.365367629,Q,5.29E-05,1,0.000116299,1.04E-05,1.94E-05,381 Q,0,0.386034752
317,381,E2: C domain,1.774242065,5.8958108,8,I,3.601942019,2.880382376,0.365367629,R,7.72E-05,1,0.000116299,2.292491669,1.94E-05,381 R,0,0.210646014
317,381,E2: C domain,1.774242065,5.8958108,8,I,3.601942019,2.880382376,0.365367629,S,3.53E-05,1,0.000116299,1.04E-05,1.94E-05,381 S,0,-1.932808737
317,381,E2: C domain,1.774242065,5.8958108,8,I,3.601942019,2.880382376,0.365367629,T,0.02649134,1,0.144761321,-0.193936666,0.151032931,381 T,1,3.834953567
317,381,E2: C domain,1.774242065,5.8958108,8,I,3.601942019,2.880382376,0.365367629,V,0.002371929,1,3.160751805,-1.047155495,-1.050841017,381 V,1,0.158892495
317,381,E2: C domain,1.774242065,5.8958108,8,I,3.601942019,2.880382376,0.365367629,W,0.041633277,1,0.000116299,1.04E-05,1.94E-05,381 W,0,-0.632523885
317,381,E2: C domain,1.774242065,5.8958108,8,I,3.601942019,2.880382376,0.365367629,Y,0.00020077,1,0.000116299,1.04E-05,1.94E-05,381 Y,0,-0.610073916
318,382,E2: C domain,2.414745188,11.18691944,9,R,0.12109995,0.209702587,0.226150336,A,0.045899121,1,-0.000999085,-0.001316005,-0.000383966,382 A,0,-0.550476338
318,382,E2: C domain,2.414745188,11.18691944,9,R,0.12109995,0.209702587,0.226150336,C,0.047677561,1,-0.000999085,-0.001316005,-0.000383966,382 C,0,0.123279473
318,382,E2: C domain,2.414745188,11.18691944,9,R,0.12109995,0.209702587,0.226150336,D,0.061552992,1,-1.040171986,-2.069022303,-0.631093188,382 D,1,-2.323641135
318,382,E2: C domain,2.414745188,11.18691944,9,R,0.12109995,0.209702587,0.226150336,E,6.69E-05,1,-0.000999085,-0.001316005,-0.000383966,382 E,0,-1.051578036
318,382,E2: C domain,2.414745188,11.18691944,9,R,0.12109995,0.209702587,0.226150336,F,0.08579742,1,-0.25522852,0.209702587,0.030803211,382 F,1,0.018582017
318,382,E2: C domain,2.414745188,11.18691944,9,R,0.12109995,0.209702587,0.226150336,G,0.088822167,1,0.121099949,-0.119355238,-0.268343781,382 G,1,0.402834711
318,382,E2: C domain,2.414745188,11.18691944,9,R,0.12109995,0.209702587,0.226150336,H,0.038652828,1,-0.000999085,-0.001316005,-0.000383966,382 H,0,-0.266950924
318,382,E2: C domain,2.414745188,11.18691944,9,R,0.12109995,0.209702587,0.226150336,I,0.120680765,1,-0.120802843,-0.074617454,-0.036862905,382 I,1,0.078176171
318,382,E2: C domain,2.414745188,11.18691944,9,R,0.12109995,0.209702587,0.226150336,K,0.011904268,1,-0.000999085,-0.001316005,-0.000383966,382 K,1,1.522727826
318,382,E2: C domain,2.414745188,11.18691944,9,R,0.12109995,0.209702587,0.226150336,L,0.007940694,1,-2.720294758,-2.70470815,-2.728128768,382 L,1,0.455634557
318,382,E2: C domain,2.414745188,11.18691944,9,R,0.12109995,0.209702587,0.226150336,M,3.99E-06,1,-0.000999085,-0.001316005,-0.000383966,382 M,0,-3.796012975
318,382,E2: C domain,2.414745188,11.18691944,9,R,0.12109995,0.209702587,0.226150336,N,0.00023903,1,-0.000999085,-0.001316005,-0.000383966,382 N,0,-0.135134884
318,382,E2: C domain,2.414745188,11.18691944,9,R,0.12109995,0.209702587,0.226150336,P,2.68E-05,1,-0.000999085,-0.001316005,-0.000383966,382 P,0,-0.247759917
318,382,E2: C domain,2.414745188,11.18691944,9,R,0.12109995,0.209702587,0.226150336,Q,0.257818806,1,-0.139054377,-0.313257564,0.037404025,382 Q,1,-0.50035953
318,382,E2: C domain,2.414745188,11.18691944,9,R,0.12109995,0.209702587,0.226150336,R,0.039137786,1,NA,NA,NA,382 R,1,0
318,382,E2: C domain,2.414745188,11.18691944,9,R,0.12109995,0.209702587,0.226150336,S,3.47E-05,1,-0.000999085,-0.001316005,-0.000383966,382 S,0,-0.624193452
318,382,E2: C domain,2.414745188,11.18691944,9,R,0.12109995,0.209702587,0.226150336,T,0.045004171,1,-0.000999085,-0.001316005,-0.000383966,382 T,0,-0.534740703
318,382,E2: C domain,2.414745188,11.18691944,9,R,0.12109995,0.209702587,0.226150336,V,0.071994447,1,-0.130948664,-0.242253789,0.1579431,382 V,1,-1.198911273
318,382,E2: C domain,2.414745188,11.18691944,9,R,0.12109995,0.209702587,0.226150336,W,0.039731403,1,-0.000999085,-0.001316005,-0.000383966,382 W,0,-0.665237225
318,382,E2: C domain,2.414745188,11.18691944,9,R,0.12109995,0.209702587,0.226150336,Y,0.037014265,1,-0.000999085,-0.001316005,-0.000383966,382 Y,0,-0.638098482
319,383,E2: C domain,1.773149988,5.889375633,5,L,2.930449507,0.453244641,0,A,0.015252623,1,-0.052726484,-2.457164126,-0.046957763,383 A,1,0.229206193
319,383,E2: C domain,1.773149988,5.889375633,5,L,2.930449507,0.453244641,0,C,0.107886684,1,-0.114063673,-0.651538881,-0.016618739,383 C,1,-2.228682484
319,383,E2: C domain,1.773149988,5.889375633,5,L,2.930449507,0.453244641,0,D,0.000771362,1,5.39E-05,2.98E-05,-6.78E-05,383 D,0,-0.123111556
319,383,E2: C domain,1.773149988,5.889375633,5,L,2.930449507,0.453244641,0,E,0.000360083,1,5.39E-05,2.98E-05,-6.78E-05,383 E,0,0.028660905
319,383,E2: C domain,1.773149988,5.889375633,5,L,2.930449507,0.453244641,0,F,0.050450992,1,5.39E-05,2.98E-05,-6.78E-05,383 F,0,0.002619355
319,383,E2: C domain,1.773149988,5.889375633,5,L,2.930449507,0.453244641,0,G,0.000177946,1,5.39E-05,2.98E-05,-6.78E-05,383 G,0,0.040615829
319,383,E2: C domain,1.773149988,5.889375633,5,L,2.930449507,0.453244641,0,H,0.051784475,1,5.39E-05,2.98E-05,-6.78E-05,383 H,0,-0.256412401
319,383,E2: C domain,1.773149988,5.889375633,5,L,2.930449507,0.453244641,0,I,0.376212786,1,0.245913182,0.452796913,-0.501423453,383 I,1,-0.005692614
319,383,E2: C domain,1.773149988,5.889375633,5,L,2.930449507,0.453244641,0,K,0.000391271,1,2.321499354,2.98E-05,-6.78E-05,383 K,0,1.856967302
319,383,E2: C domain,1.773149988,5.889375633,5,L,2.930449507,0.453244641,0,L,0.144580672,1,NA,NA,NA,383 L,1,0
319,383,E2: C domain,1.773149988,5.889375633,5,L,2.930449507,0.453244641,0,M,0.063012209,1,5.39E-05,2.98E-05,-6.78E-05,383 M,0,-0.439222311
319,383,E2: C domain,1.773149988,5.889375633,5,L,2.930449507,0.453244641,0,N,0.000808568,1,5.39E-05,2.98E-05,-6.78E-05,383 N,0,0.132172388
319,383,E2: C domain,1.773149988,5.889375633,5,L,2.930449507,0.453244641,0,P,4.81E-05,1,5.39E-05,2.98E-05,-6.78E-05,383 P,0,-0.326961093
319,383,E2: C domain,1.773149988,5.889375633,5,L,2.930449507,0.453244641,0,Q,0.000494473,1,5.39E-05,2.98E-05,-6.78E-05,383 Q,0,0.123177338
319,383,E2: C domain,1.773149988,5.889375633,5,L,2.930449507,0.453244641,0,R,5.12E-05,1,5.39E-05,2.98E-05,-6.78E-05,383 R,0,0.601360625
319,383,E2: C domain,1.773149988,5.889375633,5,L,2.930449507,0.453244641,0,S,0.186918493,1,0.362281986,-0.371556639,-0.034817578,383 S,1,-0.08601719
319,383,E2: C domain,1.773149988,5.889375633,5,L,2.930449507,0.453244641,0,T,0.000138623,1,5.39E-05,2.98E-05,-6.78E-05,383 T,0,1.029178345
319,383,E2: C domain,1.773149988,5.889375633,5,L,2.930449507,0.453244641,0,V,8.38E-05,1,5.39E-05,2.98E-05,-6.78E-05,383 V,0,2.547100385
319,383,E2: C domain,1.773149988,5.889375633,5,L,2.930449507,0.453244641,0,W,8.88E-05,1,5.39E-05,2.98E-05,-6.78E-05,383 W,0,0.308568885
319,383,E2: C domain,1.773149988,5.889375633,5,L,2.930449507,0.453244641,0,Y,0.000486805,1,5.39E-05,2.98E-05,-6.78E-05,383 Y,0,-0.520207112
320,384,E2: C domain,2.566162213,13.01577669,13,T,1.612976477,2.543611157,0.638565319,A,0.097053776,1,0.253913196,0.052983004,0.113772227,384 A,1,0.347983114
320,384,E2: C domain,2.566162213,13.01577669,13,T,1.612976477,2.543611157,0.638565319,C,0.160346517,1,-0.531015889,1.187090106,-1.262218275,384 C,1,0.056038958
320,384,E2: C domain,2.566162213,13.01577669,13,T,1.612976477,2.543611157,0.638565319,D,0.051717242,1,-4.85E-05,-1.26E-05,-4.88E-05,384 D,0,-0.348234611
320,384,E2: C domain,2.566162213,13.01577669,13,T,1.612976477,2.543611157,0.638565319,E,0.118099727,1,-0.397949953,-0.525611772,0.05011704,384 E,1,0.847951164
320,384,E2: C domain,2.566162213,13.01577669,13,T,1.612976477,2.543611157,0.638565319,F,0.057751885,1,-4.85E-05,-1.26E-05,-4.88E-05,384 F,0,-0.216849747
320,384,E2: C domain,2.566162213,13.01577669,13,T,1.612976477,2.543611157,0.638565319,G,0.057983032,1,-4.85E-05,-1.26E-05,-4.88E-05,384 G,0,0.579626575
320,384,E2: C domain,2.566162213,13.01577669,13,T,1.612976477,2.543611157,0.638565319,H,3.73E-05,1,-4.85E-05,-1.26E-05,-4.88E-05,384 H,0,-0.281336606
320,384,E2: C domain,2.566162213,13.01577669,13,T,1.612976477,2.543611157,0.638565319,I,0.030345974,1,-0.55362924,-0.705113905,-0.258054976,384 I,1,0.957633049
320,384,E2: C domain,2.566162213,13.01577669,13,T,1.612976477,2.543611157,0.638565319,K,5.07E-05,1,-4.85E-05,-1.26E-05,-4.88E-05,384 K,0,-0.303325285
320,384,E2: C domain,2.566162213,13.01577669,13,T,1.612976477,2.543611157,0.638565319,L,0.074436954,1,0.075674434,-0.072523914,0.092080966,384 L,1,0.401176893
320,384,E2: C domain,2.566162213,13.01577669,13,T,1.612976477,2.543611157,0.638565319,M,0.042519459,1,0.067267892,0.113378062,-2.87416336,384 M,1,3.826017963
320,384,E2: C domain,2.566162213,13.01577669,13,T,1.612976477,2.543611157,0.638565319,N,0.070452209,1,-0.267967578,0.082004754,-0.064664536,384 N,1,-0.24433904
320,384,E2: C domain,2.566162213,13.01577669,13,T,1.612976477,2.543611157,0.638565319,P,0.015674815,1,-0.45829666,-0.084128134,-0.280804084,384 P,1,0.045670731
320,384,E2: C domain,2.566162213,13.01577669,13,T,1.612976477,2.543611157,0.638565319,Q,0.020873203,1,0.227985643,-2.618673798,0.051150847,384 Q,1,2.389333709
320,384,E2: C domain,2.566162213,13.01577669,13,T,1.612976477,2.543611157,0.638565319,R,0.004708029,1,-5.019007618,-5.000905607,-5.022456993,384 R,1,-0.821513272
320,384,E2: C domain,2.566162213,13.01577669,13,T,1.612976477,2.543611157,0.638565319,S,0.121923131,1,0.1109232,0.659532955,0.331444237,384 S,1,-0.455117669
320,384,E2: C domain,2.566162213,13.01577669,13,T,1.612976477,2.543611157,0.638565319,T,0.020900173,1,NA,NA,NA,384 T,1,0
320,384,E2: C domain,2.566162213,13.01577669,13,T,1.612976477,2.543611157,0.638565319,V,0.006961216,1,0.877212112,0.448622275,-0.012254656,384 V,1,1.958506297
320,384,E2: C domain,2.566162213,13.01577669,13,T,1.612976477,2.543611157,0.638565319,W,0.048125286,1,-4.85E-05,-1.26E-05,-4.88E-05,384 W,0,-0.220677268
320,384,E2: C domain,2.566162213,13.01577669,13,T,1.612976477,2.543611157,0.638565319,Y,3.93E-05,1,-4.85E-05,-1.26E-05,-4.88E-05,384 Y,0,-0.586006053
321,385,E2: C domain,1.927422568,6.871775865,5,V,0.431662648,0.016655978,0.563886489,A,0.078025511,1,0.070976284,0.016655978,0.024148666,385 A,1,-0.27303616
321,385,E2: C domain,1.927422568,6.871775865,5,V,0.431662648,0.016655978,0.563886489,C,0.348520334,1,-1.556687231,-1.353681169,-1.388567899,385 C,1,1.0201895
321,385,E2: C domain,1.927422568,6.871775865,5,V,0.431662648,0.016655978,0.563886489,D,0.051634943,1,-0.0006277,-0.000600144,-0.000428053,385 D,0,0.044873952
321,385,E2: C domain,1.927422568,6.871775865,5,V,0.431662648,0.016655978,0.563886489,E,0.051054928,1,-0.0006277,-0.000600144,-0.000428053,385 E,0,-0.330987454
321,385,E2: C domain,1.927422568,6.871775865,5,V,0.431662648,0.016655978,0.563886489,F,0.054082884,1,-0.0006277,-0.000600144,-0.000428053,385 F,0,-0.566795608
321,385,E2: C domain,1.927422568,6.871775865,5,V,0.431662648,0.016655978,0.563886489,G,0.000130231,1,-0.0006277,-0.000600144,-0.000428053,385 G,0,1.572799069
321,385,E2: C domain,1.927422568,6.871775865,5,V,0.431662648,0.016655978,0.563886489,H,0.052453117,1,-0.0006277,-0.000600144,-0.000428053,385 H,0,-0.010411044
321,385,E2: C domain,1.927422568,6.871775865,5,V,0.431662648,0.016655978,0.563886489,I,0.057112345,1,-0.0006277,-0.000600144,-0.000428053,385 I,0,-1.139473731
321,385,E2: C domain,1.927422568,6.871775865,5,V,0.431662648,0.016655978,0.563886489,K,0.001089654,1,-0.0006277,-0.000600144,-0.000428053,385 K,0,-0.493704908
321,385,E2: C domain,1.927422568,6.871775865,5,V,0.431662648,0.016655978,0.563886489,L,0.000269643,1,-0.0006277,-0.000600144,-0.000428053,385 L,0,-1.936795831
321,385,E2: C domain,1.927422568,6.871775865,5,V,0.431662648,0.016655978,0.563886489,M,0.048238154,1,-3.709229549,-0.345382089,0.539737823,385 M,1,0.000196581
321,385,E2: C domain,1.927422568,6.871775865,5,V,0.431662648,0.016655978,0.563886489,N,0.000961206,1,-0.0006277,-0.000600144,-0.000428053,385 N,0,0.093080419
321,385,E2: C domain,1.927422568,6.871775865,5,V,0.431662648,0.016655978,0.563886489,P,0.000337133,1,0.360686364,-2.345249724,-2.345077634,385 P,0,0.394471908
321,385,E2: C domain,1.927422568,6.871775865,5,V,0.431662648,0.016655978,0.563886489,Q,0.000224502,1,-0.0006277,-0.000600144,-0.000428053,385 Q,0,0.00286434
321,385,E2: C domain,1.927422568,6.871775865,5,V,0.431662648,0.016655978,0.563886489,R,7.66E-05,1,-0.0006277,-0.000600144,-0.000428053,385 R,0,-0.085767792
321,385,E2: C domain,1.927422568,6.871775865,5,V,0.431662648,0.016655978,0.563886489,S,0.015605797,1,-0.154131516,-0.578773058,-2.545722308,385 S,1,0.350358006
321,385,E2: C domain,1.927422568,6.871775865,5,V,0.431662648,0.016655978,0.563886489,T,0.000159062,1,-0.0006277,-0.000600144,-0.000428053,385 T,0,-0.206901157
321,385,E2: C domain,1.927422568,6.871775865,5,V,0.431662648,0.016655978,0.563886489,V,0.239742004,1,NA,NA,NA,385 V,1,0
321,385,E2: C domain,1.927422568,6.871775865,5,V,0.431662648,0.016655978,0.563886489,W,0.000171043,1,-0.0006277,-0.000600144,-0.000428053,385 W,0,-0.663894837
321,385,E2: C domain,1.927422568,6.871775865,5,V,0.431662648,0.016655978,0.563886489,Y,0.000110879,1,-0.0006277,-0.000600144,-0.000428053,385 Y,0,-0.098447313
322,386,E2: C domain,1.778323956,5.919926043,8,P,2.768127722,0.445956816,0.260958787,A,0.049118926,1,-0.000100792,-1.71E-05,2.02E-05,386 A,0,0.091190037
322,386,E2: C domain,1.778323956,5.919926043,8,P,2.768127722,0.445956816,0.260958787,C,0.049264354,1,-0.000100792,-1.71E-05,2.02E-05,386 C,0,0.046578343
322,386,E2: C domain,1.778323956,5.919926043,8,P,2.768127722,0.445956816,0.260958787,D,0.045887214,1,-0.000100792,-1.71E-05,2.02E-05,386 D,0,-0.035200379
322,386,E2: C domain,1.778323956,5.919926043,8,P,2.768127722,0.445956816,0.260958787,E,1.16E-06,1,-0.000100792,-1.71E-05,2.02E-05,386 E,0,-0.944753671
322,386,E2: C domain,1.778323956,5.919926043,8,P,2.768127722,0.445956816,0.260958787,F,6.51E-06,1,-0.000100792,-1.71E-05,2.02E-05,386 F,0,-0.635527491
322,386,E2: C domain,1.778323956,5.919926043,8,P,2.768127722,0.445956816,0.260958787,G,0.000701185,1,-2.520943605,-5.711411934,-2.784740128,386 G,1,2.782950585
322,386,E2: C domain,1.778323956,5.919926043,8,P,2.768127722,0.445956816,0.260958787,H,0.003477074,1,0.04281162,0.347093008,0.179562223,386 H,1,0.519815606
322,386,E2: C domain,1.778323956,5.919926043,8,P,2.768127722,0.445956816,0.260958787,I,0.046983514,1,-0.000100792,-1.71E-05,2.02E-05,386 I,0,-0.756967169
322,386,E2: C domain,1.778323956,5.919926043,8,P,2.768127722,0.445956816,0.260958787,K,0.053397865,1,-0.000100792,-1.71E-05,2.02E-05,386 K,0,1.170540544
322,386,E2: C domain,1.778323956,5.919926043,8,P,2.768127722,0.445956816,0.260958787,L,0.001102308,1,-0.127684851,-0.001067129,0.006916005,386 L,1,-2.678354094
322,386,E2: C domain,1.778323956,5.919926043,8,P,2.768127722,0.445956816,0.260958787,M,2.20E-06,1,2.50338849,-1.71E-05,2.02E-05,386 M,0,-0.756979491
322,386,E2: C domain,1.778323956,5.919926043,8,P,2.768127722,0.445956816,0.260958787,N,0.055172115,1,-0.000100792,-1.71E-05,2.02E-05,386 N,0,-1.251070041
322,386,E2: C domain,1.778323956,5.919926043,8,P,2.768127722,0.445956816,0.260958787,P,0.001424239,1,NA,NA,NA,386 P,1,0
322,386,E2: C domain,1.778323956,5.919926043,8,P,2.768127722,0.445956816,0.260958787,Q,6.22E-08,1,-0.000100792,-1.71E-05,2.02E-05,386 Q,0,-1.349988574
322,386,E2: C domain,1.778323956,5.919926043,8,P,2.768127722,0.445956816,0.260958787,R,0.183101831,1,-2.874807872,0.082938869,-5.629299184,386 R,1,-2.224073818
322,386,E2: C domain,1.778323956,5.919926043,8,P,2.768127722,0.445956816,0.260958787,S,0.002500681,1,-0.190834876,0.015924939,0.06611791,386 S,1,0.583658624
322,386,E2: C domain,1.778323956,5.919926043,8,P,2.768127722,0.445956816,0.260958787,T,0.45992855,1,-0.044235333,-0.078180195,0.008119986,386 T,1,0.283472088
322,386,E2: C domain,1.778323956,5.919926043,8,P,2.768127722,0.445956816,0.260958787,V,9.96E-06,1,-0.000100792,-1.71E-05,2.02E-05,386 V,0,-0.02537365
322,386,E2: C domain,1.778323956,5.919926043,8,P,2.768127722,0.445956816,0.260958787,W,0.002598953,1,0.221927611,-0.696052654,-0.036108276,386 W,1,-0.240954084
322,386,E2: C domain,1.778323956,5.919926043,8,P,2.768127722,0.445956816,0.260958787,Y,0.045321293,1,-0.000100792,-1.71E-05,2.02E-05,386 Y,0,-0.053606999
323,387,E2: C domain,2.475067868,11.88251353,8,T,1.353109189,1.659366054,1.418987769,A,0.030478122,1,-0.188370815,0.737842069,0.236540889,387 A,1,-0.489393551
323,387,E2: C domain,2.475067868,11.88251353,8,T,1.353109189,1.659366054,1.418987769,C,0.052290769,1,-6.62E-05,3.60E-05,3.61E-06,387 C,0,0.356925461
323,387,E2: C domain,2.475067868,11.88251353,8,T,1.353109189,1.659366054,1.418987769,D,0.048979945,1,-6.62E-05,3.60E-05,3.61E-06,387 D,0,-0.257028
323,387,E2: C domain,2.475067868,11.88251353,8,T,1.353109189,1.659366054,1.418987769,E,0.048792013,1,-6.62E-05,3.60E-05,3.61E-06,387 E,0,0.798379529
323,387,E2: C domain,2.475067868,11.88251353,8,T,1.353109189,1.659366054,1.418987769,F,0.000139296,1,-6.62E-05,3.60E-05,3.61E-06,387 F,0,-0.309895313
323,387,E2: C domain,2.475067868,11.88251353,8,T,1.353109189,1.659366054,1.418987769,G,2.11E-05,1,-6.62E-05,3.60E-05,3.61E-06,387 G,0,-0.270714334
323,387,E2: C domain,2.475067868,11.88251353,8,T,1.353109189,1.659366054,1.418987769,H,0.03884665,1,0.506262606,-0.610437866,-0.583312434,387 H,1,1.472198531
323,387,E2: C domain,2.475067868,11.88251353,8,T,1.353109189,1.659366054,1.418987769,I,0.305273796,1,0.023341587,-0.404514365,0.058397976,387 I,1,0.748848524
323,387,E2: C domain,2.475067868,11.88251353,8,T,1.353109189,1.659366054,1.418987769,K,0.048589156,1,0.305661989,0.083165414,0.466923644,387 K,1,-3.546174185
323,387,E2: C domain,2.475067868,11.88251353,8,T,1.353109189,1.659366054,1.418987769,L,4.30E-05,1,-6.62E-05,3.60E-05,3.61E-06,387 L,0,0.048545232
323,387,E2: C domain,2.475067868,11.88251353,8,T,1.353109189,1.659366054,1.418987769,M,0.049291926,1,-6.62E-05,3.60E-05,3.61E-06,387 M,0,0.230708029
323,387,E2: C domain,2.475067868,11.88251353,8,T,1.353109189,1.659366054,1.418987769,N,0.049560921,1,-6.62E-05,3.60E-05,3.61E-06,387 N,0,-4.141124971
323,387,E2: C domain,2.475067868,11.88251353,8,T,1.353109189,1.659366054,1.418987769,P,0.051542325,1,-6.62E-05,3.60E-05,3.61E-06,387 P,0,-0.530739011
323,387,E2: C domain,2.475067868,11.88251353,8,T,1.353109189,1.659366054,1.418987769,Q,0.047547136,1,-6.62E-05,3.60E-05,3.61E-06,387 Q,0,0.16997993
323,387,E2: C domain,2.475067868,11.88251353,8,T,1.353109189,1.659366054,1.418987769,R,0.044083028,1,-0.71984976,-0.211138271,-0.585600947,387 R,1,-0.158018314
323,387,E2: C domain,2.475067868,11.88251353,8,T,1.353109189,1.659366054,1.418987769,S,0.076198982,1,0.517843007,0.837927145,0.470361404,387 S,1,1.692225829
323,387,E2: C domain,2.475067868,11.88251353,8,T,1.353109189,1.659366054,1.418987769,T,0.020003007,1,NA,NA,NA,387 T,1,0
323,387,E2: C domain,2.475067868,11.88251353,8,T,1.353109189,1.659366054,1.418987769,V,4.67E-05,1,-6.62E-05,3.60E-05,3.61E-06,387 V,0,-0.76412833
323,387,E2: C domain,2.475067868,11.88251353,8,T,1.353109189,1.659366054,1.418987769,W,0.037934873,1,-0.24866784,-0.179512497,0.186720596,387 W,1,-0.807338285
323,387,E2: C domain,2.475067868,11.88251353,8,T,1.353109189,1.659366054,1.418987769,Y,0.050337234,1,-6.62E-05,3.60E-05,3.61E-06,387 Y,0,0.199079727
324,388,E2: C domain,1.968782003,7.161947944,11,E,7.16121977,1.32107707,10.32994859,A,4.02E-05,1,9.01E-05,6.44E-05,0.00054844,388 A,0,-0.834339077
324,388,E2: C domain,1.968782003,7.161947944,11,E,7.16121977,1.32107707,10.32994859,C,0.051807813,1,9.01E-05,6.44E-05,0.00054844,388 C,0,-0.014222618
324,388,E2: C domain,1.968782003,7.161947944,11,E,7.16121977,1.32107707,10.32994859,D,0.055133281,1,9.01E-05,6.44E-05,0.00054844,388 D,0,0.029860062
324,388,E2: C domain,1.968782003,7.161947944,11,E,7.16121977,1.32107707,10.32994859,E,0.018688267,1,NA,NA,NA,388 E,1,0
324,388,E2: C domain,1.968782003,7.161947944,11,E,7.16121977,1.32107707,10.32994859,F,2.73E-05,1,9.01E-05,6.44E-05,0.00054844,388 F,0,-0.479519356
324,388,E2: C domain,1.968782003,7.161947944,11,E,7.16121977,1.32107707,10.32994859,G,0.005790391,1,-0.323228511,-0.339316672,-0.123740608,388 G,1,0.89390852
324,388,E2: C domain,1.968782003,7.161947944,11,E,7.16121977,1.32107707,10.32994859,H,0.046343018,1,9.01E-05,6.44E-05,0.00054844,388 H,0,-0.392188401
324,388,E2: C domain,1.968782003,7.161947944,11,E,7.16121977,1.32107707,10.32994859,I,0.502712871,1,-0.172121463,0.276506924,-2.235637912,388 I,1,-0.880388695
324,388,E2: C domain,1.968782003,7.161947944,11,E,7.16121977,1.32107707,10.32994859,K,0.014464661,1,4.579490316,6.44E-05,4.751514641,388 K,1,1.586577071
324,388,E2: C domain,1.968782003,7.161947944,11,E,7.16121977,1.32107707,10.32994859,L,0.013727702,1,-0.852661761,-0.961669825,-0.213675191,388 L,1,-0.890510789
324,388,E2: C domain,1.968782003,7.161947944,11,E,7.16121977,1.32107707,10.32994859,M,0.041271644,1,9.01E-05,6.44E-05,0.00054844,388 M,0,-0.011590189
324,388,E2: C domain,1.968782003,7.161947944,11,E,7.16121977,1.32107707,10.32994859,N,0.004239435,1,-0.49712411,-0.052551772,-0.222975639,388 N,1,0.123543626
324,388,E2: C domain,1.968782003,7.161947944,11,E,7.16121977,1.32107707,10.32994859,P,0.047856789,1,9.01E-05,6.44E-05,0.00054844,388 P,0,-0.382907612
324,388,E2: C domain,1.968782003,7.161947944,11,E,7.16121977,1.32107707,10.32994859,Q,0.030424797,1,-0.216989659,-3.078160468,-0.275097502,388 Q,1,3.378897764
324,388,E2: C domain,1.968782003,7.161947944,11,E,7.16121977,1.32107707,10.32994859,R,0.016949762,1,0.122356744,-0.952758419,0.200102081,388 R,1,-1.595355614
324,388,E2: C domain,1.968782003,7.161947944,11,E,7.16121977,1.32107707,10.32994859,S,0.028231337,1,-0.246349531,0.101661112,0.535519789,388 S,1,1.157352963
324,388,E2: C domain,1.968782003,7.161947944,11,E,7.16121977,1.32107707,10.32994859,T,6.46E-05,1,9.01E-05,6.44E-05,0.00054844,388 T,0,-0.358637873
324,388,E2: C domain,1.968782003,7.161947944,11,E,7.16121977,1.32107707,10.32994859,V,0.009997827,1,2.458561516,6.44E-05,4.837876122,388 V,1,-0.936590482
324,388,E2: C domain,1.968782003,7.161947944,11,E,7.16121977,1.32107707,10.32994859,W,0.041839434,1,9.01E-05,6.44E-05,0.00054844,388 W,0,-0.165426243
324,388,E2: C domain,1.968782003,7.161947944,11,E,7.16121977,1.32107707,10.32994859,Y,0.070388886,1,-0.279694539,0.942200329,-0.08509835,388 Y,1,1.285934915
325,389,E2: C domain,0.770366489,2.16055793,3,G,3.094612474,2.592339333,0,A,0.000469217,1,2.81E-05,5.19E-06,-1.69E-05,389 A,0,-1.845750447
325,389,E2: C domain,0.770366489,2.16055793,3,G,3.094612474,2.592339333,0,C,0.00025174,1,2.81E-05,5.19E-06,-1.69E-05,389 C,0,-0.200695018
325,389,E2: C domain,0.770366489,2.16055793,3,G,3.094612474,2.592339333,0,D,0.000438927,1,2.81E-05,5.19E-06,-1.69E-05,389 D,0,-0.923832491
325,389,E2: C domain,0.770366489,2.16055793,3,G,3.094612474,2.592339333,0,E,0.000317828,1,2.81E-05,5.19E-06,-1.69E-05,389 E,0,0.074867863
325,389,E2: C domain,0.770366489,2.16055793,3,G,3.094612474,2.592339333,0,F,0.049953097,1,2.81E-05,5.19E-06,-1.69E-05,389 F,0,0.047768201
325,389,E2: C domain,0.770366489,2.16055793,3,G,3.094612474,2.592339333,0,G,0.813285328,1,NA,NA,NA,389 G,1,0
325,389,E2: C domain,0.770366489,2.16055793,3,G,3.094612474,2.592339333,0,H,0.000787754,1,2.81E-05,5.19E-06,-1.69E-05,389 H,0,-0.063422604
325,389,E2: C domain,0.770366489,2.16055793,3,G,3.094612474,2.592339333,0,I,0.000942276,1,2.81E-05,5.19E-06,-1.69E-05,389 I,0,-0.111972764
325,389,E2: C domain,0.770366489,2.16055793,3,G,3.094612474,2.592339333,0,K,0.049087033,1,2.81E-05,5.19E-06,-1.69E-05,389 K,1,-0.329541905
325,389,E2: C domain,0.770366489,2.16055793,3,G,3.094612474,2.592339333,0,L,9.69E-05,1,2.81E-05,5.19E-06,-1.69E-05,389 L,0,0.153686476
325,389,E2: C domain,0.770366489,2.16055793,3,G,3.094612474,2.592339333,0,M,0.000468709,1,2.81E-05,5.19E-06,-1.69E-05,389 M,0,-0.541704112
325,389,E2: C domain,0.770366489,2.16055793,3,G,3.094612474,2.592339333,0,N,0.000613732,1,2.81E-05,5.19E-06,-1.69E-05,389 N,0,0.062632343
325,389,E2: C domain,0.770366489,2.16055793,3,G,3.094612474,2.592339333,0,P,0.000342193,1,2.81E-05,5.19E-06,-1.69E-05,389 P,0,0.112640527
325,389,E2: C domain,0.770366489,2.16055793,3,G,3.094612474,2.592339333,0,Q,0.000591451,1,-2.438146853,-2.415175219,-2.432082001,389 Q,0,-0.188429039
325,389,E2: C domain,0.770366489,2.16055793,3,G,3.094612474,2.592339333,0,R,0.023130917,1,2.81E-05,5.19E-06,-1.69E-05,389 R,1,-0.851205559
325,389,E2: C domain,0.770366489,2.16055793,3,G,3.094612474,2.592339333,0,S,0.000155131,1,3.094134209,2.592251103,-1.69E-05,389 S,0,1.143601459
325,389,E2: C domain,0.770366489,2.16055793,3,G,3.094612474,2.592339333,0,T,0.000878025,1,2.81E-05,5.19E-06,-1.69E-05,389 T,0,-0.412923215
325,389,E2: C domain,0.770366489,2.16055793,3,G,3.094612474,2.592339333,0,V,9.71E-05,1,2.81E-05,5.19E-06,-1.69E-05,389 V,0,-0.142613953
325,389,E2: C domain,0.770366489,2.16055793,3,G,3.094612474,2.592339333,0,W,0.057396647,1,2.81E-05,5.19E-06,-1.69E-05,389 W,0,-4.16992E-05
325,389,E2: C domain,0.770366489,2.16055793,3,G,3.094612474,2.592339333,0,Y,0.000696026,1,2.81E-05,5.19E-06,-1.69E-05,389 Y,0,0.110671494